{"chunk_definitions":[{"row":40,"row_count":1,"visible":true,"expansion_state":0,"options":{"engine":"r","label":"carga-librerias","message":false,"echo":true,"output":false,"dev":"png"},"document_id":"AC3EADBB","chunk_id":"cqnav4zd60juq","chunk_label":"carga-librerias"},{"row":62,"row_count":1,"visible":true,"expansion_state":0,"options":{"engine":"r","label":"Seleccion-variables","echo":false,"warning":false,"output":false,"dev":"png"},"document_id":"AC3EADBB","chunk_id":"ck2rj51aq9cm0","chunk_label":"Seleccion-variables"},{"row":106,"row_count":1,"visible":true,"expansion_state":0,"options":{"engine":"r","label":"Correlaciones","title":"Correlaciones","echo":false,"warning":false,"dev":"png"},"document_id":"AC3EADBB","chunk_id":"cq52a68hybx5q","chunk_label":"Correlaciones"},{"row":145,"row_count":1,"visible":true,"expansion_state":0,"options":{"engine":"r","label":"unnamed-chunk-3","title":"ACP de las variables cuantitativas","echo":true,"output":true,"dev":"png"},"document_id":"AC3EADBB","chunk_id":"cd4ru2w58pou5","chunk_label":"unnamed-chunk-1"},{"row":212,"row_count":1,"visible":true,"expansion_state":0,"options":{"engine":"r","label":"unnamed-chunk-4","title":"Primer eje","echo":false,"dev":"png"},"document_id":"AC3EADBB","chunk_id":"c8kck9key0jso","chunk_label":"unnamed-chunk-2"},{"row":242,"row_count":1,"visible":true,"expansion_state":0,"options":{"engine":"r","label":"unnamed-chunk-5","title":"Cuarto eje","echo":false,"dev":"png"},"document_id":"AC3EADBB","chunk_id":"cpbjvtmfhf0q4","chunk_label":"unnamed-chunk-5"},{"row":252,"row_count":1,"visible":true,"expansion_state":0,"options":{"engine":"r","label":"unnamed-chunk-6","title":"Quinto eje","echo":false,"dev":"png"},"document_id":"AC3EADBB","chunk_id":"cddj2azlvtz79","chunk_label":"unnamed-chunk-6"},{"row":262,"row_count":1,"visible":true,"expansion_state":0,"options":{"engine":"r","label":"unnamed-chunk-7","title":"Sexto eje","echo":false,"dev":"png"},"document_id":"AC3EADBB","chunk_id":"caz1wp0dq3be5","chunk_label":"unnamed-chunk-7"},{"row":270,"row_count":1,"visible":true,"expansion_state":0,"options":{"engine":"r","label":"unnamed-chunk-4","title":"Septimo eje","echo":false,"dev":"png"},"document_id":"43F3CBC2","chunk_id":"c55v9tb8t9d0o","chunk_label":"unnamed-chunk-8"},{"row":350,"row_count":1,"visible":true,"expansion_state":0,"options":{"engine":"r","label":"unnamed-chunk-8","title":"Sexto eje","echo":false,"dev":"png"},"document_id":"AC3EADBB","chunk_id":"ct7ie6rn9bi1w","chunk_label":"unnamed-chunk-16"},{"row":402,"row_count":1,"visible":true,"expansion_state":0,"options":{"engine":"r","label":"unnamed-chunk-9","title":"Ejes 1-2","echo":false,"dev":"png"},"document_id":"AC3EADBB","chunk_id":"c3k3u3xmfsypr","chunk_label":"unnamed-chunk-20"},{"row":477,"row_count":1,"visible":true,"expansion_state":0,"options":{"engine":"r","label":"individuos23","echo":false,"dev":"png"},"document_id":"43F3CBC2","chunk_id":"cp654ob163la4","chunk_label":"individuos23"},{"row":685,"row_count":1,"visible":true,"expansion_state":0,"options":{"engine":"r","label":"unnamed-chunk-11","echo":false,"dev":"png"},"document_id":"AC3EADBB","chunk_id":"ck6n0y4cm7i7l","chunk_label":"unnamed-chunk-23"},{"row":1388,"row_count":1,"visible":true,"expansion_state":0,"options":{"engine":"r","label":"unnamed-chunk-14","title":"ACP 2 Ejes 1-3","echo":false,"dev":"png"},"document_id":"43F3CBC2","chunk_id":"c6qv8mbc5vdz0","chunk_label":"unnamed-chunk-68"},{"row":1614,"row_count":1,"visible":true,"expansion_state":0,"options":{"engine":"r","label":"unnamed-chunk-6","title":"ACP4 Ejes 6-1","echo":false,"dev":"png"},"document_id":"43F3CBC2","chunk_id":"cgnf7f64gf3k8","chunk_label":"unnamed-chunk-73"},{"row":1627,"row_count":1,"visible":true,"expansion_state":0,"options":{"engine":"r","label":"unnamed-chunk-9","title":"AC1 Ejes 6-2","echo":false,"dev":"png"},"document_id":"43F3CBC2","chunk_id":"cytg410bghmyv","chunk_label":"unnamed-chunk-74"},{"row":1637,"row_count":1,"visible":true,"expansion_state":0,"options":{"engine":"r","label":"unnamed-chunk-19","title":"ACP 4 Ejes 6-3","echo":false,"dev":"png"},"document_id":"43F3CBC2","chunk_id":"ccobbzt44pjrz","chunk_label":"unnamed-chunk-75"},{"row":1665,"row_count":1,"visible":true,"expansion_state":0,"options":{"engine":"r","label":"individuos61 ACP4","echo":false,"dev":"png"},"document_id":"43F3CBC2","chunk_id":"csg94u073ysx0","chunk_label":"individuos61 ACP4"},{"row":1686,"row_count":1,"visible":true,"expansion_state":0,"options":{"engine":"r","label":"individuos62 ACP4","echo":false,"dev":"png"},"document_id":"43F3CBC2","chunk_id":"c1tx7gbilyw4l","chunk_label":"individuos62 ACP4"},{"row":1706,"row_count":1,"visible":true,"expansion_state":0,"options":{"engine":"r","label":"individuos63 ACP4","echo":false,"dev":"png"},"document_id":"43F3CBC2","chunk_id":"cwurwk11yw64p","chunk_label":"individuos63 ACP4"}],"doc_write_time":1723698198}