"0","#| label: contribucion-correlacion2-ventil"
"0","#| echo: false"
"0","#| warning: false"
"0","#| output: true"
"0",""
"0","# Crear el gráfico ggplot"
"0","gg <- ggplot(data = acm_ventil$var$eta2, aes(x = !!sym(""Dim 2""), y = !!sym(""Dim 3""), label = rownames(acm_ventil$var$eta2), text = rownames(acm_ventil$var$eta2))) +"
"0","  geom_point(size=0.75,shape=75,colour=""blue3"") +  # Añadir los puntos"
"0","  geom_text_repel(aes(label = rownames(acm_ventil$var$eta2)), size = 3) +  # Añadir las etiquetas"
"0","  theme_minimal() +  # Aplicar un tema minimalista"
"0","  labs(title = ""MCA Ventil - Correlación de variables"", "
"0","       x = ""Dim 2"", y = ""Dim 3"")+  # Añadir títulos y etiquetas"
"0","scale_x_continuous(expand = c(0, 0), limits = c(-0.1, 1), breaks = seq(-0.1, 1, by = 0.1)) +  # Ajustar los límites del eje x"
"0","  scale_y_continuous(expand = c(0, 0), limits = c(-0.1, 1), breaks = seq(-0.1, 1, by = 0.1)) +  # Ajustar los límites del eje y"
"0","  geom_hline(yintercept = 0, linetype = ""dashed"", color = ""gray50"") +  # Añadir línea horizontal en y = 0"
"0","  geom_vline(xintercept = 0, linetype = ""dashed"", color = ""gray50"")    # Añadir línea vertical en x = 0"
"0",""
"0","# Convertir el gráfico ggplot a plotly y mostrar el nombre de la variable al pasar el mouse"
"0","ggplotly(gg, tooltip = ""text"")"
