{"chunk_definitions":[{"row":38,"row_count":1,"visible":true,"expansion_state":0,"options":{"engine":"r","label":"carga-librerias","message":false,"echo":false,"output":false,"dev":"png"},"document_id":"ECD70C74","chunk_id":"cfthxxan8dkpa","chunk_label":"carga-librerias"},{"row":54,"row_count":1,"visible":true,"expansion_state":0,"options":{"engine":"r","label":"Seleccion-variables","echo":false,"warning":false,"output":false,"dev":"png"},"document_id":"ECD70C74","chunk_id":"cmes9sx7oz4us","chunk_label":"Seleccion-variables"},{"row":65,"row_count":1,"visible":true,"expansion_state":0,"options":{"engine":"r","label":"Tabla-disyuntiva-completa1","echo":false,"warning":false,"output":false,"dev":"png"},"document_id":"ECD70C74","chunk_id":"cedy90l17g04d","chunk_label":"Tabla-disyuntiva-completa1"},{"row":77,"row_count":1,"visible":true,"expansion_state":0,"options":{"engine":"r","label":"Tabla-disyuntiva-completa-visualizacion","echo":false,"warning":false,"output":true,"dev":"png"},"document_id":"ECD70C74","chunk_id":"cjb38cb89rp7n","chunk_label":"Tabla-disyuntiva-completa-visualizacion"},{"row":138,"row_count":1,"visible":true,"expansion_state":0,"options":{"engine":"r","label":"funcion-interactive","echo":false,"warning":false,"output":false,"dev":"png"},"document_id":"ECD70C74","chunk_id":"c3b4rpql0da6a","chunk_label":"funcion-interactive"},{"row":147,"row_count":1,"visible":true,"expansion_state":0,"options":{"engine":"r","label":"MCA1","echo":true,"output":false,"dev":"png"},"document_id":"ECD70C74","chunk_id":"c9o7b0o5iwuqp","chunk_label":"MCA1"},{"row":164,"row_count":1,"visible":true,"expansion_state":0,"options":{"engine":"r","label":"unnamed-chunk-29","echo":false,"fig.cap":null,"fig.align":"center","fig.width":5.5,"fig.height":5,"dev":"png"},"document_id":"ECD70C74","chunk_id":"cv8f11m3icis3","chunk_label":"unnamed-chunk-1"},{"row":173,"row_count":1,"visible":true,"expansion_state":0,"options":{"engine":"r","label":"unnamed-chunk-28","echo":false,"fig.cap":null,"fig.align":"center","fig.width":5.5,"fig.height":5,"dev":"png"},"document_id":"ECD70C74","chunk_id":"c218vwjk9qzhi","chunk_label":"unnamed-chunk-2"},{"row":183,"row_count":1,"visible":true,"expansion_state":0,"options":{"engine":"r","label":"unnamed-chunk-30","echo":false,"fig.cap":null,"fig.align":"center","fig.width":5.5,"fig.height":5,"dev":"png"},"document_id":"ECD70C74","chunk_id":"c9y3yc8yymvcy","chunk_label":"unnamed-chunk-3"},{"row":199,"row_count":1,"visible":true,"expansion_state":0,"options":{"engine":"r","label":"unnamed-chunk-12","echo":false,"fig.cap":null,"fig.align":"center","fig.width":5.5,"fig.height":5,"dev":"png"},"document_id":"ECD70C74","chunk_id":"ciby8o5vs5cae","chunk_label":"unnamed-chunk-4"},{"row":212,"row_count":1,"visible":true,"expansion_state":0,"options":{"engine":"r","label":"unnamed-chunk-26","echo":false,"fig.cap":null,"fig.align":"center","fig.width":5.5,"fig.height":5,"dev":"png"},"document_id":"ECD70C74","chunk_id":"ccy2ch5hci6ym","chunk_label":"unnamed-chunk-5"},{"row":222,"row_count":1,"visible":true,"expansion_state":0,"options":{"engine":"r","label":"unnamed-chunk-27","echo":false,"fig.cap":null,"fig.align":"center","fig.width":5.5,"fig.height":5,"dev":"png"},"document_id":"ECD70C74","chunk_id":"cug4pad5q9wb3","chunk_label":"unnamed-chunk-6"},{"row":254,"row_count":1,"visible":true,"expansion_state":0,"options":{"engine":"r","label":"unnamed-chunk-159","dev":"png"},"document_id":"ECD70C74","chunk_id":"c01sl8aut8555","chunk_label":"screeplot1"},{"row":267,"row_count":1,"visible":true,"expansion_state":0,"options":{"engine":"r","label":"contribacm1","echo":false,"output":true,"dev":"png"},"document_id":"ECD70C74","chunk_id":"ctpfhglhkwpwm","chunk_label":"contribacm1"},{"row":317,"row_count":1,"visible":true,"expansion_state":0,"options":{"engine":"r","label":"contribucion-correlacion","echo":false,"output":true,"dev":"png"},"document_id":"ECD70C74","chunk_id":"c8lqe276f69x8","chunk_label":"contribucion-correlacion"},{"row":337,"row_count":1,"visible":true,"expansion_state":0,"options":{"engine":"r","label":"contribucion-correlacion2","echo":false,"output":true,"dev":"png"},"document_id":"ECD70C74","chunk_id":"cvo3f1ckem5j2","chunk_label":"contribucion-correlacion2"},{"row":354,"row_count":1,"visible":true,"expansion_state":0,"options":{"engine":"r","label":"contribucion-correlacion3","echo":false,"output":true,"dev":"png"},"document_id":"ECD70C74","chunk_id":"c0tagytdn3oru","chunk_label":"contribucion-correlacion3"},{"row":370,"row_count":1,"visible":true,"expansion_state":0,"options":{"engine":"r","label":"unnamed-chunk-75","echo":false,"fig.cap":null,"fig.align":"center","fig.width":5.5,"fig.height":5,"dev":"png"},"document_id":"ECD70C74","chunk_id":"cj655zjtxal2i","chunk_label":"unnamed-chunk-7"},{"row":379,"row_count":1,"visible":true,"expansion_state":0,"options":{"engine":"r","label":"unnamed-chunk-74","echo":false,"fig.cap":null,"fig.align":"center","fig.width":5.5,"fig.height":5,"dev":"png"},"document_id":"ECD70C74","chunk_id":"c68mk07lr8ugg","chunk_label":"unnamed-chunk-8"},{"row":389,"row_count":1,"visible":true,"expansion_state":0,"options":{"engine":"r","label":"unnamed-chunk-73","echo":false,"fig.cap":null,"fig.align":"center","fig.width":5.5,"fig.height":5,"dev":"png"},"document_id":"ECD70C74","chunk_id":"cs65xdyy3w01l","chunk_label":"unnamed-chunk-9"},{"row":428,"row_count":1,"visible":true,"expansion_state":0,"options":{"engine":"r","label":"unnamed-chunk-72","echo":false,"fig.cap":null,"fig.align":"center","fig.width":5.5,"fig.height":5,"dev":"png"},"document_id":"ECD70C74","chunk_id":"cved8i8eect0m","chunk_label":"unnamed-chunk-12"},{"row":460,"row_count":1,"visible":true,"expansion_state":0,"options":{"engine":"r","label":"screeplot1_ventil","echo":false,"output":true,"dev":"png"},"document_id":"ECD70C74","chunk_id":"cuysmvmb33ore","chunk_label":"screeplot1_ventil"},{"row":473,"row_count":1,"visible":true,"expansion_state":0,"options":{"engine":"r","label":"contribacm1_ventil","echo":false,"output":true,"dev":"png"},"document_id":"ECD70C74","chunk_id":"cgmchyl7rfyps","chunk_label":"contribacm1_ventil"},{"row":485,"row_count":1,"visible":true,"expansion_state":0,"options":{"engine":"r","label":"contribacm2_ventil","echo":false,"output":true,"dev":"png"},"document_id":"ECD70C74","chunk_id":"csk221sj326dn","chunk_label":"contribacm2_ventil"},{"row":498,"row_count":1,"visible":true,"expansion_state":0,"options":{"engine":"r","label":"contribacm3-ventil","echo":false,"output":true,"dev":"png"},"document_id":"ECD70C74","chunk_id":"co03alv5dyae1","chunk_label":"contribacm3-ventil"},{"row":523,"row_count":1,"visible":true,"expansion_state":0,"options":{"engine":"r","label":"contribucion-correlacion-ventil","echo":false,"warning":false,"output":true,"dev":"png"},"document_id":"ECD70C74","chunk_id":"cbks0qcm6igy0","chunk_label":"contribucion-correlacion-ventil"},{"row":543,"row_count":1,"visible":true,"expansion_state":0,"options":{"engine":"r","label":"contribucion-correlacion2-ventil","echo":false,"warning":false,"output":true,"dev":"png"},"document_id":"ECD70C74","chunk_id":"ctwuy1kgif7p0","chunk_label":"contribucion-correlacion2-ventil"},{"row":560,"row_count":1,"visible":true,"expansion_state":0,"options":{"engine":"r","label":"contribucion-correlacion3_ventil","echo":false,"warning":false,"output":true,"dev":"png"},"document_id":"ECD70C74","chunk_id":"cxrmft4bszvp3","chunk_label":"contribucion-correlacion3_ventil"},{"row":604,"row_count":1,"visible":true,"expansion_state":0,"options":{"engine":"r","label":"ACM Sociodemográficas","message":false,"echo":false,"output":false,"dev":"png"},"document_id":"ECD70C74","chunk_id":"c8d0gdwj6yyxu","chunk_label":"ACM Sociodemográficas"},{"row":618,"row_count":1,"visible":true,"expansion_state":0,"options":{"engine":"r","label":"unnamed-chunk-126","echo":false,"fig.cap":null,"fig.align":"center","fig.width":5.5,"fig.height":5,"dev":"png"},"document_id":"ECD70C74","chunk_id":"c9nv23s554nas","chunk_label":"unnamed-chunk-13"},{"row":645,"row_count":1,"visible":true,"expansion_state":0,"options":{"engine":"r","label":"unnamed-chunk-125","dev":"png"},"document_id":"ECD70C74","chunk_id":"cx3zpfzu9zf6h","chunk_label":"unnamed-chunk-14"},{"row":666,"row_count":1,"visible":true,"expansion_state":0,"options":{"engine":"r","label":"ACM Economicas","message":false,"echo":false,"output":false,"dev":"png"},"document_id":"ECD70C74","chunk_id":"c2x84b2tdw6hh","chunk_label":"ACM Economicas"},{"row":678,"row_count":1,"visible":true,"expansion_state":0,"options":{"engine":"r","label":"unnamed-chunk-88","echo":false,"fig.cap":null,"fig.align":"center","fig.width":5.5,"fig.height":5,"dev":"png"},"document_id":"ECD70C74","chunk_id":"ciiuh042vimzq","chunk_label":"unnamed-chunk-15"},{"row":704,"row_count":1,"visible":true,"expansion_state":0,"options":{"engine":"r","label":"unnamed-chunk-89","dev":"png"},"document_id":"ECD70C74","chunk_id":"cgsugoeywgfcs","chunk_label":"unnamed-chunk-16"},{"row":725,"row_count":1,"visible":true,"expansion_state":0,"options":{"engine":"r","label":"ACM Delictivas","message":false,"echo":false,"output":false,"dev":"png"},"document_id":"ECD70C74","chunk_id":"cij54nawm59ae","chunk_label":"ACM Delictivas"},{"row":737,"row_count":1,"visible":true,"expansion_state":0,"options":{"engine":"r","label":"unnamed-chunk-92","echo":false,"fig.cap":null,"fig.align":"center","fig.width":5.5,"fig.height":5,"dev":"png"},"document_id":"ECD70C74","chunk_id":"cxx6ychwyee6c","chunk_label":"unnamed-chunk-17"},{"row":762,"row_count":1,"visible":true,"expansion_state":0,"options":{"engine":"r","label":"unnamed-chunk-93","dev":"png"},"document_id":"ECD70C74","chunk_id":"cinifaxhr66k3","chunk_label":"unnamed-chunk-18"},{"row":796,"row_count":1,"visible":true,"expansion_state":0,"options":{"engine":"r","label":"ACM Intra carcelaria","message":false,"echo":false,"output":false,"dev":"png"},"document_id":"ECD70C74","chunk_id":"chqac8f9wmrbh","chunk_label":"ACM Intra carcelaria"},{"row":808,"row_count":1,"visible":true,"expansion_state":0,"options":{"engine":"r","label":"unnamed-chunk-95","echo":false,"fig.cap":null,"fig.align":"center","fig.width":5.5,"fig.height":5,"dev":"png"},"document_id":"ECD70C74","chunk_id":"c0gxjst5d86jb","chunk_label":"unnamed-chunk-19"},{"row":855,"row_count":1,"visible":true,"expansion_state":0,"options":{"engine":"r","label":"ACM Expectativas","message":false,"echo":false,"output":false,"dev":"png"},"document_id":"ECD70C74","chunk_id":"cu1dgvevarwbu","chunk_label":"ACM Expectativas"},{"row":870,"row_count":1,"visible":true,"expansion_state":0,"options":{"engine":"r","label":"unnamed-chunk-106","echo":false,"fig.cap":null,"fig.align":"center","fig.width":5.5,"fig.height":5,"dev":"png"},"document_id":"ECD70C74","chunk_id":"crlrketq0135g","chunk_label":"unnamed-chunk-21"},{"row":900,"row_count":1,"visible":true,"expansion_state":0,"options":{"engine":"r","label":"unnamed-chunk-109","dev":"png"},"document_id":"ECD70C74","chunk_id":"c58jx8qnv3uxk","chunk_label":"unnamed-chunk-22"}],"doc_write_time":1725679486,"chunk_rendered_width":453}