{"title":"Agrupamiento","markdown":{"yaml":{"title":"Agrupamiento","author":"Juan Pablo Montaño Díaz & Laura Katherine Martinez Castiblanco","format":"html","editor":"source"},"headingText":"Paso 1: Análisis factorial (ACM)","containsRefs":false,"markdown":"\n\nFinalmente, para concluir el análisis estadístico de nuestro estudio,agruparemos a los individuos a partir de sus características, con el fin de encontrar patrones en la población encuestada.\n\nPara el agrupamiento de los individuos, se utilizará el método jerárquico de Ward y el método de Kmeans. Para realizar el análisis estadístico, se utilizarán los mismas librerias de R usadas en los análisis de ACP y ACM.\n\n```{r}\n#| label: carga-librerias\n#| message: false\n#| code-fold: show\n#| output: false\n\n#Manejo de datos\nlibrary(tidyverse)\nlibrary(readr)\nlibrary(dplyr)\nlibrary(readxl)\n#Gráficos\nlibrary(ggplot2)\nlibrary(gridExtra)\nlibrary(plotly)\nlibrary(GGally)\n#ACP\nlibrary(ade4)\nlibrary(FactoClass)\nlibrary(FactoMineR)\nlibrary(factoextra)\n#Datos importados\nsource(\"DatosSeleccionados.R\")\n\n#Ajustes de tema del documento y graficos\nlibrary(scales)\nlibrary(DT)\nlibrary(gt)\nlibrary(RColorBrewer)\ntheme_set(theme_minimal(base_size = 24, base_family = \"Atkinson Hyperlegible\"))\nlibrary(hrbrthemes)\noptions(scipen=999) #Evitar notación científica\n```\n\nEn este caso, nos centraremos únicamente en el análisis factorial que presentó mayores y mejores resultados relacionados con el objetivo de nuestro estudio, es decir, realizaremos el agrupamiento de los individuos basándonos en el análisis de correspondencias múltiples realizado para las variables que presentaron una relación clara con la cantidad de personas con las cuales los individuos comparten celda, los cuales fueron las variables de vida intracarcelaria.\n\nLa siguiente tabla muestra nuestro conjunto de datos considerado para el ACM y agrupamiento.\n\n```{r}\n#| label: Selección1\n#| echo: false\n#| message: false\n#| warning: false\n#| output: true\n\n#Variables seleccionadas en el ACM\nVar_cuali_intra<-c(\n \"CAR_PERSONAS_CELDA\",\n \"CELDA_VENTANAS\",\n \"CELDA_AGUA_POTABLE\" ,\n \"CELDA_DRENAJE\",\n \"CELDA_LUZ\",\n \"CELDA_DUCHA\" ,\n \"CELDA_SANITARIO\" ,\n \"CELDA_SERVICIO_MEDICO\",\n \"CELDA_ALIMENTOS\",\n \"CARCEL_EJERCICIO\",\n \"CARCEL_LECTURA\" ,\n \"CARCEL_RELIGION\" ,\n \"CARCEL_LLAMADAS\" ,\n \"CARCEL_ESTUDIO\" ,\n \"CARCEL_VISITA\" ,\n \"CELDA_SEGURIDAD\" ,\n \"CARCEL_SEGURIDAD\",\n \"TIPO_CARCEL\",\n \"TIEMPO_CARCEL\",\n \"ORIENT_SEXUAL\",\n \"SEXO\"\n)\n\nDatosCualiIntra<-Tabla1[,Var_cuali_intra]\nDatosCualiIntra[]<-lapply(DatosCualiIntra, as.factor)\nkable(head(DatosCualiIntra, 10))\n```\n\n\nLas variables consideradas en el componente de vida intracarcelaria son las siguientes:\n\n-   Sexo de la persona\n-   Orientación sexual de la persona\n-   Acceso a ventanas en la celda\n-   Acceso a agua potable en la celda\n-   Acesso a un sistema de drenaje en la celda\n-   Acceso a luz electrica en la celda\n-   Acceso a una ducha en la celda\n-   Acceso a un sanitario en la celda\n-   Acceso a servicio médico dentro de la celda\n-   Acceso a alimentos gratuitos en la celda\n-   Acceso a espacios de ejercicio en la carcel\n-   Acceso a espacios y/o material de lectura en la carcel\n-   Facilidad de ejercer la religión dentro de la carcel\n-   Puede realizar llamadas dentro de la carcel\n-   Puede continuar con sus estudios dentro de la carcel\n-   Puede recibir visitas dentro de la carcel\n-   Sensación de seguridad en la celda\n-   Sensación de seguridad en la carcel\n-   Tipo de carcel\n-   Cantidad de personas en la celda\n\nPosteriormente, realizamos el ACM mediante el siguiente comando\n\n```{r}\n#| code-fold: show\n#| label: acmIntracarcelario\nacmIntra <- MCA(DatosCualiIntra, graph=FALSE,level.ventil = 0.01,ncp=7)\n```\n\nPara evitar el ruido y distorsión de las categorías \"No sabe/No responde\" utilizamos la técnica de ventilación de variables; esta es implementada mediante el parámetro `level.ventil=0.01`, el cual disipa el efecto de aquellas categorías que contienen menos del 1% de la población en su respectiva variable cualitativa.\n\nLos resultados de este ACM fueron mostrados previamente en la sección de [Análisis de Correspondencias Múltiples](ACM.qmd).\n\n## Paso 2: Seleccionar el número de ejes\n\nPara la selección del número de ejes a considerar en el ACM, utilizaremos el criterio de Benzécri, pues el screeplot tradicional puede verse afectado por la presencia de ejes \"parásitos\".\n\n```{r}\n#| label: screeplotIntra\n#| echo: false\nscreeplot <- fviz_screeplot(acmIntra, addlabels = TRUE, ylim = c(0, 20)) +  ggtitle(\"Scree Plot\") + theme_minimal()+ylab(\"Porcentaje de varianza explicada\")+xlab(\"Ejes\")\n## Usando modif.rate() del paquete GDAtools:\n# ptau <- modif.rate(acm)$modif[, 1]\n## Haciendo las cuentas uno mismo:\ns <- ncol(DatosCualiIntra)\nl <- acmIntra$eig[acmIntra$eig[,1] > 1/s, 1]\ntau <- ( s / (s - 1) )^2 * ( l - (1/s) )^2\nptau <- tau / sum( tau ) * 100\n\n# Creamos un data frame para usar con ggplot2\nbarplot_df <- data.frame(Indice = factor(1:length(ptau)), Valor = ptau)\n\n# Creamos el gráfico de barras con ggplot2\nbarplot_gg <- ggplot(barplot_df, aes(x = Indice, y = Valor)) +\n  geom_bar(stat = \"identity\", fill = \"darkred\") +\n  ylim(0, max(barplot_df$Valor+10)) +\n  labs(x = \"Ejes\", y = expression(tau(lambda))) +\n  theme_minimal() +\n  ggtitle(\"Criterio de Benzécri\")\n\ngrid.arrange(screeplot, barplot_gg, ncol = 1)\n```\n\nAl observar los valores de inercia ajustada por el criterio de Benzécri, obtenemos que los 3 primeros ejes acumulan alrededor del 90% de la inercia de los datos.\n\n```{r}\n#| label: Tabla-benzecriintra\n#| echo: false\n#| warning: false\n#| output: true\n\nkable(barplot_df[1:5,])\n```\n\nPor lo tanto, para nuestro agrupamiento, consideraremos únicamente los 3 primeros ejes de nuestro ACM. Luego, nuestras variables cuantitativas a agrupar mediante K-means son las coordenadas de los 3 primeros ejes de cada uno de los individuos.\n\n```{r}\n#| label: seleccionejes\n#| code-fold: show\nY<-acmIntra$ind$coord[,1:3]\n```\n\n## Paso 3: Pre-agrupamiento\n\nDado que contamos con la información de 61449 individuos, es necesario realizar un preagrupamiento de los datos antes del agrupamiento jerárquico. Para esto, implementaremos el método de k-means para obtener 5000 grupos.\n\nEl método de K-means nos ayuda a que, dentro de cada uno de estos 5000 grupos, se posea una inercia mínima. En otras palabras, los individuos dentro de cada grupo son \"parecidos\" o próximos según su distancia euclidiana en las coordenadas.\n\n```{r}\n#| label: Preagrupamieto\n#| code-fold: show\n#| fig-cap: ''\n#| fig-align: 'center'\n#| fig-width: 5\n#| fig-height: 5.5\nset.seed(1311) #Fijamos la semilla\npregroup<- kmeans(Y, centers = 5000)  #Agrupamos los datos en 5000 grupos\n```\n\n## Paso 4: Agrupamiento Jerárquico\n\nAhora que tenemos 5000 grupos de individuos, realizaremos un agrupamiento jerárquico usando la distancia de Ward entre los centros de gravedad de los 5000 grupos. para esto se utiliza la función `ward.cluster` del paquete `FactoClass`.\n\nAsi, obtenemos el siguiente dendograma de esta agrupación de grupos.\n\n```         \n\nkable(barplot_df[1:5,])\n```\n\n```{r}\n#| label: jerarquico\n#| fig-cap: ''\n#| fig-align: 'center'\n#| fig-width: 5\n#| fig-height: 5.5\n#| echo: false\n\nhclCafe <- ward.cluster(dista=dist(pregroup$centers), h.clust=1) # función de FactoClass\nplot(hclCafe, las=1, col=\"darkblue\", main=\"\", sub=\"\", xlab=\"\")\nabline(h=seq(0, 7, 0.5), col=\"gray90\", lty=3)\n```\n\n## Paso 5: Número total de grupos\n\nObservando y analizando el dendograma anterior, se consideraron las ideas de clasificar la población en 4 o 7 grupos.Debido a esto, se hizo la agrupación de los individuos para estas 2 cantidades.\n\nAl final, los 7 grupos resultantes no presentaban diferencias claras en sus categorías. Por lo tanto, se optó por agrupar a la población en 4 grupos, los cuales presentaban diferencias claras entre ellos.\n\nEl corte del árbol y la selección de grupos fueron realizadas mediante el siguiente comando\n\n```{r}\n#| label: numero-grupos\n#| code-fold: show\ngrupos_jerarquicos <- cutree(hclCafe, k=4)\n```\n\n## Paso 6: Consolidación\n\nFinalmente, realizamos nuestro K-means de consolidación a partir de los centros de gravedad obtenidos en el agrupamiento jerárquico.\n\n```{r}\n#| label: consolidacion\n#| code-fold: true\n\nset.seed(1311) #Fijamos semilla \n\ncentros_de_gravedad <- aggregate(pregroup$centers, by = list(grupos_jerarquicos), FUN = mean) #Calculamos los centros de gravedad obtenidos para los 5000 grupos\n\n\nkmeans_consolidacion <- kmeans(pregroup$centers, centers = centros_de_gravedad[, -1]) #Iniciamos kmeans con los centros de gravedad calculados\n\nordenados <- order(rowSums(kmeans_consolidacion$centers))\n\n# Crear una nueva asignación de grupos reordenada\nconsolidacion <- match(kmeans_consolidacion$cluster, ordenados)\n\nGrupos<-consolidacion[pregroup$cluster] #Obtenemos los grupos finales\n#Grupos<-kmeans_consolidacion$cluster[pregroup$cluster] #Obtenemos los grupos finales\n```\n\n## Paso 7: Caracterización\n\nUna vez obtenidos los grupos, realizamos un análisis descriptivo de estos para reconocer las variables que caracterizan a cada uno de estos 4 grupos.\n\nDado que se trata únicamente de variables cualitativas, haremos la caracterización a partir de los valores test y la tabla de perfiles entre los grupos y las demás variables.\n\n### Variables de Vida intracarcelaria\n\n```{r}\n#| label: AsignacionGrupos\n#| echo: false\n\nY<-as.data.frame(Y)\nY[[\"GrupoFinal\"]]<-as.factor(Grupos)\nDatosCualiIntra<-cbind(DatosCualiIntra,Y[\"GrupoFinal\"])\nTabla1<-cbind(Tabla1,Y[\"GrupoFinal\"])\nvalores_test<-cluster.carac(DatosCualiIntra[,1:21], DatosCualiIntra$GrupoFinal)\n```\n\nPara comenzar, veamos como se repartió la población en cada uno de los grupos.\n\n```{r}\n#| label: PorcentajesGrupos\n#| echo: false\n\nkable(table(DatosCualiIntra$GrupoFinal)/nrow(DatosCualiIntra)*100)\n```\n\nDe esta forma, vemos que la mayoría de los individuos pertenece al grupo 1, dado los resultados mostrados sobre el ACM anterior, es de esperarse que las personas de este grupo sean las que no e encuentra bien representadas o caracterizadas por el ACM, es decir, aquellas que se encuentran cerca al origen en los planos factoriales.\n\nBajo el mismo argumento, es de esperarse que los individuos del grupo 4 estén bien representados y caracterizados por los ejes del ACM, siendo estos los individuos con mayor inercia.\n\n#### **Valores Test**\n\n::: panel-tabset\n##### Grupo 1\n\n```{r}\n#| label: valuest grupo1\n#| message: false\n#| echo: false\n#| warning: false\n#| output: true\n\nkable(valores_test[[\"1\"]]) %>% kable_styling(\"striped\", full_width = T) %>% \n scroll_box(height = \"500px\")\n```\n\nMediante los valores test observamos varias características de este grupo. Inicialmente, los valores test $\\infty$, nos dicen que hay una representación fuerte o casi perfecta entre dichas categorías y el grupo 1. Siendo así, las principales características de este grupo son las siguientes:\n\n-   Este grupo posee características y proporciones muy próximas al promedio global en la mayoría de sus variables. Dentro de las variables características de este grupo, se encuentra que los individuos de este grupo tienden a tener mejores condiciones de vida intracarcelaria al compararlo con el promedio.\n\n-   El grupo está compuesto un 98% por personas del sexo masculino, que representan al 85% de la población masculina encuestada.tambié, esta compuesto un 97% de personas heterosexuales que son alrededor del 60% de la población heterosexual.\n\n-   Finalmente, el 29% de este grupo comparte celda con máximo 2 personas, que representa al 75% de esta categoria.\n\n##### Grupo 2\n\n```{r}\n#| label: valuest grupo2\n#| message: false\n#| echo: false\n#| warning: false\n#| output: true\n\n\nkable(valores_test[[\"2\"]])%>%kable_styling(\"striped\", full_width = T) %>% \n scroll_box(height = \"500px\")\n```\n\nMediante los valores test observamos varias características de este grupo. Inicialmente, los valores test $\\infty$, nos dicen que hay una representación fuerte o casi perfecta entre dichas categorías y el grupo 2. Siendo así, las principales características de este grupo son las siguientes:\n\n-   Las personas identificadas con el sexo Femenino están fuertemente representadas en este grupo, pues se tiene que el 74,5% de las personas de sexo femenino están dentro de el grupo 2. Además, alrededor del 98% de los miembros de este grupo son mujeres, lo cual es un porcentaje considerablemente alto al compararlo con el porcentaje de la población global, el cual es 19%.\n\n-   De forma consecuente a lo anterior y a lo visto en el ACM, este grupo también representa fuertemente a las personas que se encuentran en un centro de reclusión femenino, donde alrededor del 58,8% de los individuos del grupos pertenecen a esta categoria.\n\n-   Dada la relación vistas entre la orientación sexual y el sexo, se tiene que este grupo también está relacionado con las categorías \"Bisexual\" y \"homosexual\", donde alrededor del 53% y 59% de los individuos de estas categorias pertenecen a este grupo, que representan a un 15% y 7% de la población del grupo. Esto adquiere una mayor relevancia al comparar con la proporción de esta categoría en la población general, las cuales son 4.1% y 1.8%.\n\n-   Alrededor del 19% de los individuos de este grupo, llevaban menos de 6 meses dentro del centro de reclusión al momento en el que fueron encuestadas. Esta población es el 40% de los individuos de esta categoría, esto es de importancia por su gran diferencia con la proporción de la población general, que es un 7%.\n\n-   Finalmente, las condiciones de vida dentro de la celda y carcel son buenas, pues alrededor del 99% de las personas de este grupo tienden a poseer ducha, agua potable, sanitarios, drenaje y luz en su celda. Además de poseer espacios para lectura, servicio médico, hacer llamadas, recibir visitas y continuar sus estudios dentro del centro penitenciario.\n\n##### Grupo 3\n\n```{r}\n#| label: valuest grupo3\n#| message: false\n#| echo: false\n#| warning: false\n#| output: true\n\nkable(valores_test[[\"3\"]]) %>%kable_styling(\"striped\", full_width = T) %>% \n scroll_box(height = \"500px\")\n```\n\nMediante los valores test observamos varias características de este grupo. Inicialmente, los valores test $\\infty$, nos dicen que hay una representación fuerte o casi perfecta entre dichas categorías y el grupo 3. Siendo así, las principales características de este grupo son las siguientes:\n\n-   Existe una relación fuerte entre el grupo 3 y compartir celda con más de 10 personas. El 32,3% de las personas que comparten celda con más de 10 personas se encuentran en este grupo, y esta población resulta ser el 45% del grupo 3, es decir, casi la mitad de este grupo comparte celda con más de 10 personas; esto constrata con la población global, donde el 18.6% se encuentra en estas condiciones.\n\n-   Además, este grupo también está relacionado con malas condiciones de vida dentro de la celda, pues poseen una proporción más alta respecto a la falta de servicio medico, ventanas en la celda,sensación de seguridad, espacios para lectura y espiritualidad respecto a la población global. Sin embargo, más del 90% del grupo tiene agua potable, ducha, sanitario y un sistema de drenaje en sus celdas.\n\n-   Finalmente, pese a no tener una relación tan fuerte, este grupo está compuesto un 93% por personas del sexo masculino, que resultan ser el 15% de los hombres encuestados.\n\n##### Grupo 4\n\n```{r}\n#| label: valuest grupo4\n#| message: false\n#| echo: false\n#| warning: false\n#| output: true\n\nkable(valores_test[[\"4\"]]) %>%kable_styling(\"striped\", full_width = T) %>% \n scroll_box(height = \"500px\")\n```\n\nMediante los valores test observamos varias características de este grupo. Inicialmente, los valores test $\\inf$, nos dicen que hay una representación fuerte o casi perfecta entre dichas categorías y el grupo 4. Siendo así, las principales características de este grupo son las siguientes:\n\n-   Al igual que en el grupo 3, este grupo se encuentra fuertemente relacionado con la falta de condiciones saludables en la celda. Se destaca que más del 76% de la población de este grupo no cuenta con agua potable, ducha, sanitario o drenaje en la celda. Cabe a resaltar que este grupo contiene al 95% de los individuos que no contienen un drenaje o sanitario en su celda.\n\n-   En contraste, este grupo tiende a poseer acceso a servicio médico y espacios de lectura, ejercicio, estudio y llamadas en el centro penitenciario.\n\n-   Este grupo, al igual que el grupo 2, posee una fuerte relación con el sexo femenino, pues el 42.5% de este grupo está compuesto por mujeres, que representan el 13% de la población total de mujeres encuestadas. Así mismo, dada la relación del sexo con las carceles femeninas, el 31% de la población de este grupo pertenece a un centro penitenciario femenino.\n\n-   El 39% de este grupo comparte celda con máximo 2 personas.\n:::\n\nUna vez determinamos algunas de las variables características de cada grupo. Podemos confirmarlo a partir de sus tablas de perfiles.\n\n#### **Tablas de perfiles**\n\n::: panel-tabset\n##### Sexo\n\n```{r}\n#| label: graficoperfilessexo\n#| echo: false\ntc<-table(DatosCualiIntra$GrupoFinal,DatosCualiIntra$SEXO)\n\n    plotct(tc, \"row\", col=1+(1:ncol(tc)))\n\n```\n\nEsto concuerdo con lo visto anteriormente, pues alrededor del 99% del grupo 2 está compuesto por personas del sexo femenino. Tambié, el grupo 4 está compuesto 42% de las personas de este sexo, siendo los unicos grupos donde el sexo femenino tiene una presencia considerable dentro del grupo.\n\n##### Agua potable\n\n```{r}\n#| label: graficoperfilesagua\n#| echo: false\ntc<-table(DatosCualiIntra$GrupoFinal,DatosCualiIntra$CELDA_AGUA_POTABLE)\n\n    plotct(tc, \"row\", col=1+(1:ncol(tc)))\n\n```\n\nComo fue visto anteriormente, los grupos 3 y 4 se caracterizaron por la falta de condiciones en la celda, siendo el grupo 4 el más afectado por la falta de agua potable, drenaje, sanitario y duchas.\n\nEn cuenato el grupo 1 y 2, se vio caracterizado por las buenas condiciones de vida dentro de las celdas.\n\n##### Personas celda\n\n```{r}\n#| label: graficoperfilescelda\n#| echo: false\ntc<-table(DatosCualiIntra$GrupoFinal,DatosCualiIntra$CAR_PERSONAS_CELDA)\n\n    plotct(tc, \"row\", col=1+(1:ncol(tc)))\n\n```\n\nComo fue visto en la caracterización del grupo 3 y 4, el grupo 4 se caracterizó ya que alrededor del 40% de las personas no compartía celda con más de 2 personas. Y por el otro lado, el 45% de los individuos del grupo 3 comparten celda con más de 10 personas.\n\n##### Lectura\n\n```{r}\n#| label: graficoperfilesEjercicio\n#| echo: false\ntc<-table(DatosCualiIntra$GrupoFinal,DatosCualiIntra$CARCEL_LECTURA)\n\n    plotct(tc, \"row\", col=1+(1:ncol(tc)))\n\n```\n\nComo fue visto, el grupo 3 se caracteriza por la falta de servicios y condiciones saludables en la celda y en el centro penitenciario.\n\n##### Ventanas\n\n```{r}\n#| label: graficoperfilesVentanas\n#| echo: false\ntc<-table(DatosCualiIntra$GrupoFinal,DatosCualiIntra$CELDA_VENTANAS)\n\n    plotct(tc, \"row\", col=1+(1:ncol(tc)))\n\n```\n\n##### Tipo Carcel\n\n```{r}\n#| label: graficoperfilesTipoCarcel\n#| echo: false\ntc<-table(DatosCualiIntra$GrupoFinal,DatosCualiIntra$TIPO_CARCEL)\n\n    plotct(tc, \"row\", col=1+(1:ncol(tc)))\n\n```\n\nEste gráfico está estrechamente relacionado con la variable SEXO, pues dado que el grupo 2 y 4 poseen la mayoría de mujeres, es de esperarse que estos contenga todas las personas de los centros penitenciarios femeninos. Y viceversa, dado que los grupos 1 y 3 están compuestos por hombres , es de esperarse que estos posean toda la población de los centros penitenciarios masculinos.\n\nLlama la antención la justa proporción que hay entre el grupo 1,2 y la distribución marginal.\n\n##### Tiempo Carcel\n\n```{r}\n#| label: graficoperfilesTiempoCarcel\n#| echo: false\ntc<-table(DatosCualiIntra$GrupoFinal,DatosCualiIntra$TIEMPO_CARCEL)\n\n    plotct(tc, \"row\", col=1+(1:ncol(tc)))\n\n```\n\nEs de notar que el grupo 2, compuesto unicamente por mujeres, se caracterizan por haber llevado menos tiempo dentro de las carceles que las personas de los demás grupos.\n:::\n\n### Otras variables\n\nAhora veremos cómo se distribuyen las variables cuantitativas y cualitativas que no fueron consideradas en el ACM del paso 1 en los 4 grupos obtenidos de nuestra población. En el caso de las variables cuantitativas, solo consideraremos aquellas variables que no fueron discretizadas, es decir, las variables sobre el edad de consumo de sustancias y el tiempo que fueron condenadas se considerarán en intervalos.\n\n```{r}\n#| label: otras-variables\n#| message: false\n#| echo: false\n#| warning: false\n#| output: false\n\n\nvarCuantitativas<-c(\"EDAD\",\"NUM_HIJOS\",\"EDAD_ESCOLARIDAD\",\"EDAD_CONSUMO_TABACO\",\"EDAD_CONSUMO_ALCOHOL\",\"EDAD_CONSUMO_MARIHUANA\",\"EDAD_CONSUMO_INHALABLES\",\"EDAD_CONSUMO_LSD\",\"EDAD_CONSUMO_HONGOS\",\"EDAD_CONSUMO_COCAINA\",\"EDAD_CONSUMO_PASTA_COCAINA\",\"EDAD_CONSUMO_CRACK\",\"EDAD_CONSUMO_HEROINA\",\"EDAD_CONSUMO_CHOCHOS\",\"EDAD_CONSUMO_TRANQUILIZANTES\",\"EDAD_CONSUMO_ANFETAMINAS\",\"N_PERSONAS_DEPENDIENTES\",\"DINERO_SOBORNO\",\"DELITOS_ABIERTOS\",\"TIEMPO_RECLUIDO\",\"TIEMPO_PROCESO\",\"CANTIDAD_PERSONAS_CELDA\",\"CELDA_HORAS\",\"VECES_SENTENCIADO\")\n\nvarCualitativas<-setdiff(colnames(Tabla1),c(\"ID_PER\",\"NOM_ENT\",varCuantitativas,\"CONSUMO_TABACO\",\"CONSUMO_ALCOHOL\",\"CONSUMO_MARIHUANA\",\"CONSUMO_INHALABLES\",\"CONSUMO_LSD\",\"CONSUMO_HONGOS\",\"CONSUMO_COCAINA\",\"CONSUMO_PASTA_COCAINA\",\"CONSUMO_CRACK\",\"CONSUMO_HEROINA\",\"CONSUMO_CHOCHOS\",\"CONSUMO_TRANQUILIZANTES\",\"CONSUMO_ANFETAMINAS\"))\n\nvarCualitativas<-setdiff(varCualitativas,colnames(DatosCualiIntra))\n\nvarCuantitativas<-c(\"EDAD\",\"NUM_HIJOS\",\"EDAD_ESCOLARIDAD\",\"N_PERSONAS_DEPENDIENTES\",\"DINERO_SOBORNO\",\"DELITOS_ABIERTOS\",\"CELDA_HORAS\",\"VECES_SENTENCIADO\")\n\nDatosCuantitativos<-Tabla1[,c(varCuantitativas,\"GrupoFinal\")]\nDatosCualitativos<-Tabla1[,c(varCualitativas,\"GrupoFinal\")]\n```\n\n##### **Variables cuantitativas**\n\n```{r}\n#| label: valuest cuanti\n#| message: false\n#| echo: false\n#| warning: false\n#| output: true\n\nVal_test_Cuanti<-cluster.carac(DatosCuantitativos[,1:8], DatosCuantitativos$GrupoFinal, tipo.v = \"co\", \n              v.lim = 2, dn = 2, dm = 2, neg = TRUE)\n\n```\n\n###### **Valores Test**\n\n::: panel-tabset\n###### *Grupo 1*\n\n```{r}\n#| label: valuestCuanti grupo1\n#| message: false\n#| echo: false\n#| warning: false\n#| output: true\n\nkable(Val_test_Cuanti[[\"1\"]]) %>% kable_styling(\"striped\", full_width = T)\n```\n\nEn este caso no se tiene ningún valor test mayor que 2, lo que significa que ningúna variable cuantitativa presenta mayores diferencias entre el grupo 1 y el promedio global.\n\n###### *Grupo 2*\n\n```{r}\n#| label: valuestCuanti grupo2\n#| message: false\n#| echo: false\n#| warning: false\n#| output: true\n\n\nkable(Val_test_Cuanti[[\"2\"]])%>%kable_styling(\"striped\", full_width = T)\n```\n\nEn el grupo 2, pueden observarse ligareas diferencias entre el promedio global y el promedio de este grupo. Tenemos que las personas de este grupo tienden a ser 3 años más jovenes que el promedio, tener un mayor número de hijos y pasar más horas en la celda.\n\nEsto tiene sentido, pues como fue visto anteriormente, el grupo 2 está compuesto principalmente por mujeres que cuentan con mejores condiciones en la celda que el promedio. Por lo tanto, es de esperarse que este grupo cuente con un mayor número de hijos y pase mayor tiempo dentro de la celda.\n\n###### *Grupo 3*\n\n```{r}\n#| label: valuestCuanti grupo3\n#| message: false\n#| echo: false\n#| warning: false\n#| output: true\n\nkable(Val_test_Cuanti[[\"3\"]]) %>%kable_styling(\"striped\", full_width = T) \n```\n\nAl igual que en el grupo anterior, los promedios globales no distan de forma drástica, pero sí significativa, del promedio global. En este caso, este grupo se caracteriza por pasar una hora más en la celda que el promedio además de tener un mayor número de personas dependientes y haber dejado los estudios a una edad más temprana.\n\nSi bien no son tan claras, estas variables guardan una relación con lo visto en las variables de vida intracarcelaria. Pues el hecho de que este grupo no cuente con buenas condiciones de vida dentro del centro penitenciario y comparta celda con tantas personas, puede estar relacionado con la cantidad de horas en la celda.\n\nTambién, el número de personas dependientes a este grupo puede hacer referencia a los hijos y esposa (recordando que la mayoriá de este grupo son hombres heterosexuales) que puedan depender económicamente del individuo.\n\nSe destaca que a las personas de este grupo, las autoridades confiscaron uma mayor cantidad de dinero cuando se intentó realizar algun soborno durante su detención.\n\n###### *Grupo 4*\n\n```{r}\n#| label: valuestCuanti grupo4\n#| message: false\n#| echo: false\n#| warning: false\n#| output: true\n\nkable(Val_test_Cuanti[[\"4\"]]) %>%kable_styling(\"striped\", full_width = T)\n```\n\nRecordando que el grupo 4 era un grupo casi equitativo entre hombres y mujeres, que no poseían buenas condiciones de vida dentro de la celda pero sí dentro del centro penitenciario. Es coherente tener que en este grupo las personas no permanecen tanto tiempo en celda, pues hacen uso de los otros espacios dados por el centro penitenciario.\n\nSe destaca que las personas de este grupo han sido sentenciadas y juzgadas una menor cantidad de veces que el promedio global, y si bien no es tan drástica la diferencia, poseen una menor cantidad de personas dependientes.\n:::\n\n##### **Variables cualitativas**\n\n```{r}\n#| label: valuestCuali2 \n#| message: false\n#| echo: false\n#| warning: false\n#| output: true\nVal_test_Cuali2<-cluster.carac(DatosCualitativos[,1:46], DatosCualitativos$GrupoFinal)\n\n```\n\n###### **Valores Test**\n\n::: panel-tabset\n###### *Grupo 1*\n\n```{r}\n#| label: valuestCuali2 grupo1\n#| message: false\n#| echo: false\n#| warning: false\n#| output: true\n\nkable(Val_test_Cuali2[[\"1\"]]) %>% kable_styling(\"striped\", full_width = T) %>% \n scroll_box(height = \"500px\")\n```\n\nSi bien se tuvieron varios valores test significativos. Los promedios de este grupo no presentan distancias drásticas del promedio. Por lo tanto, este grupo casi no presenta particularidades a destacar.\n\nPodría decirse que el grupo de \"control\" o el grupo promedio.\n\n###### *Grupo 2*\n\n```{r}\n#| label: valuestCuali2 grupo2\n#| message: false\n#| echo: false\n#| warning: false\n#| output: true\n\n\nkable(Val_test_Cuali2[[\"2\"]])%>%kable_styling(\"striped\", full_width = T) %>% \n scroll_box(height = \"500px\")\n```\n\nEn el grupo 2, recordando que está compuesto mayoritariamente por mujeres. Posee características que fueron vistas en los otros ACM realizados en este proyecto. Entre las cuales se encuentran:\n\n-   El 20.9% del grupo paró sus estudios debido a que quedaron embarazadas. Siendo una diferencia significativa con la población global, donde solo el 7.8% dejaron los estudios por este motivo.\n\n-   Si se excluye a la persona del hogar, la cabeza del hogar para el 16.8% de las personas del grupo son los hijos. Lo que da indicios de que alrededor del 16% del grupo son madres solteras cabezas de hogar.\n\n-   La mayoría de personas en este grupo no ha consumido o consumió por primera vez las sustancias psicoactivas a edades más tardías que el promedio.\n\n-   El 48% de las personas de este grupo no han sido condenadas, por lo tanto, se encuentran el periodo de proceso/investigación de sus delitos. Sobre esto, el 16.3% de las personas de este grupo llevaban entre 0.08 y 0.58 años siendo procesadas. Esto es una diferencia signicativa, pues al ver la distribución de estas categorías en la población global tenemos que el 33.2% se encuentra siendo procesado y el 7.2% de la población total lleva menos de 6 meses en proceso.\n\n-   El 9% de este grupo, no recibió ningún salario en el mes anterior a su detención. Lo que es una diferencia significativa respecto a la población global, donde fue el 2.9%.\n\n-   Finalmente, este grupo consideró el suicidio en una proporción de 5 puntos porcentuales más que el promedio global. Donde 17.2% de este grupo considero el suicidio.\n\n###### *Grupo 3*\n\n```{r}\n#| label: valuestCuali2 grupo3\n#| message: false\n#| echo: false\n#| warning: false\n#| output: true\n\nkable(Val_test_Cuali2[[\"3\"]]) %>%kable_styling(\"striped\", full_width = T)  %>% \n scroll_box(height = \"500px\")\n```\n\nEn este grupo se encuentra una mayor relación con las variables cuantitativas y algunos resultados dados en los otros ACM realizados.\n\n-   Al 24.5% de los individuos de este grupo las autoridades les pidieron un soborno a cambio de dejarlos libres o no hacerles daño. Esto representa un aumento significativo de 10% porcentuales respecto a la población en general. Así mismo, durante el juicio, al 19.5% de los miembros de este grupo, les pidieron un soborno a cambio de dejarlos en libertad. Esto tiene sentido con los valores vistos en los valores test de las variables cuantitativas.\n\n-   El 77.4% de los miembros de este grupo no se declararon culpables, lo que es una diferencia de 7 puntos porcentuales de la población global. Además, el 54.4% de los individuos del grupo manifestaron que fueron inculpados falsamente de los crímenes por los cuales fueron sentenciados.\n\n-   Este grupo presenta una leve proporción mayor de personas que poseen alguna discapacidad auditiva, visual o motriz a comparación de la población global.\n\n###### *Grupo 4*\n\n```{r}\n#| label: valuestCuali2 grupo4\n#| message: false\n#| echo: false\n#| warning: false\n#| output: true\n\nkable(Val_test_Cuali2[[\"4\"]]) %>%kable_styling(\"striped\", full_width = T) %>% \n scroll_box(height = \"500px\")\n```\n\nDado que este grupo está compuesto por un porcentaje considerable de mujeres. Se encuentran que los valores test significativos son casi identicos a los del grupo 2.\n\nLa principal diferente de este grupo con el grupo 2 estas variables, es el tiempo que ha durado siendo procesada y el estado de condena. En este grupo, el 35% de los miembros se encuentran siendo procesados, lo que es bastante próximo a la población global (33%), a comparación del 48% del grupo 2. Además de que el tiempo\n:::\n\n## Paso 8: Proyección de los grupos en los planos factoriales\n\nPor último, veremos como se concentran y distribuye cada uno de estos grupos sobre los 3 ejes factoriales considerados.\n\n::: panel-tabset\n### Eje 1-2\n\n```{r}\n#| label: plano1-2\n#| echo: false\n#| output: true\nfviz_mca_ind(acmIntra,label = \"none\",\n             axes=c(1,2),\n             habillage = Y$GrupoFinal,\n             #col.ind= Y$GrupoFinal,\n             palette = \"jco\",  addEllipses = TRUE,\n             ellipse.type = \"convex\",\n             repel = TRUE) \n```\n\n### Eje 1-3\n\n```{r}\n#| label: plano1-3\n#| echo: false\n#| output: true\nfviz_mca_ind(acmIntra,label = \"none\",\n             axes=c(1,3),\n             habillage = Y$GrupoFinal,\n             #col.ind= Y$GrupoFinal,\n             palette = \"jco\",  addEllipses = TRUE,\n             ellipse.type = \"convex\",\n             repel = TRUE) \n```\n\n### Eje 2-3\n\n```{r}\n#| label: plano2-3\n#| echo: false\n#| output: true\nfviz_mca_ind(acmIntra,label = \"none\",\n             axes=c(2,3),\n             habillage = Y$GrupoFinal,\n             #col.ind= Y$GrupoFinal,\n             palette = \"jco\",  addEllipses = TRUE,\n             ellipse.type = \"convex\",\n             repel = TRUE) \n```\n:::\n\nTal como era de esperarse, el grupo 1, el cual contiene al 66.28% de la población, se concentra alrededor del origen, indicando que este grupo contiene a los individuos \"independientes\" o más semejantes al promedio en el ACM.\n\nEn cuanto a los grupos 2 y 3, estos están determinados principalmente por el segundo eje, al parecer de una forma opuesta. Por último, 4 está representado principalmente por el primer eje principal, sin embargo, posee una influencia fuerte del segundo eje, como puede observarse en el último plano factorial.\n\n## Resumen de los grupos\n\nA partir del análisis visto, puede decirse en términos resumidos. Que cada uno de los 4 grupos se caracteriza de la siguiente forma:\n\n-   **Primer Grupo:** Este grupo consiste en el 66.13% de la población total. Si bien posee algunas diferencias con la población global, este grupo no posee grandes particularidades que lo distingan del promedio. Dando una leve descripción de este grupo, está compuesto mayoritariamente por hombres heterosexuales que poseen \"buenas\" condiciones de vida dentro del centro penitenciario.\n\n-   **Segundo grupo:** Este grupo posee el 14.6% de la población total y consiste en la mujeres que poseen buenas condiciones de vida dentro del centro peninteciario.\n\n    Como fue visto en los ACM realizados en la anterior sección, dada la relación de ciertas variables con el sexo. Este grupo también puede caracterizarse mediante los siguientes hechos:\n\n    -   Este grupo concentra en mayor proporción a la población homosexual y bisexual.\n\n    -   Este grupo tiende a tener personas que llevan poco tiempo (menos de 6 meses, máximo 1 año) en el centro penitenciario. Ademas de que casi la mitad de la población está siendo procesada, mas no condenada. Y estas personas que están llevando a cabo un proceso judicial, llevan menos de 6 meses en dicho proceso.\n\n    -   Una proporción considerable de este grupo paró sus estudios debido al embarazo y/o son madres solteras cabezas de hogar.\n\n    -   Este grupo también se caracteriza por nunca haber consumido, o comenzar el consumo de sustancias psicoactivas en edades tardías.\n\n    -   Este grupo tiene un fuerte vinculo con las carceles femeninas.\n\n-   **Tercer grupo:** Este grupo es el 5.87% de la población encuestada y se resume en los hombres que poseen condiciones de vida desfavorables dentro del centro penitenciario, como es la falta de drenaje, agua potable, compartir celda con más de 10 personas, falta de espacios para practicar ejercicio, lectura, estudiar.\n\n    También, se destacan las siguientes particularidades vistas en este grupo:\n\n    -   Este grupo presentó un alto número de personas a las que les ofrecieron dejarlos libres a cambio de un soborno.\n\n    -   Un porcentaje significativo de este grupo manifestó que fueron acusados falsamente del crimen por el que fueron condenados.\n\n    -   Este grupo presenta una mayor proporción de personas en condición de discapacidad auditiva,visual y motriz en comparación de la población total.\n\n    -   El 16% de este grupo posee una condena mayor a 30 años. Esto es una proporción mayor que en la población total, donde es el 13%.\n\n-   **Cuarto Grupo:** Este grupo trata del 13.40% restante de la población total encuestada. Si bien la población no es totalmente femenina, este grupo contiene a la población femenina que posee condiciones de vida desfavorables en el centro penitencario.\n\n    -   Se destacan diferencias respecto al grupo anterior, como lo son la dramática falta de un sistema de drenaje y sanitarios en las celdas.\n\n    -   Sin embargo, este grupo posee acceso a material y espacios de estudio, lectura, ejercicio y llamadas.\n\n    -   Este grupo tiende a compartir celda con pocas personas, alrededor del 73% del grupo comparte celda con máximo 6 personas y solo el 9% comparte celda con más de 10. Por lo que el hacinamiento es algo característico del grupo 3.\n\n    -   En este grupo se encuentra en mayor proporción a las mujeres que poseen un tiempo de proceso de más de 2 años, y que llevan recluídas en el centro penitenciario más de 1 año. Sin embargo, los tiempos de condena no superan los 6 años.\n","srcMarkdownNoYaml":"\n\nFinalmente, para concluir el análisis estadístico de nuestro estudio,agruparemos a los individuos a partir de sus características, con el fin de encontrar patrones en la población encuestada.\n\nPara el agrupamiento de los individuos, se utilizará el método jerárquico de Ward y el método de Kmeans. Para realizar el análisis estadístico, se utilizarán los mismas librerias de R usadas en los análisis de ACP y ACM.\n\n```{r}\n#| label: carga-librerias\n#| message: false\n#| code-fold: show\n#| output: false\n\n#Manejo de datos\nlibrary(tidyverse)\nlibrary(readr)\nlibrary(dplyr)\nlibrary(readxl)\n#Gráficos\nlibrary(ggplot2)\nlibrary(gridExtra)\nlibrary(plotly)\nlibrary(GGally)\n#ACP\nlibrary(ade4)\nlibrary(FactoClass)\nlibrary(FactoMineR)\nlibrary(factoextra)\n#Datos importados\nsource(\"DatosSeleccionados.R\")\n\n#Ajustes de tema del documento y graficos\nlibrary(scales)\nlibrary(DT)\nlibrary(gt)\nlibrary(RColorBrewer)\ntheme_set(theme_minimal(base_size = 24, base_family = \"Atkinson Hyperlegible\"))\nlibrary(hrbrthemes)\noptions(scipen=999) #Evitar notación científica\n```\n\nEn este caso, nos centraremos únicamente en el análisis factorial que presentó mayores y mejores resultados relacionados con el objetivo de nuestro estudio, es decir, realizaremos el agrupamiento de los individuos basándonos en el análisis de correspondencias múltiples realizado para las variables que presentaron una relación clara con la cantidad de personas con las cuales los individuos comparten celda, los cuales fueron las variables de vida intracarcelaria.\n\nLa siguiente tabla muestra nuestro conjunto de datos considerado para el ACM y agrupamiento.\n\n```{r}\n#| label: Selección1\n#| echo: false\n#| message: false\n#| warning: false\n#| output: true\n\n#Variables seleccionadas en el ACM\nVar_cuali_intra<-c(\n \"CAR_PERSONAS_CELDA\",\n \"CELDA_VENTANAS\",\n \"CELDA_AGUA_POTABLE\" ,\n \"CELDA_DRENAJE\",\n \"CELDA_LUZ\",\n \"CELDA_DUCHA\" ,\n \"CELDA_SANITARIO\" ,\n \"CELDA_SERVICIO_MEDICO\",\n \"CELDA_ALIMENTOS\",\n \"CARCEL_EJERCICIO\",\n \"CARCEL_LECTURA\" ,\n \"CARCEL_RELIGION\" ,\n \"CARCEL_LLAMADAS\" ,\n \"CARCEL_ESTUDIO\" ,\n \"CARCEL_VISITA\" ,\n \"CELDA_SEGURIDAD\" ,\n \"CARCEL_SEGURIDAD\",\n \"TIPO_CARCEL\",\n \"TIEMPO_CARCEL\",\n \"ORIENT_SEXUAL\",\n \"SEXO\"\n)\n\nDatosCualiIntra<-Tabla1[,Var_cuali_intra]\nDatosCualiIntra[]<-lapply(DatosCualiIntra, as.factor)\nkable(head(DatosCualiIntra, 10))\n```\n\n## Paso 1: Análisis factorial (ACM)\n\nLas variables consideradas en el componente de vida intracarcelaria son las siguientes:\n\n-   Sexo de la persona\n-   Orientación sexual de la persona\n-   Acceso a ventanas en la celda\n-   Acceso a agua potable en la celda\n-   Acesso a un sistema de drenaje en la celda\n-   Acceso a luz electrica en la celda\n-   Acceso a una ducha en la celda\n-   Acceso a un sanitario en la celda\n-   Acceso a servicio médico dentro de la celda\n-   Acceso a alimentos gratuitos en la celda\n-   Acceso a espacios de ejercicio en la carcel\n-   Acceso a espacios y/o material de lectura en la carcel\n-   Facilidad de ejercer la religión dentro de la carcel\n-   Puede realizar llamadas dentro de la carcel\n-   Puede continuar con sus estudios dentro de la carcel\n-   Puede recibir visitas dentro de la carcel\n-   Sensación de seguridad en la celda\n-   Sensación de seguridad en la carcel\n-   Tipo de carcel\n-   Cantidad de personas en la celda\n\nPosteriormente, realizamos el ACM mediante el siguiente comando\n\n```{r}\n#| code-fold: show\n#| label: acmIntracarcelario\nacmIntra <- MCA(DatosCualiIntra, graph=FALSE,level.ventil = 0.01,ncp=7)\n```\n\nPara evitar el ruido y distorsión de las categorías \"No sabe/No responde\" utilizamos la técnica de ventilación de variables; esta es implementada mediante el parámetro `level.ventil=0.01`, el cual disipa el efecto de aquellas categorías que contienen menos del 1% de la población en su respectiva variable cualitativa.\n\nLos resultados de este ACM fueron mostrados previamente en la sección de [Análisis de Correspondencias Múltiples](ACM.qmd).\n\n## Paso 2: Seleccionar el número de ejes\n\nPara la selección del número de ejes a considerar en el ACM, utilizaremos el criterio de Benzécri, pues el screeplot tradicional puede verse afectado por la presencia de ejes \"parásitos\".\n\n```{r}\n#| label: screeplotIntra\n#| echo: false\nscreeplot <- fviz_screeplot(acmIntra, addlabels = TRUE, ylim = c(0, 20)) +  ggtitle(\"Scree Plot\") + theme_minimal()+ylab(\"Porcentaje de varianza explicada\")+xlab(\"Ejes\")\n## Usando modif.rate() del paquete GDAtools:\n# ptau <- modif.rate(acm)$modif[, 1]\n## Haciendo las cuentas uno mismo:\ns <- ncol(DatosCualiIntra)\nl <- acmIntra$eig[acmIntra$eig[,1] > 1/s, 1]\ntau <- ( s / (s - 1) )^2 * ( l - (1/s) )^2\nptau <- tau / sum( tau ) * 100\n\n# Creamos un data frame para usar con ggplot2\nbarplot_df <- data.frame(Indice = factor(1:length(ptau)), Valor = ptau)\n\n# Creamos el gráfico de barras con ggplot2\nbarplot_gg <- ggplot(barplot_df, aes(x = Indice, y = Valor)) +\n  geom_bar(stat = \"identity\", fill = \"darkred\") +\n  ylim(0, max(barplot_df$Valor+10)) +\n  labs(x = \"Ejes\", y = expression(tau(lambda))) +\n  theme_minimal() +\n  ggtitle(\"Criterio de Benzécri\")\n\ngrid.arrange(screeplot, barplot_gg, ncol = 1)\n```\n\nAl observar los valores de inercia ajustada por el criterio de Benzécri, obtenemos que los 3 primeros ejes acumulan alrededor del 90% de la inercia de los datos.\n\n```{r}\n#| label: Tabla-benzecriintra\n#| echo: false\n#| warning: false\n#| output: true\n\nkable(barplot_df[1:5,])\n```\n\nPor lo tanto, para nuestro agrupamiento, consideraremos únicamente los 3 primeros ejes de nuestro ACM. Luego, nuestras variables cuantitativas a agrupar mediante K-means son las coordenadas de los 3 primeros ejes de cada uno de los individuos.\n\n```{r}\n#| label: seleccionejes\n#| code-fold: show\nY<-acmIntra$ind$coord[,1:3]\n```\n\n## Paso 3: Pre-agrupamiento\n\nDado que contamos con la información de 61449 individuos, es necesario realizar un preagrupamiento de los datos antes del agrupamiento jerárquico. Para esto, implementaremos el método de k-means para obtener 5000 grupos.\n\nEl método de K-means nos ayuda a que, dentro de cada uno de estos 5000 grupos, se posea una inercia mínima. En otras palabras, los individuos dentro de cada grupo son \"parecidos\" o próximos según su distancia euclidiana en las coordenadas.\n\n```{r}\n#| label: Preagrupamieto\n#| code-fold: show\n#| fig-cap: ''\n#| fig-align: 'center'\n#| fig-width: 5\n#| fig-height: 5.5\nset.seed(1311) #Fijamos la semilla\npregroup<- kmeans(Y, centers = 5000)  #Agrupamos los datos en 5000 grupos\n```\n\n## Paso 4: Agrupamiento Jerárquico\n\nAhora que tenemos 5000 grupos de individuos, realizaremos un agrupamiento jerárquico usando la distancia de Ward entre los centros de gravedad de los 5000 grupos. para esto se utiliza la función `ward.cluster` del paquete `FactoClass`.\n\nAsi, obtenemos el siguiente dendograma de esta agrupación de grupos.\n\n```         \n\nkable(barplot_df[1:5,])\n```\n\n```{r}\n#| label: jerarquico\n#| fig-cap: ''\n#| fig-align: 'center'\n#| fig-width: 5\n#| fig-height: 5.5\n#| echo: false\n\nhclCafe <- ward.cluster(dista=dist(pregroup$centers), h.clust=1) # función de FactoClass\nplot(hclCafe, las=1, col=\"darkblue\", main=\"\", sub=\"\", xlab=\"\")\nabline(h=seq(0, 7, 0.5), col=\"gray90\", lty=3)\n```\n\n## Paso 5: Número total de grupos\n\nObservando y analizando el dendograma anterior, se consideraron las ideas de clasificar la población en 4 o 7 grupos.Debido a esto, se hizo la agrupación de los individuos para estas 2 cantidades.\n\nAl final, los 7 grupos resultantes no presentaban diferencias claras en sus categorías. Por lo tanto, se optó por agrupar a la población en 4 grupos, los cuales presentaban diferencias claras entre ellos.\n\nEl corte del árbol y la selección de grupos fueron realizadas mediante el siguiente comando\n\n```{r}\n#| label: numero-grupos\n#| code-fold: show\ngrupos_jerarquicos <- cutree(hclCafe, k=4)\n```\n\n## Paso 6: Consolidación\n\nFinalmente, realizamos nuestro K-means de consolidación a partir de los centros de gravedad obtenidos en el agrupamiento jerárquico.\n\n```{r}\n#| label: consolidacion\n#| code-fold: true\n\nset.seed(1311) #Fijamos semilla \n\ncentros_de_gravedad <- aggregate(pregroup$centers, by = list(grupos_jerarquicos), FUN = mean) #Calculamos los centros de gravedad obtenidos para los 5000 grupos\n\n\nkmeans_consolidacion <- kmeans(pregroup$centers, centers = centros_de_gravedad[, -1]) #Iniciamos kmeans con los centros de gravedad calculados\n\nordenados <- order(rowSums(kmeans_consolidacion$centers))\n\n# Crear una nueva asignación de grupos reordenada\nconsolidacion <- match(kmeans_consolidacion$cluster, ordenados)\n\nGrupos<-consolidacion[pregroup$cluster] #Obtenemos los grupos finales\n#Grupos<-kmeans_consolidacion$cluster[pregroup$cluster] #Obtenemos los grupos finales\n```\n\n## Paso 7: Caracterización\n\nUna vez obtenidos los grupos, realizamos un análisis descriptivo de estos para reconocer las variables que caracterizan a cada uno de estos 4 grupos.\n\nDado que se trata únicamente de variables cualitativas, haremos la caracterización a partir de los valores test y la tabla de perfiles entre los grupos y las demás variables.\n\n### Variables de Vida intracarcelaria\n\n```{r}\n#| label: AsignacionGrupos\n#| echo: false\n\nY<-as.data.frame(Y)\nY[[\"GrupoFinal\"]]<-as.factor(Grupos)\nDatosCualiIntra<-cbind(DatosCualiIntra,Y[\"GrupoFinal\"])\nTabla1<-cbind(Tabla1,Y[\"GrupoFinal\"])\nvalores_test<-cluster.carac(DatosCualiIntra[,1:21], DatosCualiIntra$GrupoFinal)\n```\n\nPara comenzar, veamos como se repartió la población en cada uno de los grupos.\n\n```{r}\n#| label: PorcentajesGrupos\n#| echo: false\n\nkable(table(DatosCualiIntra$GrupoFinal)/nrow(DatosCualiIntra)*100)\n```\n\nDe esta forma, vemos que la mayoría de los individuos pertenece al grupo 1, dado los resultados mostrados sobre el ACM anterior, es de esperarse que las personas de este grupo sean las que no e encuentra bien representadas o caracterizadas por el ACM, es decir, aquellas que se encuentran cerca al origen en los planos factoriales.\n\nBajo el mismo argumento, es de esperarse que los individuos del grupo 4 estén bien representados y caracterizados por los ejes del ACM, siendo estos los individuos con mayor inercia.\n\n#### **Valores Test**\n\n::: panel-tabset\n##### Grupo 1\n\n```{r}\n#| label: valuest grupo1\n#| message: false\n#| echo: false\n#| warning: false\n#| output: true\n\nkable(valores_test[[\"1\"]]) %>% kable_styling(\"striped\", full_width = T) %>% \n scroll_box(height = \"500px\")\n```\n\nMediante los valores test observamos varias características de este grupo. Inicialmente, los valores test $\\infty$, nos dicen que hay una representación fuerte o casi perfecta entre dichas categorías y el grupo 1. Siendo así, las principales características de este grupo son las siguientes:\n\n-   Este grupo posee características y proporciones muy próximas al promedio global en la mayoría de sus variables. Dentro de las variables características de este grupo, se encuentra que los individuos de este grupo tienden a tener mejores condiciones de vida intracarcelaria al compararlo con el promedio.\n\n-   El grupo está compuesto un 98% por personas del sexo masculino, que representan al 85% de la población masculina encuestada.tambié, esta compuesto un 97% de personas heterosexuales que son alrededor del 60% de la población heterosexual.\n\n-   Finalmente, el 29% de este grupo comparte celda con máximo 2 personas, que representa al 75% de esta categoria.\n\n##### Grupo 2\n\n```{r}\n#| label: valuest grupo2\n#| message: false\n#| echo: false\n#| warning: false\n#| output: true\n\n\nkable(valores_test[[\"2\"]])%>%kable_styling(\"striped\", full_width = T) %>% \n scroll_box(height = \"500px\")\n```\n\nMediante los valores test observamos varias características de este grupo. Inicialmente, los valores test $\\infty$, nos dicen que hay una representación fuerte o casi perfecta entre dichas categorías y el grupo 2. Siendo así, las principales características de este grupo son las siguientes:\n\n-   Las personas identificadas con el sexo Femenino están fuertemente representadas en este grupo, pues se tiene que el 74,5% de las personas de sexo femenino están dentro de el grupo 2. Además, alrededor del 98% de los miembros de este grupo son mujeres, lo cual es un porcentaje considerablemente alto al compararlo con el porcentaje de la población global, el cual es 19%.\n\n-   De forma consecuente a lo anterior y a lo visto en el ACM, este grupo también representa fuertemente a las personas que se encuentran en un centro de reclusión femenino, donde alrededor del 58,8% de los individuos del grupos pertenecen a esta categoria.\n\n-   Dada la relación vistas entre la orientación sexual y el sexo, se tiene que este grupo también está relacionado con las categorías \"Bisexual\" y \"homosexual\", donde alrededor del 53% y 59% de los individuos de estas categorias pertenecen a este grupo, que representan a un 15% y 7% de la población del grupo. Esto adquiere una mayor relevancia al comparar con la proporción de esta categoría en la población general, las cuales son 4.1% y 1.8%.\n\n-   Alrededor del 19% de los individuos de este grupo, llevaban menos de 6 meses dentro del centro de reclusión al momento en el que fueron encuestadas. Esta población es el 40% de los individuos de esta categoría, esto es de importancia por su gran diferencia con la proporción de la población general, que es un 7%.\n\n-   Finalmente, las condiciones de vida dentro de la celda y carcel son buenas, pues alrededor del 99% de las personas de este grupo tienden a poseer ducha, agua potable, sanitarios, drenaje y luz en su celda. Además de poseer espacios para lectura, servicio médico, hacer llamadas, recibir visitas y continuar sus estudios dentro del centro penitenciario.\n\n##### Grupo 3\n\n```{r}\n#| label: valuest grupo3\n#| message: false\n#| echo: false\n#| warning: false\n#| output: true\n\nkable(valores_test[[\"3\"]]) %>%kable_styling(\"striped\", full_width = T) %>% \n scroll_box(height = \"500px\")\n```\n\nMediante los valores test observamos varias características de este grupo. Inicialmente, los valores test $\\infty$, nos dicen que hay una representación fuerte o casi perfecta entre dichas categorías y el grupo 3. Siendo así, las principales características de este grupo son las siguientes:\n\n-   Existe una relación fuerte entre el grupo 3 y compartir celda con más de 10 personas. El 32,3% de las personas que comparten celda con más de 10 personas se encuentran en este grupo, y esta población resulta ser el 45% del grupo 3, es decir, casi la mitad de este grupo comparte celda con más de 10 personas; esto constrata con la población global, donde el 18.6% se encuentra en estas condiciones.\n\n-   Además, este grupo también está relacionado con malas condiciones de vida dentro de la celda, pues poseen una proporción más alta respecto a la falta de servicio medico, ventanas en la celda,sensación de seguridad, espacios para lectura y espiritualidad respecto a la población global. Sin embargo, más del 90% del grupo tiene agua potable, ducha, sanitario y un sistema de drenaje en sus celdas.\n\n-   Finalmente, pese a no tener una relación tan fuerte, este grupo está compuesto un 93% por personas del sexo masculino, que resultan ser el 15% de los hombres encuestados.\n\n##### Grupo 4\n\n```{r}\n#| label: valuest grupo4\n#| message: false\n#| echo: false\n#| warning: false\n#| output: true\n\nkable(valores_test[[\"4\"]]) %>%kable_styling(\"striped\", full_width = T) %>% \n scroll_box(height = \"500px\")\n```\n\nMediante los valores test observamos varias características de este grupo. Inicialmente, los valores test $\\inf$, nos dicen que hay una representación fuerte o casi perfecta entre dichas categorías y el grupo 4. Siendo así, las principales características de este grupo son las siguientes:\n\n-   Al igual que en el grupo 3, este grupo se encuentra fuertemente relacionado con la falta de condiciones saludables en la celda. Se destaca que más del 76% de la población de este grupo no cuenta con agua potable, ducha, sanitario o drenaje en la celda. Cabe a resaltar que este grupo contiene al 95% de los individuos que no contienen un drenaje o sanitario en su celda.\n\n-   En contraste, este grupo tiende a poseer acceso a servicio médico y espacios de lectura, ejercicio, estudio y llamadas en el centro penitenciario.\n\n-   Este grupo, al igual que el grupo 2, posee una fuerte relación con el sexo femenino, pues el 42.5% de este grupo está compuesto por mujeres, que representan el 13% de la población total de mujeres encuestadas. Así mismo, dada la relación del sexo con las carceles femeninas, el 31% de la población de este grupo pertenece a un centro penitenciario femenino.\n\n-   El 39% de este grupo comparte celda con máximo 2 personas.\n:::\n\nUna vez determinamos algunas de las variables características de cada grupo. Podemos confirmarlo a partir de sus tablas de perfiles.\n\n#### **Tablas de perfiles**\n\n::: panel-tabset\n##### Sexo\n\n```{r}\n#| label: graficoperfilessexo\n#| echo: false\ntc<-table(DatosCualiIntra$GrupoFinal,DatosCualiIntra$SEXO)\n\n    plotct(tc, \"row\", col=1+(1:ncol(tc)))\n\n```\n\nEsto concuerdo con lo visto anteriormente, pues alrededor del 99% del grupo 2 está compuesto por personas del sexo femenino. Tambié, el grupo 4 está compuesto 42% de las personas de este sexo, siendo los unicos grupos donde el sexo femenino tiene una presencia considerable dentro del grupo.\n\n##### Agua potable\n\n```{r}\n#| label: graficoperfilesagua\n#| echo: false\ntc<-table(DatosCualiIntra$GrupoFinal,DatosCualiIntra$CELDA_AGUA_POTABLE)\n\n    plotct(tc, \"row\", col=1+(1:ncol(tc)))\n\n```\n\nComo fue visto anteriormente, los grupos 3 y 4 se caracterizaron por la falta de condiciones en la celda, siendo el grupo 4 el más afectado por la falta de agua potable, drenaje, sanitario y duchas.\n\nEn cuenato el grupo 1 y 2, se vio caracterizado por las buenas condiciones de vida dentro de las celdas.\n\n##### Personas celda\n\n```{r}\n#| label: graficoperfilescelda\n#| echo: false\ntc<-table(DatosCualiIntra$GrupoFinal,DatosCualiIntra$CAR_PERSONAS_CELDA)\n\n    plotct(tc, \"row\", col=1+(1:ncol(tc)))\n\n```\n\nComo fue visto en la caracterización del grupo 3 y 4, el grupo 4 se caracterizó ya que alrededor del 40% de las personas no compartía celda con más de 2 personas. Y por el otro lado, el 45% de los individuos del grupo 3 comparten celda con más de 10 personas.\n\n##### Lectura\n\n```{r}\n#| label: graficoperfilesEjercicio\n#| echo: false\ntc<-table(DatosCualiIntra$GrupoFinal,DatosCualiIntra$CARCEL_LECTURA)\n\n    plotct(tc, \"row\", col=1+(1:ncol(tc)))\n\n```\n\nComo fue visto, el grupo 3 se caracteriza por la falta de servicios y condiciones saludables en la celda y en el centro penitenciario.\n\n##### Ventanas\n\n```{r}\n#| label: graficoperfilesVentanas\n#| echo: false\ntc<-table(DatosCualiIntra$GrupoFinal,DatosCualiIntra$CELDA_VENTANAS)\n\n    plotct(tc, \"row\", col=1+(1:ncol(tc)))\n\n```\n\n##### Tipo Carcel\n\n```{r}\n#| label: graficoperfilesTipoCarcel\n#| echo: false\ntc<-table(DatosCualiIntra$GrupoFinal,DatosCualiIntra$TIPO_CARCEL)\n\n    plotct(tc, \"row\", col=1+(1:ncol(tc)))\n\n```\n\nEste gráfico está estrechamente relacionado con la variable SEXO, pues dado que el grupo 2 y 4 poseen la mayoría de mujeres, es de esperarse que estos contenga todas las personas de los centros penitenciarios femeninos. Y viceversa, dado que los grupos 1 y 3 están compuestos por hombres , es de esperarse que estos posean toda la población de los centros penitenciarios masculinos.\n\nLlama la antención la justa proporción que hay entre el grupo 1,2 y la distribución marginal.\n\n##### Tiempo Carcel\n\n```{r}\n#| label: graficoperfilesTiempoCarcel\n#| echo: false\ntc<-table(DatosCualiIntra$GrupoFinal,DatosCualiIntra$TIEMPO_CARCEL)\n\n    plotct(tc, \"row\", col=1+(1:ncol(tc)))\n\n```\n\nEs de notar que el grupo 2, compuesto unicamente por mujeres, se caracterizan por haber llevado menos tiempo dentro de las carceles que las personas de los demás grupos.\n:::\n\n### Otras variables\n\nAhora veremos cómo se distribuyen las variables cuantitativas y cualitativas que no fueron consideradas en el ACM del paso 1 en los 4 grupos obtenidos de nuestra población. En el caso de las variables cuantitativas, solo consideraremos aquellas variables que no fueron discretizadas, es decir, las variables sobre el edad de consumo de sustancias y el tiempo que fueron condenadas se considerarán en intervalos.\n\n```{r}\n#| label: otras-variables\n#| message: false\n#| echo: false\n#| warning: false\n#| output: false\n\n\nvarCuantitativas<-c(\"EDAD\",\"NUM_HIJOS\",\"EDAD_ESCOLARIDAD\",\"EDAD_CONSUMO_TABACO\",\"EDAD_CONSUMO_ALCOHOL\",\"EDAD_CONSUMO_MARIHUANA\",\"EDAD_CONSUMO_INHALABLES\",\"EDAD_CONSUMO_LSD\",\"EDAD_CONSUMO_HONGOS\",\"EDAD_CONSUMO_COCAINA\",\"EDAD_CONSUMO_PASTA_COCAINA\",\"EDAD_CONSUMO_CRACK\",\"EDAD_CONSUMO_HEROINA\",\"EDAD_CONSUMO_CHOCHOS\",\"EDAD_CONSUMO_TRANQUILIZANTES\",\"EDAD_CONSUMO_ANFETAMINAS\",\"N_PERSONAS_DEPENDIENTES\",\"DINERO_SOBORNO\",\"DELITOS_ABIERTOS\",\"TIEMPO_RECLUIDO\",\"TIEMPO_PROCESO\",\"CANTIDAD_PERSONAS_CELDA\",\"CELDA_HORAS\",\"VECES_SENTENCIADO\")\n\nvarCualitativas<-setdiff(colnames(Tabla1),c(\"ID_PER\",\"NOM_ENT\",varCuantitativas,\"CONSUMO_TABACO\",\"CONSUMO_ALCOHOL\",\"CONSUMO_MARIHUANA\",\"CONSUMO_INHALABLES\",\"CONSUMO_LSD\",\"CONSUMO_HONGOS\",\"CONSUMO_COCAINA\",\"CONSUMO_PASTA_COCAINA\",\"CONSUMO_CRACK\",\"CONSUMO_HEROINA\",\"CONSUMO_CHOCHOS\",\"CONSUMO_TRANQUILIZANTES\",\"CONSUMO_ANFETAMINAS\"))\n\nvarCualitativas<-setdiff(varCualitativas,colnames(DatosCualiIntra))\n\nvarCuantitativas<-c(\"EDAD\",\"NUM_HIJOS\",\"EDAD_ESCOLARIDAD\",\"N_PERSONAS_DEPENDIENTES\",\"DINERO_SOBORNO\",\"DELITOS_ABIERTOS\",\"CELDA_HORAS\",\"VECES_SENTENCIADO\")\n\nDatosCuantitativos<-Tabla1[,c(varCuantitativas,\"GrupoFinal\")]\nDatosCualitativos<-Tabla1[,c(varCualitativas,\"GrupoFinal\")]\n```\n\n##### **Variables cuantitativas**\n\n```{r}\n#| label: valuest cuanti\n#| message: false\n#| echo: false\n#| warning: false\n#| output: true\n\nVal_test_Cuanti<-cluster.carac(DatosCuantitativos[,1:8], DatosCuantitativos$GrupoFinal, tipo.v = \"co\", \n              v.lim = 2, dn = 2, dm = 2, neg = TRUE)\n\n```\n\n###### **Valores Test**\n\n::: panel-tabset\n###### *Grupo 1*\n\n```{r}\n#| label: valuestCuanti grupo1\n#| message: false\n#| echo: false\n#| warning: false\n#| output: true\n\nkable(Val_test_Cuanti[[\"1\"]]) %>% kable_styling(\"striped\", full_width = T)\n```\n\nEn este caso no se tiene ningún valor test mayor que 2, lo que significa que ningúna variable cuantitativa presenta mayores diferencias entre el grupo 1 y el promedio global.\n\n###### *Grupo 2*\n\n```{r}\n#| label: valuestCuanti grupo2\n#| message: false\n#| echo: false\n#| warning: false\n#| output: true\n\n\nkable(Val_test_Cuanti[[\"2\"]])%>%kable_styling(\"striped\", full_width = T)\n```\n\nEn el grupo 2, pueden observarse ligareas diferencias entre el promedio global y el promedio de este grupo. Tenemos que las personas de este grupo tienden a ser 3 años más jovenes que el promedio, tener un mayor número de hijos y pasar más horas en la celda.\n\nEsto tiene sentido, pues como fue visto anteriormente, el grupo 2 está compuesto principalmente por mujeres que cuentan con mejores condiciones en la celda que el promedio. Por lo tanto, es de esperarse que este grupo cuente con un mayor número de hijos y pase mayor tiempo dentro de la celda.\n\n###### *Grupo 3*\n\n```{r}\n#| label: valuestCuanti grupo3\n#| message: false\n#| echo: false\n#| warning: false\n#| output: true\n\nkable(Val_test_Cuanti[[\"3\"]]) %>%kable_styling(\"striped\", full_width = T) \n```\n\nAl igual que en el grupo anterior, los promedios globales no distan de forma drástica, pero sí significativa, del promedio global. En este caso, este grupo se caracteriza por pasar una hora más en la celda que el promedio además de tener un mayor número de personas dependientes y haber dejado los estudios a una edad más temprana.\n\nSi bien no son tan claras, estas variables guardan una relación con lo visto en las variables de vida intracarcelaria. Pues el hecho de que este grupo no cuente con buenas condiciones de vida dentro del centro penitenciario y comparta celda con tantas personas, puede estar relacionado con la cantidad de horas en la celda.\n\nTambién, el número de personas dependientes a este grupo puede hacer referencia a los hijos y esposa (recordando que la mayoriá de este grupo son hombres heterosexuales) que puedan depender económicamente del individuo.\n\nSe destaca que a las personas de este grupo, las autoridades confiscaron uma mayor cantidad de dinero cuando se intentó realizar algun soborno durante su detención.\n\n###### *Grupo 4*\n\n```{r}\n#| label: valuestCuanti grupo4\n#| message: false\n#| echo: false\n#| warning: false\n#| output: true\n\nkable(Val_test_Cuanti[[\"4\"]]) %>%kable_styling(\"striped\", full_width = T)\n```\n\nRecordando que el grupo 4 era un grupo casi equitativo entre hombres y mujeres, que no poseían buenas condiciones de vida dentro de la celda pero sí dentro del centro penitenciario. Es coherente tener que en este grupo las personas no permanecen tanto tiempo en celda, pues hacen uso de los otros espacios dados por el centro penitenciario.\n\nSe destaca que las personas de este grupo han sido sentenciadas y juzgadas una menor cantidad de veces que el promedio global, y si bien no es tan drástica la diferencia, poseen una menor cantidad de personas dependientes.\n:::\n\n##### **Variables cualitativas**\n\n```{r}\n#| label: valuestCuali2 \n#| message: false\n#| echo: false\n#| warning: false\n#| output: true\nVal_test_Cuali2<-cluster.carac(DatosCualitativos[,1:46], DatosCualitativos$GrupoFinal)\n\n```\n\n###### **Valores Test**\n\n::: panel-tabset\n###### *Grupo 1*\n\n```{r}\n#| label: valuestCuali2 grupo1\n#| message: false\n#| echo: false\n#| warning: false\n#| output: true\n\nkable(Val_test_Cuali2[[\"1\"]]) %>% kable_styling(\"striped\", full_width = T) %>% \n scroll_box(height = \"500px\")\n```\n\nSi bien se tuvieron varios valores test significativos. Los promedios de este grupo no presentan distancias drásticas del promedio. Por lo tanto, este grupo casi no presenta particularidades a destacar.\n\nPodría decirse que el grupo de \"control\" o el grupo promedio.\n\n###### *Grupo 2*\n\n```{r}\n#| label: valuestCuali2 grupo2\n#| message: false\n#| echo: false\n#| warning: false\n#| output: true\n\n\nkable(Val_test_Cuali2[[\"2\"]])%>%kable_styling(\"striped\", full_width = T) %>% \n scroll_box(height = \"500px\")\n```\n\nEn el grupo 2, recordando que está compuesto mayoritariamente por mujeres. Posee características que fueron vistas en los otros ACM realizados en este proyecto. Entre las cuales se encuentran:\n\n-   El 20.9% del grupo paró sus estudios debido a que quedaron embarazadas. Siendo una diferencia significativa con la población global, donde solo el 7.8% dejaron los estudios por este motivo.\n\n-   Si se excluye a la persona del hogar, la cabeza del hogar para el 16.8% de las personas del grupo son los hijos. Lo que da indicios de que alrededor del 16% del grupo son madres solteras cabezas de hogar.\n\n-   La mayoría de personas en este grupo no ha consumido o consumió por primera vez las sustancias psicoactivas a edades más tardías que el promedio.\n\n-   El 48% de las personas de este grupo no han sido condenadas, por lo tanto, se encuentran el periodo de proceso/investigación de sus delitos. Sobre esto, el 16.3% de las personas de este grupo llevaban entre 0.08 y 0.58 años siendo procesadas. Esto es una diferencia signicativa, pues al ver la distribución de estas categorías en la población global tenemos que el 33.2% se encuentra siendo procesado y el 7.2% de la población total lleva menos de 6 meses en proceso.\n\n-   El 9% de este grupo, no recibió ningún salario en el mes anterior a su detención. Lo que es una diferencia significativa respecto a la población global, donde fue el 2.9%.\n\n-   Finalmente, este grupo consideró el suicidio en una proporción de 5 puntos porcentuales más que el promedio global. Donde 17.2% de este grupo considero el suicidio.\n\n###### *Grupo 3*\n\n```{r}\n#| label: valuestCuali2 grupo3\n#| message: false\n#| echo: false\n#| warning: false\n#| output: true\n\nkable(Val_test_Cuali2[[\"3\"]]) %>%kable_styling(\"striped\", full_width = T)  %>% \n scroll_box(height = \"500px\")\n```\n\nEn este grupo se encuentra una mayor relación con las variables cuantitativas y algunos resultados dados en los otros ACM realizados.\n\n-   Al 24.5% de los individuos de este grupo las autoridades les pidieron un soborno a cambio de dejarlos libres o no hacerles daño. Esto representa un aumento significativo de 10% porcentuales respecto a la población en general. Así mismo, durante el juicio, al 19.5% de los miembros de este grupo, les pidieron un soborno a cambio de dejarlos en libertad. Esto tiene sentido con los valores vistos en los valores test de las variables cuantitativas.\n\n-   El 77.4% de los miembros de este grupo no se declararon culpables, lo que es una diferencia de 7 puntos porcentuales de la población global. Además, el 54.4% de los individuos del grupo manifestaron que fueron inculpados falsamente de los crímenes por los cuales fueron sentenciados.\n\n-   Este grupo presenta una leve proporción mayor de personas que poseen alguna discapacidad auditiva, visual o motriz a comparación de la población global.\n\n###### *Grupo 4*\n\n```{r}\n#| label: valuestCuali2 grupo4\n#| message: false\n#| echo: false\n#| warning: false\n#| output: true\n\nkable(Val_test_Cuali2[[\"4\"]]) %>%kable_styling(\"striped\", full_width = T) %>% \n scroll_box(height = \"500px\")\n```\n\nDado que este grupo está compuesto por un porcentaje considerable de mujeres. Se encuentran que los valores test significativos son casi identicos a los del grupo 2.\n\nLa principal diferente de este grupo con el grupo 2 estas variables, es el tiempo que ha durado siendo procesada y el estado de condena. En este grupo, el 35% de los miembros se encuentran siendo procesados, lo que es bastante próximo a la población global (33%), a comparación del 48% del grupo 2. Además de que el tiempo\n:::\n\n## Paso 8: Proyección de los grupos en los planos factoriales\n\nPor último, veremos como se concentran y distribuye cada uno de estos grupos sobre los 3 ejes factoriales considerados.\n\n::: panel-tabset\n### Eje 1-2\n\n```{r}\n#| label: plano1-2\n#| echo: false\n#| output: true\nfviz_mca_ind(acmIntra,label = \"none\",\n             axes=c(1,2),\n             habillage = Y$GrupoFinal,\n             #col.ind= Y$GrupoFinal,\n             palette = \"jco\",  addEllipses = TRUE,\n             ellipse.type = \"convex\",\n             repel = TRUE) \n```\n\n### Eje 1-3\n\n```{r}\n#| label: plano1-3\n#| echo: false\n#| output: true\nfviz_mca_ind(acmIntra,label = \"none\",\n             axes=c(1,3),\n             habillage = Y$GrupoFinal,\n             #col.ind= Y$GrupoFinal,\n             palette = \"jco\",  addEllipses = TRUE,\n             ellipse.type = \"convex\",\n             repel = TRUE) \n```\n\n### Eje 2-3\n\n```{r}\n#| label: plano2-3\n#| echo: false\n#| output: true\nfviz_mca_ind(acmIntra,label = \"none\",\n             axes=c(2,3),\n             habillage = Y$GrupoFinal,\n             #col.ind= Y$GrupoFinal,\n             palette = \"jco\",  addEllipses = TRUE,\n             ellipse.type = \"convex\",\n             repel = TRUE) \n```\n:::\n\nTal como era de esperarse, el grupo 1, el cual contiene al 66.28% de la población, se concentra alrededor del origen, indicando que este grupo contiene a los individuos \"independientes\" o más semejantes al promedio en el ACM.\n\nEn cuanto a los grupos 2 y 3, estos están determinados principalmente por el segundo eje, al parecer de una forma opuesta. Por último, 4 está representado principalmente por el primer eje principal, sin embargo, posee una influencia fuerte del segundo eje, como puede observarse en el último plano factorial.\n\n## Resumen de los grupos\n\nA partir del análisis visto, puede decirse en términos resumidos. Que cada uno de los 4 grupos se caracteriza de la siguiente forma:\n\n-   **Primer Grupo:** Este grupo consiste en el 66.13% de la población total. Si bien posee algunas diferencias con la población global, este grupo no posee grandes particularidades que lo distingan del promedio. Dando una leve descripción de este grupo, está compuesto mayoritariamente por hombres heterosexuales que poseen \"buenas\" condiciones de vida dentro del centro penitenciario.\n\n-   **Segundo grupo:** Este grupo posee el 14.6% de la población total y consiste en la mujeres que poseen buenas condiciones de vida dentro del centro peninteciario.\n\n    Como fue visto en los ACM realizados en la anterior sección, dada la relación de ciertas variables con el sexo. Este grupo también puede caracterizarse mediante los siguientes hechos:\n\n    -   Este grupo concentra en mayor proporción a la población homosexual y bisexual.\n\n    -   Este grupo tiende a tener personas que llevan poco tiempo (menos de 6 meses, máximo 1 año) en el centro penitenciario. Ademas de que casi la mitad de la población está siendo procesada, mas no condenada. Y estas personas que están llevando a cabo un proceso judicial, llevan menos de 6 meses en dicho proceso.\n\n    -   Una proporción considerable de este grupo paró sus estudios debido al embarazo y/o son madres solteras cabezas de hogar.\n\n    -   Este grupo también se caracteriza por nunca haber consumido, o comenzar el consumo de sustancias psicoactivas en edades tardías.\n\n    -   Este grupo tiene un fuerte vinculo con las carceles femeninas.\n\n-   **Tercer grupo:** Este grupo es el 5.87% de la población encuestada y se resume en los hombres que poseen condiciones de vida desfavorables dentro del centro penitenciario, como es la falta de drenaje, agua potable, compartir celda con más de 10 personas, falta de espacios para practicar ejercicio, lectura, estudiar.\n\n    También, se destacan las siguientes particularidades vistas en este grupo:\n\n    -   Este grupo presentó un alto número de personas a las que les ofrecieron dejarlos libres a cambio de un soborno.\n\n    -   Un porcentaje significativo de este grupo manifestó que fueron acusados falsamente del crimen por el que fueron condenados.\n\n    -   Este grupo presenta una mayor proporción de personas en condición de discapacidad auditiva,visual y motriz en comparación de la población total.\n\n    -   El 16% de este grupo posee una condena mayor a 30 años. Esto es una proporción mayor que en la población total, donde es el 13%.\n\n-   **Cuarto Grupo:** Este grupo trata del 13.40% restante de la población total encuestada. Si bien la población no es totalmente femenina, este grupo contiene a la población femenina que posee condiciones de vida desfavorables en el centro penitencario.\n\n    -   Se destacan diferencias respecto al grupo anterior, como lo son la dramática falta de un sistema de drenaje y sanitarios en las celdas.\n\n    -   Sin embargo, este grupo posee acceso a material y espacios de estudio, lectura, ejercicio y llamadas.\n\n    -   Este grupo tiende a compartir celda con pocas personas, alrededor del 73% del grupo comparte celda con máximo 6 personas y solo el 9% comparte celda con más de 10. Por lo que el hacinamiento es algo característico del grupo 3.\n\n    -   En este grupo se encuentra en mayor proporción a las mujeres que poseen un tiempo de proceso de más de 2 años, y que llevan recluídas en el centro penitenciario más de 1 año. Sin embargo, los tiempos de condena no superan los 6 años.\n"},"formats":{"html":{"identifier":{"display-name":"HTML","target-format":"html","base-format":"html"},"execute":{"fig-width":7,"fig-height":5,"fig-format":"retina","fig-dpi":96,"df-print":"default","error":false,"eval":true,"cache":null,"freeze":false,"echo":true,"output":true,"warning":true,"include":true,"keep-md":false,"keep-ipynb":false,"ipynb":null,"enabled":null,"daemon":null,"daemon-restart":false,"debug":false,"ipynb-filters":[],"ipynb-shell-interactivity":null,"plotly-connected":true,"engine":"knitr"},"render":{"keep-tex":false,"keep-typ":false,"keep-source":false,"keep-hidden":false,"prefer-html":false,"output-divs":true,"output-ext":"html","fig-align":"default","fig-pos":null,"fig-env":null,"code-fold":"none","code-overflow":"scroll","code-link":false,"code-line-numbers":false,"code-tools":false,"tbl-colwidths":"auto","merge-includes":true,"inline-includes":false,"preserve-yaml":false,"latex-auto-mk":true,"latex-auto-install":true,"latex-clean":true,"latex-min-runs":1,"latex-max-runs":10,"latex-makeindex":"makeindex","latex-makeindex-opts":[],"latex-tlmgr-opts":[],"latex-input-paths":[],"latex-output-dir":null,"link-external-icon":false,"link-external-newwindow":false,"self-contained-math":false,"format-resources":[],"notebook-links":true},"pandoc":{"standalone":true,"wrap":"none","default-image-extension":"png","to":"html","css":["styles.css"],"toc":true,"output-file":"Agrupamiento.html"},"language":{"toc-title-document":"Tabla de contenidos","toc-title-website":"En esta página","related-formats-title":"Otros formatos","related-notebooks-title":"Notebooks","source-notebooks-prefix":"Fuente","other-links-title":"Otros Enlaces","code-links-title":"Enlaces de código","launch-dev-container-title":"Iniciar Dev Container","launch-binder-title":"Iniciar Binder","article-notebook-label":"Cuaderno de Artículo","notebook-preview-download":"Descargar Cuaderno","notebook-preview-download-src":"Descargar código fuente","notebook-preview-back":"Volver al Artículo","manuscript-meca-bundle":"Archivo MECA","section-title-abstract":"Resumen","section-title-appendices":"Apéndices","section-title-footnotes":"Notas","section-title-references":"Referencias","section-title-reuse":"Reutilización","section-title-copyright":"Derechos de autor","section-title-citation":"Cómo citar","appendix-attribution-cite-as":"Por favor, cita este trabajo como:","appendix-attribution-bibtex":"BibTeX","title-block-author-single":"Autor/a","title-block-author-plural":"Autores/as","title-block-affiliation-single":"Afiliación","title-block-affiliation-plural":"Afiliaciones","title-block-published":"Fecha de publicación","title-block-modified":"Fecha de modificación","title-block-keywords":"Palabras clave","callout-tip-title":"Tip","callout-note-title":"Nota","callout-warning-title":"Advertencia","callout-important-title":"Importante","callout-caution-title":"Precaución","code-summary":"Código","code-tools-menu-caption":"Código","code-tools-show-all-code":"Mostrar todo el código","code-tools-hide-all-code":"Ocultar todo el código","code-tools-view-source":"Ver el código fuente","code-tools-source-code":"Ejecutar el código","tools-share":"Compartir","tools-download":"Descargar","code-line":"Línea","code-lines":"Líneas","copy-button-tooltip":"Copiar al portapapeles","copy-button-tooltip-success":"Copiado","repo-action-links-edit":"Editar esta página","repo-action-links-source":"Ver el código","repo-action-links-issue":"Informar de un problema","back-to-top":"Volver arriba","search-no-results-text":"Sin resultados","search-matching-documents-text":"documentos encontrados","search-copy-link-title":"Copiar el enlace en la búsqueda","search-hide-matches-text":"Ocultar resultados adicionales","search-more-match-text":"resultado adicional en este documento","search-more-matches-text":"resultados adicionales en este documento","search-clear-button-title":"Borrar","search-text-placeholder":"","search-detached-cancel-button-title":"Cancelar","search-submit-button-title":"Enviar","search-label":"Buscar","toggle-section":"Alternar sección","toggle-sidebar":"Alternar barra lateral","toggle-dark-mode":"Alternar modo oscuro","toggle-reader-mode":"Alternar modo lector","toggle-navigation":"Navegación de palanca","crossref-fig-title":"Figura","crossref-tbl-title":"Tabla","crossref-lst-title":"Listado","crossref-thm-title":"Teorema","crossref-lem-title":"Lema","crossref-cor-title":"Corolario","crossref-prp-title":"Proposición","crossref-cnj-title":"Conjetura","crossref-def-title":"Definición","crossref-exm-title":"Ejemplo","crossref-exr-title":"Ejercicio","crossref-ch-prefix":"Capítulo","crossref-apx-prefix":"Apéndice","crossref-sec-prefix":"Sección","crossref-eq-prefix":"Ecuación","crossref-lof-title":"Listado de Figuras","crossref-lot-title":"Listado de Tablas","crossref-lol-title":"Listado de Listados","environment-proof-title":"Prueba","environment-remark-title":"Observación","environment-solution-title":"Solución","listing-page-order-by":"Ordenar por","listing-page-order-by-default":"Por defecto","listing-page-order-by-date-asc":"Menos reciente","listing-page-order-by-date-desc":"Más reciente","listing-page-order-by-number-desc":"De mayor a menor","listing-page-order-by-number-asc":"De menor a mayor","listing-page-field-date":"Fecha","listing-page-field-title":"Título","listing-page-field-description":"Descripción","listing-page-field-author":"Autor/a","listing-page-field-filename":"Nombre de archivo","listing-page-field-filemodified":"Fecha de modificación","listing-page-field-subtitle":"Subtítulo","listing-page-field-readingtime":"Tiempo de lectura","listing-page-field-wordcount":"Conteo de Palabras","listing-page-field-categories":"Categorías","listing-page-minutes-compact":"{0} minutos","listing-page-category-all":"Todas","listing-page-no-matches":"No hay resultados","listing-page-words":"{0} palabras"},"metadata":{"lang":"es","fig-responsive":true,"quarto-version":"1.4.549","editor":"source","theme":{"light":"simplex","dark":"slate"},"toc-expand":2,"toc-title":"Tabla de contenidos","toc-location":"right","title":"Agrupamiento","author":"Juan Pablo Montaño Díaz & Laura Katherine Martinez Castiblanco"},"extensions":{"book":{"multiFile":true}}}},"projectFormats":["html"]}