{"title":"Conclusiones","markdown":{"yaml":{"title":"Conclusiones","author":"Juan Pablo Montaño Díaz & Laura Katherine Martinez Castiblanco","format":"html","editor":"source"},"headingText":"Sobre el objetivo","containsRefs":false,"markdown":"\n\nA lo largo de este proyecto se emplearon diferentes métodos de análisis descriptivos en los datos obtenidos por la Encuesta Nacional de la Población Privada de la Libertad 2021 (ENPOL). El uso de estos métodos respondía al propósito descriptivo del estudio, el cual pretendía encontrar relaciones entre las condiciones de vida y características sociodemográficas,delictivas y económicas de las personas privadas de la libertad dentro de los centro penitenciarios de los Estados Unidos Mexicanos.\n\n\nSe observó que las condiciones de vida dentro del centro penitenciario están principalmente relacionadas entre sí, lo que sugiere que dichas condiciones poseen un alto grado de independencia de las características individuales y reflejan, en su mayoría, factores inherentes a los propios centros penitenciarios. Sin embargo, a través del Análisis de Correspondencias Múltiples y el agrupamiento de las variables, se evidenció que las condiciones de la vida intracarcelaria varían según el sexo, el estado judicial (procesado o condenado), el motivo de detención, la presencia de alguna discapacidad en la persona, el tipo de cárcel donde está recluida la persona, entre otras variables.\n\nPor lo tanto, este estudio nos muestra la existecia de relaciones significativas entre las condiciones de vida intracarcelaria y algunas características individuales en la población estudiada. Algunas de estas conclusiones son coherentes con la literatura existente y pueden parecer evidentes. Por ejemplo, es coherente que las condiciones de vida intracarcelaria difieran según el sexo, ya que las cárceles femeninas, al tener menor cantidad de reclusas, posean un menor hacinamiento en comparación con los centros penitenciarios masculinos.\n\nEn conclusión, se considera que este estudio proporciona información valiosa y significativa para describir adecuadamente la población estudiada, permitiendo identificar patrones y caracterizar a los individuos con base en estos.\n\n\n# Resultados generales\n\nEl análisis descriptivo y exploratorio realizado en este proyecto reveló hallazgos adicionales que no se encuentran directamente relacionados con los objetivos del estudio. Por ejemplo, se observó una relación entre el sexo del individuo, la edad de inicio en el consumo de drogas y el motivo por el cual la persona paró sus estudios. También, se identificó una fuerte correlación entre las variables de expectativas de salida, además de una fuerte relación entre las condiciones económicas y el último salario recibido antes de la detención.\n\nEstos resultados nos sugieren que la base de datos utilizada aún contiene una gran cantidad de información útil y significativa que podría explorarse en mayor profundidad al modificarse el enfoque y los objetivos del análisis. Recordemos que la base de datos original cuenta con aproximadamente 500 variables, y aunque muchas de ellas no eran adecuadas para los objetivos de este proyecto, es muy probable que puedan darnos más resultados inesperados sobre la población privada de libertad.","srcMarkdownNoYaml":"\n\nA lo largo de este proyecto se emplearon diferentes métodos de análisis descriptivos en los datos obtenidos por la Encuesta Nacional de la Población Privada de la Libertad 2021 (ENPOL). El uso de estos métodos respondía al propósito descriptivo del estudio, el cual pretendía encontrar relaciones entre las condiciones de vida y características sociodemográficas,delictivas y económicas de las personas privadas de la libertad dentro de los centro penitenciarios de los Estados Unidos Mexicanos.\n\n# Sobre el objetivo\n\nSe observó que las condiciones de vida dentro del centro penitenciario están principalmente relacionadas entre sí, lo que sugiere que dichas condiciones poseen un alto grado de independencia de las características individuales y reflejan, en su mayoría, factores inherentes a los propios centros penitenciarios. Sin embargo, a través del Análisis de Correspondencias Múltiples y el agrupamiento de las variables, se evidenció que las condiciones de la vida intracarcelaria varían según el sexo, el estado judicial (procesado o condenado), el motivo de detención, la presencia de alguna discapacidad en la persona, el tipo de cárcel donde está recluida la persona, entre otras variables.\n\nPor lo tanto, este estudio nos muestra la existecia de relaciones significativas entre las condiciones de vida intracarcelaria y algunas características individuales en la población estudiada. Algunas de estas conclusiones son coherentes con la literatura existente y pueden parecer evidentes. Por ejemplo, es coherente que las condiciones de vida intracarcelaria difieran según el sexo, ya que las cárceles femeninas, al tener menor cantidad de reclusas, posean un menor hacinamiento en comparación con los centros penitenciarios masculinos.\n\nEn conclusión, se considera que este estudio proporciona información valiosa y significativa para describir adecuadamente la población estudiada, permitiendo identificar patrones y caracterizar a los individuos con base en estos.\n\n\n# Resultados generales\n\nEl análisis descriptivo y exploratorio realizado en este proyecto reveló hallazgos adicionales que no se encuentran directamente relacionados con los objetivos del estudio. Por ejemplo, se observó una relación entre el sexo del individuo, la edad de inicio en el consumo de drogas y el motivo por el cual la persona paró sus estudios. También, se identificó una fuerte correlación entre las variables de expectativas de salida, además de una fuerte relación entre las condiciones económicas y el último salario recibido antes de la detención.\n\nEstos resultados nos sugieren que la base de datos utilizada aún contiene una gran cantidad de información útil y significativa que podría explorarse en mayor profundidad al modificarse el enfoque y los objetivos del análisis. Recordemos que la base de datos original cuenta con aproximadamente 500 variables, y aunque muchas de ellas no eran adecuadas para los objetivos de este proyecto, es muy probable que puedan darnos más resultados inesperados sobre la población privada de libertad."},"formats":{"html":{"identifier":{"display-name":"HTML","target-format":"html","base-format":"html"},"execute":{"fig-width":7,"fig-height":5,"fig-format":"retina","fig-dpi":96,"df-print":"default","error":false,"eval":true,"cache":null,"freeze":false,"echo":true,"output":true,"warning":true,"include":true,"keep-md":false,"keep-ipynb":false,"ipynb":null,"enabled":null,"daemon":null,"daemon-restart":false,"debug":false,"ipynb-filters":[],"ipynb-shell-interactivity":null,"plotly-connected":true,"engine":"markdown"},"render":{"keep-tex":false,"keep-typ":false,"keep-source":false,"keep-hidden":false,"prefer-html":false,"output-divs":true,"output-ext":"html","fig-align":"default","fig-pos":null,"fig-env":null,"code-fold":"none","code-overflow":"scroll","code-link":false,"code-line-numbers":false,"code-tools":false,"tbl-colwidths":"auto","merge-includes":true,"inline-includes":false,"preserve-yaml":false,"latex-auto-mk":true,"latex-auto-install":true,"latex-clean":true,"latex-min-runs":1,"latex-max-runs":10,"latex-makeindex":"makeindex","latex-makeindex-opts":[],"latex-tlmgr-opts":[],"latex-input-paths":[],"latex-output-dir":null,"link-external-icon":false,"link-external-newwindow":false,"self-contained-math":false,"format-resources":[],"notebook-links":true},"pandoc":{"standalone":true,"wrap":"none","default-image-extension":"png","to":"html","css":["styles.css"],"toc":true,"output-file":"Conclusiones.html"},"language":{"toc-title-document":"Tabla de contenidos","toc-title-website":"En esta página","related-formats-title":"Otros formatos","related-notebooks-title":"Notebooks","source-notebooks-prefix":"Fuente","other-links-title":"Otros Enlaces","code-links-title":"Enlaces de código","launch-dev-container-title":"Iniciar Dev Container","launch-binder-title":"Iniciar Binder","article-notebook-label":"Cuaderno de Artículo","notebook-preview-download":"Descargar Cuaderno","notebook-preview-download-src":"Descargar código fuente","notebook-preview-back":"Volver al Artículo","manuscript-meca-bundle":"Archivo MECA","section-title-abstract":"Resumen","section-title-appendices":"Apéndices","section-title-footnotes":"Notas","section-title-references":"Referencias","section-title-reuse":"Reutilización","section-title-copyright":"Derechos de autor","section-title-citation":"Cómo citar","appendix-attribution-cite-as":"Por favor, cita este trabajo como:","appendix-attribution-bibtex":"BibTeX","title-block-author-single":"Autor/a","title-block-author-plural":"Autores/as","title-block-affiliation-single":"Afiliación","title-block-affiliation-plural":"Afiliaciones","title-block-published":"Fecha de publicación","title-block-modified":"Fecha de modificación","title-block-keywords":"Palabras clave","callout-tip-title":"Tip","callout-note-title":"Nota","callout-warning-title":"Advertencia","callout-important-title":"Importante","callout-caution-title":"Precaución","code-summary":"Código","code-tools-menu-caption":"Código","code-tools-show-all-code":"Mostrar todo el código","code-tools-hide-all-code":"Ocultar todo el código","code-tools-view-source":"Ver el código fuente","code-tools-source-code":"Ejecutar el código","tools-share":"Compartir","tools-download":"Descargar","code-line":"Línea","code-lines":"Líneas","copy-button-tooltip":"Copiar al portapapeles","copy-button-tooltip-success":"Copiado","repo-action-links-edit":"Editar esta página","repo-action-links-source":"Ver el código","repo-action-links-issue":"Informar de un problema","back-to-top":"Volver arriba","search-no-results-text":"Sin resultados","search-matching-documents-text":"documentos encontrados","search-copy-link-title":"Copiar el enlace en la búsqueda","search-hide-matches-text":"Ocultar resultados adicionales","search-more-match-text":"resultado adicional en este documento","search-more-matches-text":"resultados adicionales en este documento","search-clear-button-title":"Borrar","search-text-placeholder":"","search-detached-cancel-button-title":"Cancelar","search-submit-button-title":"Enviar","search-label":"Buscar","toggle-section":"Alternar sección","toggle-sidebar":"Alternar barra lateral","toggle-dark-mode":"Alternar modo oscuro","toggle-reader-mode":"Alternar modo lector","toggle-navigation":"Navegación de palanca","crossref-fig-title":"Figura","crossref-tbl-title":"Tabla","crossref-lst-title":"Listado","crossref-thm-title":"Teorema","crossref-lem-title":"Lema","crossref-cor-title":"Corolario","crossref-prp-title":"Proposición","crossref-cnj-title":"Conjetura","crossref-def-title":"Definición","crossref-exm-title":"Ejemplo","crossref-exr-title":"Ejercicio","crossref-ch-prefix":"Capítulo","crossref-apx-prefix":"Apéndice","crossref-sec-prefix":"Sección","crossref-eq-prefix":"Ecuación","crossref-lof-title":"Listado de Figuras","crossref-lot-title":"Listado de Tablas","crossref-lol-title":"Listado de Listados","environment-proof-title":"Prueba","environment-remark-title":"Observación","environment-solution-title":"Solución","listing-page-order-by":"Ordenar por","listing-page-order-by-default":"Por defecto","listing-page-order-by-date-asc":"Menos reciente","listing-page-order-by-date-desc":"Más reciente","listing-page-order-by-number-desc":"De mayor a menor","listing-page-order-by-number-asc":"De menor a mayor","listing-page-field-date":"Fecha","listing-page-field-title":"Título","listing-page-field-description":"Descripción","listing-page-field-author":"Autor/a","listing-page-field-filename":"Nombre de archivo","listing-page-field-filemodified":"Fecha de modificación","listing-page-field-subtitle":"Subtítulo","listing-page-field-readingtime":"Tiempo de lectura","listing-page-field-wordcount":"Conteo de Palabras","listing-page-field-categories":"Categorías","listing-page-minutes-compact":"{0} minutos","listing-page-category-all":"Todas","listing-page-no-matches":"No hay resultados","listing-page-words":"{0} palabras"},"metadata":{"lang":"es","fig-responsive":true,"quarto-version":"1.4.549","editor":"source","theme":{"light":"simplex","dark":"slate"},"toc-expand":2,"toc-title":"Tabla de contenidos","toc-location":"right","title":"Conclusiones","author":"Juan Pablo Montaño Díaz & Laura Katherine Martinez Castiblanco"},"extensions":{"book":{"multiFile":true}}}},"projectFormats":["html"]}