{"title":"Análisis descriptivo univariado","markdown":{"yaml":{"title":"Análisis descriptivo univariado","format":"dashboard","theme":{"light":["simplex","theme/custom.scss"],"dark":["slate","theme/custom-dark.scss"]},"fig-width":8,"fig-asp":0.2,"params":{"month":"October","year":"2024"},"editor_options":{"chunk_output_type":"console"},"scrolling":true},"headingText":"Menú de navegación","containsRefs":false,"markdown":"\n\n```{r}\n#| label: carga-librerias\n#| message: false\n#| echo: false\n#| output: false\nlibrary(tidyverse)\nlibrary(readr)\nlibrary(ggplot2)\nlibrary(plotly)\nlibrary(GGally)\nlibrary(FactoClass)\nlibrary(dplyr)\nlibrary(readxl)\nlibrary(scales)\nlibrary(DT)\nlibrary(gt)\nlibrary(RColorBrewer)\ntheme_set(theme_minimal(base_size = 24, base_family = \"Atkinson Hyperlegible\"))\n```\n\n```{r}\n#| label: carga-datos\n#| echo: false\n#| output: false\n#Tabla1<- read.csv(\"DatosSeleccionados.csv\")\nsource(\"DatosSeleccionados.R\")\n```\n\n\n![](images/LogoUnal.png){width=\"90%\" fig-align=\"left\"}\n\n\n::: {.callout-tip icon=\"false\" collapse=\"true\" appearance=\"simple\"}\n### Inicio\n\n-   [Inicio](ResumenIntro.qmd)\n:::\n\n::: {.callout-tip icon=\"false\" collapse=\"true\" appearance=\"simple\"}\n### Marco conceptual\n\n-   [Marco de antecedentes](Antecedentes.qmd)\n-   [Objetivos y justificación](index.qmd)\n-   [Descripción de los datos](Datos.qmd)\n:::\n\n::: {.callout-tip icon=\"false\" collapse=\"true\" appearance=\"simple\"}\n### Análisis descriptivo\n\n-   [Análisis descriptivo univariado](dashboard.qmd)\n\n-   [Análisis descriptivo bivariado](https://qglhmj-juan0pablo-montano0diaz.shinyapps.io/analisis_descriptivo_bivariado/)\n\n-   [Análisis de componentes principales (PCA)](ACP.qmd)\n\n-   [Análisis de correspondencias simple (SCA)](https://qglhmj-juan0pablo-montano0diaz.shinyapps.io/CorrespondenciaSimples/)\n\n-   [Análisis de correspondencias múltiples (MCA)](ACM.qmd)\n\n-   [Agrupamiento de las variables](Agrupamiento.qmd)\n:::\n\n::: {.callout-tip icon=\"false\" collapse=\"true\" appearance=\"simple\"}\n### Conclusiones\n\n-   [Conclusiones](Conclusiones.qmd)\n:::\n\n\n::: {.callout-tip icon=\"false\" collapse=\"true\" appearance=\"simple\"}\n### Sobre nosotros\n\n-   [Sobre nosotros](about.qmd)\n:::\n\n------------------------------------------------------------------------\n\n------------------------------------------------------------------------\n\n::: {.callout-note collapse=\"true\"}\n## Recordatorio\n\nEste estudio ha sido elaborado en base a los datos que están disponibles de forma pública en sitio web del INEGI. La información completa sobre el procesamiento de datos hecho por la entidad se encuentra disponible en el marco conceptual y diseño muestral de la encuesta, también disponibles para el público.\n:::\n\n# Var. Demográficas\n\n## Cuadros {height=\"20%\"}\n\n```{r}\n#| content: valuebox\n#| title: \"N° Registros\"\n\nlist(\n  icon = \"person-bounding-box\",\n  color = \"gray\",#\"primary\",\n  value = nrow(Tabla1)\n)\n```\n\n```{r}\n#| content: valuebox\n#| title: \"Var. demográficas consideradas\"\n\nlist(\n  icon = \"database-check\",\n  color = \"gray\",#p_cesarean_color,\n  value = 25\n)\n```\n\n```{r}\n#| content: valuebox\n#| title: \"Var. demográficas iniciales\"\n\nlist(\n  icon = \"building-fill-lock\",\n  color = \"gray\",#p_preterm_color,\n  value = 182#label_percent(accuracy = 0.1)(p_preterm)\n)\n```\n\n## Sexo y Estado {height=\"30%\"}\n\n### Sexo {width=\"40%\"}\n\n```{r}\n#| title: Sexo\n#| label: Grafico-sexo\n#| echo: false\n\ndf <- Tabla1\ndf <- df %>% group_by(SEXO)\ndf <- df %>% summarize(count = n())\nfigSexo <- df %>% plot_ly(labels = c(\"Hombre\",\"Mujer\"), values = ~count, marker=list(colors= c(\"#0e2635\",\"#ae8b2d\")))\nfigSexo <- figSexo %>% add_pie(hole = 0.6)\nfigSexo <- figSexo %>% layout(showlegend = T, legend = list(font = list(size = 10),\n                      xaxis = list(showgrid = FALSE, zeroline = FALSE, showticklabels = FALSE),\n                      yaxis = list(showgrid = FALSE, zeroline = FALSE, showticklabels = FALSE)))\n\nfigSexo\n\n```\n\n### Estado civil {width=\"60%\"}\n\n```{r}\n#| title: Estado civil\n#| label: Grafico-Estado-civil\n#| echo: false\n\ndf <- Tabla1\ndf <- df %>% group_by(EST_CIVIL)\ndf <- df %>% summarize(count = n())\nfigEstCivil <- df %>% plot_ly(labels = c(\"Unión libre\",\"Separado/a de unión libre\",\"Separado/a de un matrimonio\",\"Casado/a\",\"Soltero/a\",\"Divorciado/a\",\"Viudo/a\",\"No sabe\",\"No responde\"), values = ~count)\nfigEstCivil <- figEstCivil %>% add_pie(hole = 0.6)\nfigEstCivil <- figEstCivil %>% layout(showlegend = T,legend = list(font = list(size = 10) ,xaxis = list(showgrid = FALSE, zeroline = FALSE, showticklabels = FALSE),yaxis = list(showgrid = FALSE, zeroline = FALSE, showticklabels = FALSE)))\n\nfigEstCivil\n\n```\n\n## Row {height=\"35%\"}\n\n### Tiempo en la carcel {width=\"55%\"}\n\n```{r}\n#| title: Tiempo privado de la libertad\n#| label: Grafico-Tiempo-carcel\n#| echo: false\n\ncarcel<-(as.data.frame.matrix(t(table(Tabla1[,c(\"TIPO_CARCEL\",\"TIEMPO_CARCEL\")]))))\nrownames(carcel)<-c( \"Menos de 6 meses a 1 año\",\n    \"Más de 6 meses hasta 1 año\", \n    \"Más de 1 año hasta 1 año con 6 meses\", \n    \"Más de 1 año con 6 meses hasta 2 años\", \n    \"Más de 2 años\", \n    \"No sabe\", \n    \"No responde\")\ncolnames(carcel)<-c(\"Centro varonil\",\"Centro femenil\", \"Mixto\")\nfigcarcel <- plot_ly(carcel, x = carcel[[\"Centro femenil\"]], y = ~rownames(carcel), type = 'bar', orientation = 'h', name = 'Centro femenil',marker = list(color = 'rgba(246, 78, 139, 0.6)',\n                      line = list(color = 'rgba(246, 78, 139, 1.0)',\n                                  width = 3)))\nfigcarcel <- figcarcel %>% add_trace(x = carcel[[\"Centro varonil\"]], y=~rownames(carcel), name = \"Centro varonil\",marker = list(color = 'rgba(58, 71, 80, 0.6)', line = list(color = 'rgba(58, 71, 80, 1.0)',\n                                      width = 3)))\n\n\nfigcarcel <- figcarcel %>% add_trace(x = carcel[[\"Mixto\"]],y=~rownames(carcel), name = \"Mixto\",marker = list(color = 'rgba(85, 26, 139, 0.6)',\n                          line = list(color = 'rgba(85, 26, 139, 1.0)',\n                                      width = 3)))\n\nfigcarcel <- figcarcel %>% layout(barmode = 'stack',\n         xaxis = list(title = \"\"),\n         yaxis = list(title =\"\"))\n\nfigcarcel\n```\n\n### Edad {width=\"45%\"}\n\n```{r}\n#| title: Edad de la persona\n\n#Esto es el gráfico de orientación sexual\n#cat <- attributes(as.factor(Tabla1$P1_23))$levels\n#per <- tabulate(as.factor(Tabla1$P1_23))/nrow(Tabla1)*100\n#data <- data.frame(cat, per)\n#fig <- plot_ly(data, labels=~cat, values=~per, type='pie')\n#fig <- fig %>% layout(title = \"Orientación sexual\")\n#fig\n\n\n#Este es el gráfico de la edad\n#| echo: true\nfig <- plot_ly(Tabla1, x=~EDAD, type='histogram',\n                marker = list(color = \"#0e2635\",\n                            line = list(color = \"darkgray\",\n                                        width = 1)))\nfig <- fig %>% layout(yaxis=list(title='Frec. abs.'), xaxis=list(title=\"Edad (años)\"))\nfig\n```\n\n## Texto piel {height=\"35%\"}\n\n### Imagen piel {width=\"40%\"}\n\n![](images/Color_pieles.png){width=\"95%\"}\n\n### Grafico piel {width=\"60%\"}\n\n```{r}\n#| title: Según la escala dada a la izquierda. ¿De qué color de piel se percibe?\n#| label: Gráfico-Piel\nPiel<-(data.frame(table(Tabla1$COLOR_PIEL)))\nPiel$Var1<-c(\"No sabe/No responde\",\"A\", \"B\", \"C\", \"D\", \"E\", \"F\", \"G\",\"H\", \"I\", \"J\", \"K\")\ncolnames(Piel)<-c(\"Respuesta\",\"Freq\")\nfigPiel <- plot_ly(Piel, x = Piel[[\"Freq\"]], y = Piel[[\"Respuesta\"]], type = 'bar', orientation = 'h', \n                     marker = list(color = c(\"red\",\"black\",\"#321B0F\",\"#492816\",\"#65371E\",\"#714937\",\"rgba(161,110,75,0.6)\",\"#8C644D\",\"#BF9169\",\"pink2\",\"rgba(232,190,172,0.6)\",'\trgba(255,231,209,0.6)'),\n                      line = list(color = 'gray',\n                                  width = 2)))\n\nfigPiel <- figPiel %>% layout(barmode = 'stack',\n         xaxis = list(title = \"\"),\n         yaxis = list(title =\"\"))\n\nfigPiel\n```\n\n## Escolaridad {height=\"35%\"}\n\n```{r}\n#| title: Edad a la que alcanzó su grado de estudios.\n#| label: Gráfico-Edad-estudios\n\n#Tabla1 |> \n#  count(CONSIDERO_SUICIDIO, SEXO) |>\n#  ggplot(aes(x = n, y = fct_rev(CONSIDERO_SUICIDIO), fill = SEXO)) +\n#  geom_col(position = \"fill\", color = \"white\") +\n#  scale_fill_manual(\n#    values = c(\"#ae8b2d\", \"#0e2635\"),\n#    labels=c(\"Masculino\",\"Femenino\"),\n#    guide = guide_legend(reverse = TRUE)\n#  ) +\n#  scale_x_continuous(labels = label_percent())+\n#  labs(y = NULL, x = NULL, fill = \"Sexo\")\n\nfigEstudios <- plot_ly(Tabla1, x=~EDAD_ESCOLARIDAD, type='histogram',\n                marker = list(color = \"#0e2635\",\n                            line = list(color = \"darkgray\",\n                                        width = 1)))\nfigEstudios <- figEstudios %>% layout(yaxis=list(title='Frec. abs.'), xaxis=list(title=\"Edad (años)\"))\nfigEstudios\n```\n\n```{r}\n#| title: Máximo grado de estudios alcanzado\n#| label: Gráfico-Grado-estudios\n\nEstudio<-(data.frame(table(Tabla1$NIVEL_ESCOLARIDAD)))\nEstudio$Var1<-c(\"Ninguno\",\"Preescolar\", \"Primaria\", \"Secundaria\", \"Carrera técnica con sec. terminada\", \"Normal básica\", \"Bachillerato\", \"Técnico con bach. terminado\",\"Licenciatura o profesional\", \"Maestria o doctorado\", \"No sabe\", \"No responde\")\ncolnames(Estudio)<-c(\"Respuesta\",\"Freq\")\nfigEscolar <- plot_ly(Estudio, x = Estudio[[\"Freq\"]], y = Estudio[[\"Respuesta\"]], type = 'bar', orientation = 'h', \n                     marker = list(color = 'rgba(174, 139, 45, 0.6)',\n                      line = list(color = 'rgba(174, 139, 45, 1.0)',\n                                  width = 3)))\n\nfigEscolar <- figEscolar %>% layout(barmode = 'stack',\n         xaxis = list(title = \"\"),\n         yaxis = list(title =\"\"))\n\nfigEscolar\n```\n\n## Texto {height=\"10%\"}\n\n### Texto 1 {width= \"40%\"}\n\n**¿Alguna vez ha consumido las siguientes sustancias?**\n\n### Texto 2 {width=\"60%\"}\n\n**Si consumió, ¿a qué edad probó por primera vez las siguientes sustancias?**\n\n## Drogas {height=\"30%\"}\n\n### Consumo drogas {width= \"40%\"}\n\n#### panel {.tabset}\n\n```{r}\n#| title: Tabaco\n#| echo: false\n\ntabaco<-(data.frame(table(Tabla1$CONSUMO_TABACO)))\ntabaco$Var1<-c(\"Si\",\"No\", \"No sabe\", \"No responde\")\ncolnames(tabaco)<-c(\"Respuesta\",\"Freq\")\nfigtabaco <- plot_ly(tabaco, x = tabaco[[\"Freq\"]], y = tabaco[[\"Respuesta\"]], type = 'bar', orientation = 'h', \n                     marker = list(color = 'rgba(14, 38, 53, 0.6)',\n                      line = list(color = 'rgba(14, 38, 53, 1.0)',\n                                  width = 3)))\n\nfigtabaco <- figtabaco %>% layout(barmode = 'stack',\n         xaxis = list(title = \"\"),\n         yaxis = list(title =\"\"))\n\nfigtabaco\n```\n\n```{r}\n#| title: Alcohol\n#| label: Grafico-consumo-alcohol\n#| echo: false\n\nalcohol<-(data.frame(table(Tabla1$CONSUMO_ALCOHOL)))\nalcohol$Var1<-c(\"Si\",\"No\", \"No sabe\", \"No responde\")\ncolnames(alcohol)<-c(\"Respuesta\",\"Freq\")\nfigalcohol <- plot_ly(alcohol, x = alcohol[[\"Freq\"]], y = alcohol[[\"Respuesta\"]], type = 'bar', orientation = 'h', \n                     marker = list(color = 'rgba(174, 139, 45, 0.6)',\n                      line = list(color = 'rgba(174, 139, 45, 1.0)',\n                                  width = 3)))\n\nfigalcohol <- figalcohol %>% layout(barmode = 'stack',\n         xaxis = list(title = \"\"),\n         yaxis = list(title =\"\"))\n\nfigalcohol\n```\n\n```{r}\n#| title: Marihuana\n#| label: Consumo-marihuana\n#| echo: false\n\nmarihuana<-(data.frame(table(Tabla1$CONSUMO_MARIHUANA)))\nmarihuana$Var1<-c(\"Si\",\"No\", \"No sabe\", \"No responde\")\ncolnames(marihuana)<-c(\"Respuesta\",\"Freq\")\nfigmarihuana <- plot_ly(marihuana, x = marihuana[[\"Freq\"]], y = marihuana[[\"Respuesta\"]], type = 'bar', orientation = 'h', \n                     marker = list(color = \"rgba(85, 26, 139, 0.6)\",\n                      line = list(color = '\"rgba(85, 26, 139, 1.0)\"',\n                                  width = 3)))\n\nfigmarihuana <- figmarihuana %>% layout(barmode = 'stack',\n         xaxis = list(title = \"\"),\n         yaxis = list(title =\"\"))\n\nfigmarihuana\n```\n\n### Histogramas {width=\"60%\"}\n\n#### panel {.tabset}\n\n```{r}\n#| title: Tabaco\n#| label: Edad-comienzo-consumo-Tabaco\n#| echo: false\n\nhistTab <- plot_ly(Tabla1, x=~EDAD_CONSUMO_TABACO, type='histogram',\n                marker = list(color = \"#0e2635\",\n                            line = list(color = \"darkgray\",\n                                        width = 1)),\n                name=\"Tabaco\")\nhistTab <- histTab %>% layout(yaxis=list(title='Frec. abs.'), xaxis=list(title=\"Edad (años)\"))\n\nhistTab\n\n```\n\n```{r}\n#| title: Alcohol\n#| label: Edad-comienzo-consumo-alcohol\n#| echo: false\nhistAlc <- plot_ly(Tabla1, x=~EDAD_CONSUMO_ALCOHOL, type='histogram',\n                marker = list(color = \"#ae8b2d\",\n                            line = list(color = \"darkgray\",\n                                        width = 1)),\n                name=\"Alcohol\")\nhistAlc<- histAlc %>% layout(yaxis=list(title='Frec. abs.'), xaxis=list(title=\"Edad (años)\"))\n\nhistAlc\n```\n\n```{r}\n#| title: Marihuana\n#| label: Edad-comienzo-consumo-marihuana\n#| echo: false\nhistMari <- plot_ly(Tabla1, x=~EDAD_CONSUMO_MARIHUANA, type='histogram',\n                marker = list(color = \"rgba(85, 26, 139, 1.0)\",\n                            line = list(color = \"darkgray\",\n                                        width = 1)),name = \"Marihuana\")\nhistMari <- histMari %>% layout(yaxis=list(title='Frec. abs.', legend=list(title=\"Sustancia\")), xaxis=list(title=\"Edad (años)\"))\n\nhistMari\n```\n\n## Discapacidad {height=\"30%\"}\n\n```{r}\n#| title: ¿Cuenta con alguna discapacidad?\n#| label: Grafico-discapacidad\n#| echo: false\n\n#Grafico Discapacidad visual\ndVisual <- Tabla1\ndVisual <- dVisual %>% group_by(DISC_VISUAL)\ndVisual <- dVisual %>% summarize(count = n())\n\n#Gráfico discapacidad auditiva\ndAuditiva <- Tabla1\ndAuditiva <- dAuditiva %>% group_by(DISC_AUDITIVA)\ndAuditiva <- dAuditiva %>% summarize(count = n())\n\n#Discapacidad motriz\ndMotriz <- Tabla1\ndMotriz <- dMotriz %>% group_by(DISC_MOTRIZ)\ndMotriz <- dMotriz %>% summarize(count = n())\n\nfigDisc<-plot_ly()\nfigDisc <- figDisc %>% add_pie(data = dVisual, labels = c(\"Sí\",\"No\",\"No sabe\",\"No responde\"), values = ~count, textinfo='percent', showlegend=F, title=\"Visual\",\n                       name = \"Visual\", domain = list(row=0, column=0), marker=list(colors= c(\"#ae8b2d\",\"#0e2635\",\"red3\",\"green4\")),hole=0.6)\nfigDisc <- figDisc %>% add_pie(data = dAuditiva, labels = c(\"Sí\",\"No\",\"No sabe\",\"No responde\"), values = ~count, textinfo='percent', showlegend=F, title=\"Auditiva\",\n                       name = \"Auditiva\", domain = list(row=0, column = 1),marker=list(colors= c(\"#ae8b2d\",\"#0e2635\",\"red3\",\"green4\")),hole=0.6)\n\nfigDisc <- figDisc %>% add_pie(data = dMotriz, labels = c(\"Sí\",\"No\",\"No sabe\",\"No responde\"), values = ~count, textinfo='percent', showlegend=F, title=\"Motriz\",\n                       name = \"Motriz\", domain = list(row=0, column = 2),marker=list(colors= c(\"#ae8b2d\",\"#0e2635\",\"red3\",\"green4\")),hole=0.6)\n\nfigDisc <- figDisc %>% layout(showlegend = T,\n                      grid=list(rows=1, columns=3),\n                      xaxis = list(showgrid = FALSE, zeroline = FALSE, showticklabels = FALSE),\n                      yaxis = list(showgrid = FALSE, zeroline = FALSE, showticklabels = FALSE))\n\n\nfigDisc \n```\n\n## Comentarios {height= \"35%\"}\n\n::: card\n**Observaciones**\n\nAl ver los gráficos mostrados en esta sección, podemos ver que la mayoria de variables cualitativas/categóricas tienen una categoría \"tendencia\", es decir, donde la mayoria de personas se encuentran con gran diferencia.\n\nVale la pena resaltar el comportamiento de algunas variables, tales como la edad y la edad de la finalización de los estudios. Las cuales presentan una distribución asimétrica. También, se resalta que las respuestas a la pregunta sobre el consumo de marihuana resultan en una partición casi balanceada de la población.\n:::\n\n# Var Económicas {orientation=\"rows\"}\n\n## Cuadros Economicos {height=\"17%\"}\n\n```{r}\n#| component: valuebox\n#| title: \"Var. Económicas consideradas\"\n\nlist(\n  icon = \"currency-dollar\",\n  color = \"#C0C0C0\",\n  value = 6\n)\n```\n\n```{r}\n#| component: valuebox\n#| title: \"Var. Económicas originales\"\n\nlist(\n  icon = \"cash-coin\",\n  color = \"#C0C0C0\",\n  value = 73\n)\n```\n\n## Personas y vivecon {height= \"35%\"}\n\n### Personas dependientes {width=\"60%\"}\n\n```{r}\n#| title: Número de personas ecónomicamente dependientes del recluso\n#| label: Grafico-dependenciaeconomica\n#| echo: false\n\nfigDependencia <- plot_ly(Tabla1[Tabla1$N_PERSONAS_DEPENDIENTES<quantile(Tabla1$N_PERSONAS_DEPENDIENTES,0.999),], x=~N_PERSONAS_DEPENDIENTES, type='histogram',\n                marker = list(color = \"#0e2635\",\n                            line = list(color = \"darkgray\",\n                                        width = 1)))\nfigDependencia <- figDependencia %>% layout(yaxis=list(title='Frec. abs.'), xaxis=list(title=\"Edad (años)\"))\nfigDependencia\n\n```\n\n### Vive con {width=\"40%\"}\n\n```{r}\n#| title: Con quien vivía (principalmente) antes de estar en el centro penitenciario\n#| label: Grafico-viviacon\n#| echo: false\n\ndf <- Tabla1\ndf <- df %>% group_by(VIVE_CON)\ndf <- df %>% summarize(count = n())\nfigVive <- df %>% plot_ly(labels=c(\"Abuelos\",\"Amigos\",\"Hermanos\",\"Hijos\",\"Madre/Padre\",\"No sabe/No responde\",\"Otros\",\"Otros familiares\",\"Pareja\",\"Solo\"), values = ~count, marker=list(colors= c(\"#0e2635\",\"#ae8b2d\")))\nfigVive <- figVive %>% add_pie(hole = 0.6)\nfigVive <- figVive %>% layout(showlegend = T, legend = list(font = list(size = 10),\n                      xaxis = list(showgrid = FALSE, zeroline = FALSE, showticklabels = FALSE),\n                      yaxis = list(showgrid = FALSE, zeroline = FALSE, showticklabels = FALSE)))\n\nfigVive\n\n```\n\n## Datos Trabajo {height= \"45%\"}\n\n### Trabajo {width=\"40%\"}\n\n```{r}\n#| title: ¿Alguna vez ha realizado algún trabajo a cambio de un pago/beneficio?\n#| label:  Trabajo\n#| output: true\n\ntrabajo<-(data.frame(table(Tabla1$TRABAJO)))\ntrabajo$Var1<-c(\"Si\",\"No\", \"No sabe\", \"No responde\")\ncolnames(trabajo)<-c(\"Respuesta\",\"Freq\")\nfigtrabajo <- plot_ly(trabajo, x = trabajo[[\"Freq\"]], y = trabajo[[\"Respuesta\"]], type = 'bar', orientation = 'h', \n                     marker = list(color = 'rgba(14, 38, 53, 0.6)',\n                      line = list(color = 'rgba(14, 38, 53, 1.0)',\n                                  width = 3)))\n\nfigtrabajo <- figtrabajo %>% layout(barmode = 'stack',\n         xaxis = list(title = \"\"),\n         yaxis = list(title =\"\"))\n\nfigtrabajo\n```\n\n### Dinero del mes {width=\"60%\"}\n\n```{r}\n#| title: Cuánto dinero recibió el mes anterior a su detención\n#| label: Gráfico-dinero\ndinero<-(data.frame(table(Tabla1$SALARIO_MES_ANTERIOR)))\ndinero$Var1<-c(\"Menos de $3000\",\"De $3000 a $5500\", \"De $5501 a $7500\", \"De $7501 a $9000\", \"De $9001 a $11000\", \"Más de $11000\", \"No recibía ingresos\", \"No quiere decir\",\"No sabe\")\ncolnames(dinero)<-c(\"Respuesta\",\"Freq\")\nfigdinero <- plot_ly(dinero, x = dinero[[\"Freq\"]], y = dinero[[\"Respuesta\"]], type = 'bar', orientation = 'h', \n                     marker = list(color = c(brewer.pal(n=6,\"YlOrRd\"),\"purple1\",\"pink3\",\"lightblue4\"),\n                      line = list(color = 'black',\n                                  width = 2)))\n\nfigdinero <- figdinero %>% layout(barmode = 'stack',\n         xaxis = list(title = \"\"),\n         yaxis = list(title =\"\"))\n\nfigdinero\n```\n\n## Diagramas de barras {height=\"25%\"}\n\n### Comida {width= \"50%\"}\n\n```{r}\n#| title: ¿Los miembros de su hogar tenían comida todos los días?\n#| label:  Comida\n#| output: true\n\ncomida<-(data.frame(table(Tabla1$PODIA_COMER)))\ncomida$Var1<-c(\"Si\",\"No\", \"No sabe\", \"No responde\")\ncolnames(comida)<-c(\"Respuesta\",\"Freq\")\nfigcomida <- plot_ly(comida, x = comida[[\"Freq\"]], y = comida[[\"Respuesta\"]], type = 'bar', orientation = 'h', \n                     marker = list(color = 'rgba(174, 139, 45, 0.6)',\n                      line = list(color = 'rgba(174, 139, 45, 1.0)',\n                                  width = 3)))\n\nfigcomida <- figcomida %>% layout(barmode = 'stack',\n         xaxis = list(title = \"\"),\n         yaxis = list(title =\"\"))\n\nfigcomida\n```\n\n### Deuda {width= \"50%\"}\n\n```{r}\n#| title: ¿Tenía algún tipo de deuda?\n#| label:  Deuda\n#| output: true\n\ndeuda<-(data.frame(table(Tabla1$DEUDA)))\ndeuda$Var1<-c(\"Si\",\"No\", \"No sabe\", \"No responde\")\ncolnames(deuda)<-c(\"Respuesta\",\"Freq\")\nfigdeuda <- plot_ly(deuda, x = deuda[[\"Freq\"]], y = deuda[[\"Respuesta\"]], type = 'bar', orientation = 'h', \n                     marker = list(color = 'rgba(85, 26, 139, 0.6)',\n                      line = list(color = 'rgba(85, 26, 139, 1.0)',\n                                  width = 3)))\n\nfigdeuda <- figdeuda %>% layout(barmode = 'stack',\n         xaxis = list(title = \"\"),\n         yaxis = list(title =\"\"))\n\nfigdeuda\n```\n\n## Comnetarios {height= \"30%\"}\n\n::: card\n**Observaciones**\n\nEn esta sección, las variables cuantitativas son asimétricas, con una gran parte de la población ubicada en el valor 0. Tal como se ve en el gráfico de la cantidad de personas dependientes que se posee.\n\nSin embargo, algunas variables cualitativas, tales como la deuda y el dinero del mes anterior, resultan en una partición equilibrada de la población, lo que puede resultar útil al momento de realizar análisis descriptivos bivariados.\n:::\n\n# Var Delictivas {orientation=\"rows\"}\n\n## Cuadros Economicos {height=\"17%\"}\n\n```{r}\n#| component: valuebox\n#| title: \"Var. Delictivas consideradas\"\n\nlist(\n  icon = \"emoji-dizzy\",\n  color = \"white\",\n  value = 15\n)\n```\n\n```{r}\n#| component: valuebox\n#| title: \"Var. Delictivas originales\"\n\nlist(\n  icon = \"emoji-dizzy-fill\",\n  color = \"white\",\n  value = 551\n)\n```\n\n## Antecedentes {height= \"30%\"}\n\n### Sentenciado Antes {width=\"40%\"}\n\n```{r}\n#| title: Antes de su reclusión actual había sido sentenciado por algún delito\n#| label:  Grafico-Antecedentes1\n#| output: true\n\ncrimen<-(data.frame(table(Tabla1$SENTENCIADO_ANTES)))\ncrimen$Var1<-c(\"Si\",\"No\", \"No sabe\", \"No responde\")\ncolnames(crimen)<-c(\"Respuesta\",\"Freq\")\nfigcrimen <- plot_ly(crimen, x = crimen[[\"Freq\"]], y = crimen[[\"Respuesta\"]], type = 'bar', orientation = 'h', \n                     marker = list(color = 'rgba(14, 38, 53, 0.6)',\n                      line = list(color = 'rgba(14, 38, 53, 1.0)',\n                                  width = 3)))\n\nfigcrimen <- figcrimen %>% layout(barmode = 'stack',\n         xaxis = list(title = \"\"),\n         yaxis = list(title =\"\"))\n\nfigcrimen\n```\n\n### Veces sentenciado {width=\"60%\"}\n\n```{r}\n#| title: Cuántas veces estuvo recluido/a en en un centro penitenciario o centro disciplinario para adolescentes\n#| label: Grafico-vecessentenciado\n#| echo: false\n\nfigVeces <- plot_ly(Tabla1[Tabla1$VECES_SENTENCIADO<quantile(Tabla1$VECES_SENTENCIADO,0.999),], x=~VECES_SENTENCIADO, type='histogram',nbinsx=30,\n                marker = list(color = \"#0e2635\",\n                            line = list(color = \"darkgray\",\n                                        width = 1)))\nfigVeces <- figVeces %>% layout(yaxis=list(title='Frec. abs.'), xaxis=list(title=\"Veces sentenciado\"))\nfigVeces\n\n```\n\n## Detención {height=\"30%\"}\n\n### Motivo {width=\"50%\"}\n\n```{r}\n#| title: Motivo por el cual se encuentra en el centro penitenciario\n#| label: Grafico-detencion\n#| echo: false\n\nmotivo<-(data.frame(table(Tabla1$MOTIVO_DETENCION)))\nmotivo$Var1<-c(\"Cometió un delito\",\"Ayudó a la realización de un delito\", \"No ha podido comprobar su inocencia\", \"Fue acusado falsamente de cometer un delito\", \"Otro\", \"No Sabe\",\"No Responde\")\ncolnames(motivo)<-c(\"Respuesta\",\"Freq\")\nfigmotivo <- plot_ly(motivo, x = motivo[[\"Freq\"]], y = motivo[[\"Respuesta\"]], type = 'bar', orientation = 'h', \n                     marker = list(color = c('rgba(14, 38, 53, 0.6)',\"#33FFFF\",\"#CC6600\",\"#9933FF\",\"#FF99CC\",\"black\",\"black\"),\n                      line = list(color = 'black',\n                                  width = 2)))\n\nfigmotivo <- figmotivo %>% layout(barmode = 'stack',\n         xaxis = list(title = \"\"),\n         yaxis = list(title =\"\"))\n\nfigmotivo\n\n```\n\n### Tiempo detencion {width=\"50%\"}\n\n```{r}\n#| title: Cuánto tiempo pasó entre el delito y la detención\n#| label: Grafico-detencion2\n#| echo: false\n\nTDet<-(data.frame(table(Tabla1$TIEMPO_DEL_DET)))\nTDet$Var1<-c(\"Inmediatamente\",\"Menos de una semana\", \"Más de una semana pero menos de un mes\", \"Un mes\", \"Más de un mes y menos de un año\",\"Un año o más\", \"No Sabe\",\"No Responde\")\ncolnames(TDet)<-c(\"Respuesta\",\"Freq\")\nfigTDet <- plot_ly(TDet, x = TDet[[\"Freq\"]], y = TDet[[\"Respuesta\"]], type = 'bar', orientation = 'h', \n                     marker = list(color = c(brewer.pal(n=6,\"BuPu\"),\"black\"),\n                      line = list(color = 'black',\n                                  width = 2)))\n\nfigTDet <- figTDet %>% layout(barmode = 'stack',\n         xaxis = list(title = \"\"),\n         yaxis = list(title =\"\"))\n\nfigTDet\n\n```\n\n## Tiempos {height= \"40%\"}\n\n### Tiempo en proceso {width=\"60%\"}\n\n```{r}\n#| title: Cuánto tiempo en total (años) ha durado su proceso de sentencia\n#| label: Grafico-tiempoproceso\n#| echo: false\n\nfigAniosProceso <- plot_ly(Tabla1[Tabla1$TIEMPO_PROCESO<quantile(Tabla1$TIEMPO_PROCESO,0.99),], x=~TIEMPO_PROCESO, type='histogram',nbinsx=50,\n                marker = list(color = \"#0e2635\",\n                            line = list(color = \"darkgray\",\n                                        width = 1)))\nfigAniosProceso <- figAniosProceso %>% layout(yaxis=list(title='Frec. abs.'), xaxis=list(title=\"Tiempo (Años)\"))\nfigAniosProceso\n\n```\n\n### Tiempo en condena {width=\"40%\"}\n\n```{r}\n#| title: Cuánto tiempo en total (años) fue sentenciado a estar dentro del centro penitenciario\n#| label: Grafico-TiempoRecluido\n#| echo: false\n\nfigAniosrecluido <- plot_ly(Tabla1[Tabla1$TIEMPO_RECLUIDO<quantile(Tabla1$TIEMPO_RECLUIDO,0.999),], x=~TIEMPO_RECLUIDO, type='histogram',nbinsx=50,\n                marker = list(color = \"#0e2635\",\n                            line = list(color = \"darkgray\",\n                                        width = 1)))\nfigAniosrecluido <- figAniosrecluido %>% layout(yaxis=list(title='Frec. abs.'), xaxis=list(title=\"Tiempo (Años)\"))\nfigAniosrecluido\n\n```\n\n## Comentarios {height=\"\\\"30%\"}\n\n::: card\n**Observaciones**\n\nAl igual que las variables económicas, las variables cuantitagtivas poseen una ferte tendencia al valor 0. Y de forma más drástica, las frecuencias de las categorias en las variables cualitativas brindan una partición util y equilibrada de la población para futuros análisis multivariados.\n:::\n\n# Vida intracarcelaria {orientation=\"rows\"}\n\n## Cuadros {height=\"17%\"}\n\n```{r}\n#| component: valuebox\n#| title: \"Var. Vida intracarcelaria consideradas\"\n\nlist(\n  icon = \"luggage\",\n  color = \"white\",\n  value = 24\n)\n```\n\n```{r}\n#| component: valuebox\n#| title: \"Var. Vida intracarcelaria originales\"\n\nlist(\n  icon = \"luggage-fill\",\n  color = \"gray\",\n  value = 404\n)\n```\n\n## celda {height= \"30%\"}\n\n### Cuantas horas en celda {width=\"35%\"}\n\n```{r}\n#| title: ¿Cuántas horas pasa en su celda al día?\n#| label: Grafico-horascelda\n#| echo: false\n\nfighorascelda <- plot_ly(Tabla1[Tabla1$CELDA_HORAS<quantile(Tabla1$CELDA_HORAS,0.99),], x=~CELDA_HORAS, type='histogram',nbinsx=15,\n                marker = list(color = \"#0e2635\",\n                            line = list(color = \"darkgray\",\n                                        width = 1)))\nfighorascelda <- fighorascelda %>% layout(yaxis=list(title='Frec. abs.'), xaxis=list(title=\"Horas\"))\nfighorascelda\n\n```\n\n### Personas en la celda {width=\"65%\"}\n\n```{r}\n#| title: Con cuántas personas comparte celda?\n#| label: Grafico-numero-celda\n#| echo: false\n\nfigpersonascelda <- plot_ly(Tabla1[Tabla1$CANTIDAD_PERSONAS_CELDA<quantile(Tabla1$CANTIDAD_PERSONAS_CELDA,0.999),], x=~CANTIDAD_PERSONAS_CELDA, type='histogram',nbinsx=50,\n                marker = list(color = \"#0e2635\",\n                            line = list(color = \"darkgray\",\n                                        width = 1)))\nfigpersonascelda <- figpersonascelda %>% layout(yaxis=list(title='Frec. abs.'), xaxis=list(title=\"Cantidad personas\"))\nfigpersonascelda\n\n```\n\n## Texto {height=\"10%\"}\n\n### Texto 1 {width= \"50%\"}\n\n**En su celda, cuenta con algún acceso a...**\n\n### Texto 2 {width=\"50%\"}\n\n**Dentro del centro penitenciario, puede/tiene acesso a...**\n\n## Condiciones celda y carcel {height=\"50%\"}\n\n### Celda {width= \"50%\"}\n\n#### panel {.tabset}\n\n```{r}\n#| title: Luz natural\n#| echo: false\n\nCeldaventanas<-(data.frame(table(Tabla1$CELDA_VENTANAS)))\nCeldaventanas$Var1<-c(\"Si\",\"No\", \"No sabe\", \"No responde\")\ncolnames(Celdaventanas)<-c(\"Respuesta\",\"Freq\")\nfigventanas <- plot_ly(Celdaventanas, x = Celdaventanas[[\"Freq\"]], y = Celdaventanas[[\"Respuesta\"]], type = 'bar', orientation = 'h', \n                     marker = list(color = 'rgba(14, 38, 53, 0.6)',\n                      line = list(color = 'rgba(14, 38, 53, 1.0)',\n                                  width = 3)))\n\nfigventanas <- figventanas %>% layout(barmode = 'stack',\n         xaxis = list(title = \"\"),\n         yaxis = list(title =\"\"))\n\nfigventanas\n```\n\n```{r}\n#| title: Agua potable\n#| label: AguaPotable\n#| echo: false\n\npotable<-(data.frame(table(Tabla1$CELDA_AGUA_POTABLE)))\npotable$Var1<-c(\"Si\",\"No\", \"No sabe\", \"No responde\")\ncolnames(potable)<-c(\"Respuesta\",\"Freq\")\nfigpotable <- plot_ly(potable, x = potable[[\"Freq\"]], y = potable[[\"Respuesta\"]], type = 'bar', orientation = 'h', \n                     marker = list(color = 'rgba(174, 139, 45, 0.6)',\n                      line = list(color = 'rgba(174, 139, 45, 1.0)',\n                                  width = 3)))\n\nfigpotable <- figpotable %>% layout(barmode = 'stack',\n         xaxis = list(title = \"\"),\n         yaxis = list(title =\"\"))\n\nfigpotable\n```\n\n```{r}\n#| title: Drenaje\n#| label: drenaje\n#| echo: false\n\ndrenaje<-(data.frame(table(Tabla1$CELDA_DRENAJE)))\ndrenaje$Var1<-c(\"Si\",\"No\", \"No sabe\", \"No responde\")\ncolnames(drenaje)<-c(\"Respuesta\",\"Freq\")\nfigdrenaje <- plot_ly(drenaje, x = drenaje[[\"Freq\"]], y = drenaje[[\"Respuesta\"]], type = 'bar', orientation = 'h', \n                     marker = list(color = \"rgba(85, 26, 139, 0.6)\",\n                      line = list(color = '\"rgba(85, 26, 139, 1.0)\"',\n                                  width = 3)))\n\nfigdrenaje <- figdrenaje %>% layout(barmode = 'stack',\n         xaxis = list(title = \"\"),\n         yaxis = list(title =\"\"))\n\nfigdrenaje\n```\n\n```{r}\n#| title: Luz eléctrica\n#| echo: false\n\nluz<-(data.frame(table(Tabla1$CELDA_LUZ)))\nluz$Var1<-c(\"Si\",\"No\", \"No sabe\", \"No responde\")\ncolnames(luz)<-c(\"Respuesta\",\"Freq\")\nfigluz <- plot_ly(luz, x = luz[[\"Freq\"]], y = luz[[\"Respuesta\"]], type = 'bar', orientation = 'h', \n                     marker = list(color = 'rgba(14, 38, 53, 0.6)',\n                      line = list(color = 'rgba(14, 38, 53, 1.0)',\n                                  width = 3)))\n\nfigluz <- figluz %>% layout(barmode = 'stack',\n         xaxis = list(title = \"\"),\n         yaxis = list(title =\"\"))\n\nfigluz\n```\n\n```{r}\n#| title: Ducha\n#| label: Ducha\n#| echo: false\n\nducha<-(data.frame(table(Tabla1$CELDA_DUCHA)))\nducha$Var1<-c(\"Si\",\"No\", \"No sabe\", \"No responde\")\ncolnames(ducha)<-c(\"Respuesta\",\"Freq\")\nfigducha <- plot_ly(ducha, x = ducha[[\"Freq\"]], y = ducha[[\"Respuesta\"]], type = 'bar', orientation = 'h', \n                     marker = list(color = 'rgba(174, 139, 45, 0.6)',\n                      line = list(color = 'rgba(174, 139, 45, 1.0)',\n                                  width = 3)))\n\nfigducha <- figducha %>% layout(barmode = 'stack',\n         xaxis = list(title = \"\"),\n         yaxis = list(title =\"\"))\n\nfigducha\n```\n\n```{r}\n#| title: Sanitario\n#| label: sanitario\n#| echo: false\n\nsanitario<-(data.frame(table(Tabla1$CELDA_SANITARIO)))\nsanitario$Var1<-c(\"Si\",\"No\", \"No sabe\", \"No responde\")\ncolnames(sanitario)<-c(\"Respuesta\",\"Freq\")\nfigsanitario <- plot_ly(sanitario, x = sanitario[[\"Freq\"]], y = sanitario[[\"Respuesta\"]], type = 'bar', orientation = 'h', \n                     marker = list(color = \"rgba(85, 26, 139, 0.6)\",\n                      line = list(color = '\"rgba(85, 26, 139, 1.0)\"',\n                                  width = 3)))\n\nfigsanitario <- figsanitario %>% layout(barmode = 'stack',\n         xaxis = list(title = \"\"),\n         yaxis = list(title =\"\"))\n\nfigsanitario\n```\n\n```{r}\n#| title: Servicio médico\n#| echo: false\n\nmedico<-(data.frame(table(Tabla1$CELDA_SERVICIO_MEDICO)))\nmedico$Var1<-c(\"Si\",\"No\",\"No lo ha solicitado\", \"No sabe\", \"No responde\")\ncolnames(medico)<-c(\"Respuesta\",\"Freq\")\nfigmedico <- plot_ly(medico, x = medico[[\"Freq\"]], y = medico[[\"Respuesta\"]], type = 'bar', orientation = 'h', \n                     marker = list(color = 'rgba(14, 38, 53, 0.6)',\n                      line = list(color = 'rgba(14, 38, 53, 1.0)',\n                                  width = 3)))\n\nfigmedico <- figmedico %>% layout(barmode = 'stack',\n         xaxis = list(title = \"\"),\n         yaxis = list(title =\"\"))\n\nfigmedico\n```\n\n```{r}\n#| title: Alimentos gratis\n#| label: comidagratis\n#| echo: false\n\nalimentos<-(data.frame(table(Tabla1$CELDA_ALIMENTOS)))\nalimentos$Var1<-c(\"Si\",\"No\", \"No sabe\", \"No responde\")\ncolnames(alimentos)<-c(\"Respuesta\",\"Freq\")\nfigalimentos <- plot_ly(alimentos, x = alimentos[[\"Freq\"]], y = alimentos[[\"Respuesta\"]], type = 'bar', orientation = 'h', \n                     marker = list(color = 'rgba(174, 139, 45, 0.6)',\n                      line = list(color = 'rgba(174, 139, 45, 1.0)',\n                                  width = 3)))\n\nfigalimentos <- figalimentos %>% layout(barmode = 'stack',\n         xaxis = list(title = \"\"),\n         yaxis = list(title =\"\"))\n\nfigalimentos\n```\n\n```{r}\n#| title: Sentirse seguro\n#| label: celdaseguridad\n#| echo: false\n\nceldaseguridad<-(data.frame(table(Tabla1$CELDA_SEGURIDAD)))\nceldaseguridad$Var1<-c(\"Si\",\"No\", \"No sabe\", \"No responde\")\ncolnames(celdaseguridad)<-c(\"Respuesta\",\"Freq\")\nfigceldaseguridad <- plot_ly(celdaseguridad, x = celdaseguridad[[\"Freq\"]], y = celdaseguridad[[\"Respuesta\"]], type = 'bar', orientation = 'h', \n                     marker = list(color = \"rgba(85, 26, 139, 0.6)\",\n                      line = list(color = '\"rgba(85, 26, 139, 1.0)\"',\n                                  width = 3)))\n\nfigceldaseguridad <- figceldaseguridad %>% layout(barmode = 'stack',\n         xaxis = list(title = \"\"),\n         yaxis = list(title =\"\"))\n\nfigceldaseguridad\n```\n\n### Carcel {width=\"50%\"}\n\n#### panel {.tabset}\n\n```{r}\n#| title: Área de ejercicio\n#| label: ejercicio\n#| echo: false\n\nejer<-(data.frame(table(Tabla1$CARCEL_EJERCICIO)))\nejer$Var1<-c(\"Si\",\"No\", \"No sabe\", \"No responde\")\ncolnames(ejer)<-c(\"Respuesta\",\"Freq\")\nfigejer <- plot_ly(ejer, x = ejer[[\"Freq\"]], y = ejer[[\"Respuesta\"]], type = 'bar', orientation = 'h', \n                     marker = list(color = 'rgba(174, 139, 45, 0.6)',\n                      line = list(color = 'rgba(174, 139, 45, 1.0)',\n                                  width = 3)))\n\nfigejer <- figejer %>% layout(barmode = 'stack',\n         xaxis = list(title = \"\"),\n         yaxis = list(title =\"\"))\n\nfigejer\n```\n\n```{r}\n#| title: material de lectura\n#| label: lectura\n#| echo: false\n\nlec<-(data.frame(table(Tabla1$CARCEL_LECTURA)))\nlec$Var1<-c(\"Si\",\"No\", \"No sabe\", \"No responde\")\ncolnames(lec)<-c(\"Respuesta\",\"Freq\")\nfiglec <- plot_ly(lec, x = lec[[\"Freq\"]], y = lec[[\"Respuesta\"]], type = 'bar', orientation = 'h', \n                     marker = list(color = \"rgba(85, 26, 139, 0.6)\",\n                      line = list(color = '\"rgba(85, 26, 139, 1.0)\"',\n                                  width = 3)))\n\nfiglec <- figlec %>% layout(barmode = 'stack',\n         xaxis = list(title = \"\"),\n         yaxis = list(title =\"\"))\n\nfiglec\n```\n\n```{r}\n#| title: Practicas religiosas\n#| echo: false\n\nreli<-(data.frame(table(Tabla1$CARCEL_RELIGION)))\nreli$Var1<-c(\"Si\",\"No\", \"No sabe\", \"No responde\")\ncolnames(reli)<-c(\"Respuesta\",\"Freq\")\nfigreli <- plot_ly(reli, x = reli[[\"Freq\"]], y = reli[[\"Respuesta\"]], type = 'bar', orientation = 'h', \n                     marker = list(color = 'rgba(14, 38, 53, 0.6)',\n                      line = list(color = 'rgba(14, 38, 53, 1.0)',\n                                  width = 3)))\n\nfigreli <- figreli %>% layout(barmode = 'stack',\n         xaxis = list(title = \"\"),\n         yaxis = list(title =\"\"))\n\nfigreli\n```\n\n```{r}\n#| title: Llamadas\n#| label: llamadas\n#| echo: false\n\nllam<-(data.frame(table(Tabla1$CARCEL_LLAMADAS)))\nllam$Var1<-c(\"Si\",\"No\", \"No sabe\", \"No responde\")\ncolnames(llam)<-c(\"Respuesta\",\"Freq\")\nfigllam <- plot_ly(llam, x = llam[[\"Freq\"]], y = llam[[\"Respuesta\"]], type = 'bar', orientation = 'h', \n                     marker = list(color = 'rgba(174, 139, 45, 0.6)',\n                      line = list(color = 'rgba(174, 139, 45, 1.0)',\n                                  width = 3)))\n\nfigllam <- figllam %>% layout(barmode = 'stack',\n         xaxis = list(title = \"\"),\n         yaxis = list(title =\"\"))\n\nfigllam\n```\n\n```{r}\n#| title: Estudiar\n#| label: EstudioCarcel\n#| echo: false\n\ncarestu<-(data.frame(table(Tabla1$CARCEL_ESTUDIO)))\ncarestu$Var1<-c(\"Si\",\"No\", \"No sabe\", \"No responde\")\ncolnames(carestu)<-c(\"Respuesta\",\"Freq\")\nfigcarestu <- plot_ly(carestu, x = carestu[[\"Freq\"]], y = carestu[[\"Respuesta\"]], type = 'bar', orientation = 'h', \n                     marker = list(color = \"rgba(85, 26, 139, 0.6)\",\n                      line = list(color = '\"rgba(85, 26, 139, 1.0)\"',\n                                  width = 3)))\n\nfigcarestu <- figcarestu %>% layout(barmode = 'stack',\n         xaxis = list(title = \"\"),\n         yaxis = list(title =\"\"))\n\nfigcarestu\n```\n\n```{r}\n#| title: Visitas\n#| echo: false\n\nvisit<-(data.frame(table(Tabla1$CARCEL_VISITA)))\nvisit$Var1<-c(\"Si\",\"No\", \"No sabe\", \"No responde\")\ncolnames(visit)<-c(\"Respuesta\",\"Freq\")\nfigvisit <- plot_ly(visit, x = visit[[\"Freq\"]], y = visit[[\"Respuesta\"]], type = 'bar', orientation = 'h', \n                     marker = list(color = 'rgba(14, 38, 53, 0.6)',\n                      line = list(color = 'rgba(14, 38, 53, 1.0)',\n                                  width = 3)))\n\nfigvisit <- figvisit %>% layout(barmode = 'stack',\n         xaxis = list(title = \"\"),\n         yaxis = list(title =\"\"))\n\nfigvisit\n```\n\n```{r}\n#| title: Sentirse seguro\n#| label: carcelseguridad\n#| echo: false\n\ncarcelseguridad<-(data.frame(table(Tabla1$CARCEL_SEGURIDAD)))\ncarcelseguridad$Var1<-c(\"Si\",\"No\", \"No sabe\", \"No responde\")\ncolnames(carcelseguridad)<-c(\"Respuesta\",\"Freq\")\nfigcarcelseguridad <- plot_ly(carcelseguridad, x = carcelseguridad[[\"Freq\"]], y = carcelseguridad[[\"Respuesta\"]], type = 'bar', orientation = 'h', \n                     marker = list(color = \"rgba(85, 26, 139, 0.6)\",\n                      line = list(color = '\"rgba(85, 26, 139, 1.0)\"',\n                                  width = 3)))\n\nfigcarcelseguridad <- figcarcelseguridad %>% layout(barmode = 'stack',\n         xaxis = list(title = \"\"),\n         yaxis = list(title =\"\"))\n\nfigcarcelseguridad\n```\n\n## Comentarios {height=\"30%\"}\n\n::: card\n**Observaciones** Las variables cuantitativas de esta sección son asimétricas, pero no poseen tendencia al valor 0. Sin embargo, las variables categóricas de esta sección estan inclinadas fuertemente hacia una categoría (a excepción de la variable \"Visitas\")\n\nPor lo tanto, se dará un mayor enfoque y desarrollo a las variables cuantitativas de esta sección.\n:::\n","srcMarkdownNoYaml":"\n\n```{r}\n#| label: carga-librerias\n#| message: false\n#| echo: false\n#| output: false\nlibrary(tidyverse)\nlibrary(readr)\nlibrary(ggplot2)\nlibrary(plotly)\nlibrary(GGally)\nlibrary(FactoClass)\nlibrary(dplyr)\nlibrary(readxl)\nlibrary(scales)\nlibrary(DT)\nlibrary(gt)\nlibrary(RColorBrewer)\ntheme_set(theme_minimal(base_size = 24, base_family = \"Atkinson Hyperlegible\"))\n```\n\n```{r}\n#| label: carga-datos\n#| echo: false\n#| output: false\n#Tabla1<- read.csv(\"DatosSeleccionados.csv\")\nsource(\"DatosSeleccionados.R\")\n```\n\n#  {.sidebar}\n\n![](images/LogoUnal.png){width=\"90%\" fig-align=\"left\"}\n\n## Menú de navegación\n\n::: {.callout-tip icon=\"false\" collapse=\"true\" appearance=\"simple\"}\n### Inicio\n\n-   [Inicio](ResumenIntro.qmd)\n:::\n\n::: {.callout-tip icon=\"false\" collapse=\"true\" appearance=\"simple\"}\n### Marco conceptual\n\n-   [Marco de antecedentes](Antecedentes.qmd)\n-   [Objetivos y justificación](index.qmd)\n-   [Descripción de los datos](Datos.qmd)\n:::\n\n::: {.callout-tip icon=\"false\" collapse=\"true\" appearance=\"simple\"}\n### Análisis descriptivo\n\n-   [Análisis descriptivo univariado](dashboard.qmd)\n\n-   [Análisis descriptivo bivariado](https://qglhmj-juan0pablo-montano0diaz.shinyapps.io/analisis_descriptivo_bivariado/)\n\n-   [Análisis de componentes principales (PCA)](ACP.qmd)\n\n-   [Análisis de correspondencias simple (SCA)](https://qglhmj-juan0pablo-montano0diaz.shinyapps.io/CorrespondenciaSimples/)\n\n-   [Análisis de correspondencias múltiples (MCA)](ACM.qmd)\n\n-   [Agrupamiento de las variables](Agrupamiento.qmd)\n:::\n\n::: {.callout-tip icon=\"false\" collapse=\"true\" appearance=\"simple\"}\n### Conclusiones\n\n-   [Conclusiones](Conclusiones.qmd)\n:::\n\n\n::: {.callout-tip icon=\"false\" collapse=\"true\" appearance=\"simple\"}\n### Sobre nosotros\n\n-   [Sobre nosotros](about.qmd)\n:::\n\n------------------------------------------------------------------------\n\n------------------------------------------------------------------------\n\n::: {.callout-note collapse=\"true\"}\n## Recordatorio\n\nEste estudio ha sido elaborado en base a los datos que están disponibles de forma pública en sitio web del INEGI. La información completa sobre el procesamiento de datos hecho por la entidad se encuentra disponible en el marco conceptual y diseño muestral de la encuesta, también disponibles para el público.\n:::\n\n# Var. Demográficas\n\n## Cuadros {height=\"20%\"}\n\n```{r}\n#| content: valuebox\n#| title: \"N° Registros\"\n\nlist(\n  icon = \"person-bounding-box\",\n  color = \"gray\",#\"primary\",\n  value = nrow(Tabla1)\n)\n```\n\n```{r}\n#| content: valuebox\n#| title: \"Var. demográficas consideradas\"\n\nlist(\n  icon = \"database-check\",\n  color = \"gray\",#p_cesarean_color,\n  value = 25\n)\n```\n\n```{r}\n#| content: valuebox\n#| title: \"Var. demográficas iniciales\"\n\nlist(\n  icon = \"building-fill-lock\",\n  color = \"gray\",#p_preterm_color,\n  value = 182#label_percent(accuracy = 0.1)(p_preterm)\n)\n```\n\n## Sexo y Estado {height=\"30%\"}\n\n### Sexo {width=\"40%\"}\n\n```{r}\n#| title: Sexo\n#| label: Grafico-sexo\n#| echo: false\n\ndf <- Tabla1\ndf <- df %>% group_by(SEXO)\ndf <- df %>% summarize(count = n())\nfigSexo <- df %>% plot_ly(labels = c(\"Hombre\",\"Mujer\"), values = ~count, marker=list(colors= c(\"#0e2635\",\"#ae8b2d\")))\nfigSexo <- figSexo %>% add_pie(hole = 0.6)\nfigSexo <- figSexo %>% layout(showlegend = T, legend = list(font = list(size = 10),\n                      xaxis = list(showgrid = FALSE, zeroline = FALSE, showticklabels = FALSE),\n                      yaxis = list(showgrid = FALSE, zeroline = FALSE, showticklabels = FALSE)))\n\nfigSexo\n\n```\n\n### Estado civil {width=\"60%\"}\n\n```{r}\n#| title: Estado civil\n#| label: Grafico-Estado-civil\n#| echo: false\n\ndf <- Tabla1\ndf <- df %>% group_by(EST_CIVIL)\ndf <- df %>% summarize(count = n())\nfigEstCivil <- df %>% plot_ly(labels = c(\"Unión libre\",\"Separado/a de unión libre\",\"Separado/a de un matrimonio\",\"Casado/a\",\"Soltero/a\",\"Divorciado/a\",\"Viudo/a\",\"No sabe\",\"No responde\"), values = ~count)\nfigEstCivil <- figEstCivil %>% add_pie(hole = 0.6)\nfigEstCivil <- figEstCivil %>% layout(showlegend = T,legend = list(font = list(size = 10) ,xaxis = list(showgrid = FALSE, zeroline = FALSE, showticklabels = FALSE),yaxis = list(showgrid = FALSE, zeroline = FALSE, showticklabels = FALSE)))\n\nfigEstCivil\n\n```\n\n## Row {height=\"35%\"}\n\n### Tiempo en la carcel {width=\"55%\"}\n\n```{r}\n#| title: Tiempo privado de la libertad\n#| label: Grafico-Tiempo-carcel\n#| echo: false\n\ncarcel<-(as.data.frame.matrix(t(table(Tabla1[,c(\"TIPO_CARCEL\",\"TIEMPO_CARCEL\")]))))\nrownames(carcel)<-c( \"Menos de 6 meses a 1 año\",\n    \"Más de 6 meses hasta 1 año\", \n    \"Más de 1 año hasta 1 año con 6 meses\", \n    \"Más de 1 año con 6 meses hasta 2 años\", \n    \"Más de 2 años\", \n    \"No sabe\", \n    \"No responde\")\ncolnames(carcel)<-c(\"Centro varonil\",\"Centro femenil\", \"Mixto\")\nfigcarcel <- plot_ly(carcel, x = carcel[[\"Centro femenil\"]], y = ~rownames(carcel), type = 'bar', orientation = 'h', name = 'Centro femenil',marker = list(color = 'rgba(246, 78, 139, 0.6)',\n                      line = list(color = 'rgba(246, 78, 139, 1.0)',\n                                  width = 3)))\nfigcarcel <- figcarcel %>% add_trace(x = carcel[[\"Centro varonil\"]], y=~rownames(carcel), name = \"Centro varonil\",marker = list(color = 'rgba(58, 71, 80, 0.6)', line = list(color = 'rgba(58, 71, 80, 1.0)',\n                                      width = 3)))\n\n\nfigcarcel <- figcarcel %>% add_trace(x = carcel[[\"Mixto\"]],y=~rownames(carcel), name = \"Mixto\",marker = list(color = 'rgba(85, 26, 139, 0.6)',\n                          line = list(color = 'rgba(85, 26, 139, 1.0)',\n                                      width = 3)))\n\nfigcarcel <- figcarcel %>% layout(barmode = 'stack',\n         xaxis = list(title = \"\"),\n         yaxis = list(title =\"\"))\n\nfigcarcel\n```\n\n### Edad {width=\"45%\"}\n\n```{r}\n#| title: Edad de la persona\n\n#Esto es el gráfico de orientación sexual\n#cat <- attributes(as.factor(Tabla1$P1_23))$levels\n#per <- tabulate(as.factor(Tabla1$P1_23))/nrow(Tabla1)*100\n#data <- data.frame(cat, per)\n#fig <- plot_ly(data, labels=~cat, values=~per, type='pie')\n#fig <- fig %>% layout(title = \"Orientación sexual\")\n#fig\n\n\n#Este es el gráfico de la edad\n#| echo: true\nfig <- plot_ly(Tabla1, x=~EDAD, type='histogram',\n                marker = list(color = \"#0e2635\",\n                            line = list(color = \"darkgray\",\n                                        width = 1)))\nfig <- fig %>% layout(yaxis=list(title='Frec. abs.'), xaxis=list(title=\"Edad (años)\"))\nfig\n```\n\n## Texto piel {height=\"35%\"}\n\n### Imagen piel {width=\"40%\"}\n\n![](images/Color_pieles.png){width=\"95%\"}\n\n### Grafico piel {width=\"60%\"}\n\n```{r}\n#| title: Según la escala dada a la izquierda. ¿De qué color de piel se percibe?\n#| label: Gráfico-Piel\nPiel<-(data.frame(table(Tabla1$COLOR_PIEL)))\nPiel$Var1<-c(\"No sabe/No responde\",\"A\", \"B\", \"C\", \"D\", \"E\", \"F\", \"G\",\"H\", \"I\", \"J\", \"K\")\ncolnames(Piel)<-c(\"Respuesta\",\"Freq\")\nfigPiel <- plot_ly(Piel, x = Piel[[\"Freq\"]], y = Piel[[\"Respuesta\"]], type = 'bar', orientation = 'h', \n                     marker = list(color = c(\"red\",\"black\",\"#321B0F\",\"#492816\",\"#65371E\",\"#714937\",\"rgba(161,110,75,0.6)\",\"#8C644D\",\"#BF9169\",\"pink2\",\"rgba(232,190,172,0.6)\",'\trgba(255,231,209,0.6)'),\n                      line = list(color = 'gray',\n                                  width = 2)))\n\nfigPiel <- figPiel %>% layout(barmode = 'stack',\n         xaxis = list(title = \"\"),\n         yaxis = list(title =\"\"))\n\nfigPiel\n```\n\n## Escolaridad {height=\"35%\"}\n\n```{r}\n#| title: Edad a la que alcanzó su grado de estudios.\n#| label: Gráfico-Edad-estudios\n\n#Tabla1 |> \n#  count(CONSIDERO_SUICIDIO, SEXO) |>\n#  ggplot(aes(x = n, y = fct_rev(CONSIDERO_SUICIDIO), fill = SEXO)) +\n#  geom_col(position = \"fill\", color = \"white\") +\n#  scale_fill_manual(\n#    values = c(\"#ae8b2d\", \"#0e2635\"),\n#    labels=c(\"Masculino\",\"Femenino\"),\n#    guide = guide_legend(reverse = TRUE)\n#  ) +\n#  scale_x_continuous(labels = label_percent())+\n#  labs(y = NULL, x = NULL, fill = \"Sexo\")\n\nfigEstudios <- plot_ly(Tabla1, x=~EDAD_ESCOLARIDAD, type='histogram',\n                marker = list(color = \"#0e2635\",\n                            line = list(color = \"darkgray\",\n                                        width = 1)))\nfigEstudios <- figEstudios %>% layout(yaxis=list(title='Frec. abs.'), xaxis=list(title=\"Edad (años)\"))\nfigEstudios\n```\n\n```{r}\n#| title: Máximo grado de estudios alcanzado\n#| label: Gráfico-Grado-estudios\n\nEstudio<-(data.frame(table(Tabla1$NIVEL_ESCOLARIDAD)))\nEstudio$Var1<-c(\"Ninguno\",\"Preescolar\", \"Primaria\", \"Secundaria\", \"Carrera técnica con sec. terminada\", \"Normal básica\", \"Bachillerato\", \"Técnico con bach. terminado\",\"Licenciatura o profesional\", \"Maestria o doctorado\", \"No sabe\", \"No responde\")\ncolnames(Estudio)<-c(\"Respuesta\",\"Freq\")\nfigEscolar <- plot_ly(Estudio, x = Estudio[[\"Freq\"]], y = Estudio[[\"Respuesta\"]], type = 'bar', orientation = 'h', \n                     marker = list(color = 'rgba(174, 139, 45, 0.6)',\n                      line = list(color = 'rgba(174, 139, 45, 1.0)',\n                                  width = 3)))\n\nfigEscolar <- figEscolar %>% layout(barmode = 'stack',\n         xaxis = list(title = \"\"),\n         yaxis = list(title =\"\"))\n\nfigEscolar\n```\n\n## Texto {height=\"10%\"}\n\n### Texto 1 {width= \"40%\"}\n\n**¿Alguna vez ha consumido las siguientes sustancias?**\n\n### Texto 2 {width=\"60%\"}\n\n**Si consumió, ¿a qué edad probó por primera vez las siguientes sustancias?**\n\n## Drogas {height=\"30%\"}\n\n### Consumo drogas {width= \"40%\"}\n\n#### panel {.tabset}\n\n```{r}\n#| title: Tabaco\n#| echo: false\n\ntabaco<-(data.frame(table(Tabla1$CONSUMO_TABACO)))\ntabaco$Var1<-c(\"Si\",\"No\", \"No sabe\", \"No responde\")\ncolnames(tabaco)<-c(\"Respuesta\",\"Freq\")\nfigtabaco <- plot_ly(tabaco, x = tabaco[[\"Freq\"]], y = tabaco[[\"Respuesta\"]], type = 'bar', orientation = 'h', \n                     marker = list(color = 'rgba(14, 38, 53, 0.6)',\n                      line = list(color = 'rgba(14, 38, 53, 1.0)',\n                                  width = 3)))\n\nfigtabaco <- figtabaco %>% layout(barmode = 'stack',\n         xaxis = list(title = \"\"),\n         yaxis = list(title =\"\"))\n\nfigtabaco\n```\n\n```{r}\n#| title: Alcohol\n#| label: Grafico-consumo-alcohol\n#| echo: false\n\nalcohol<-(data.frame(table(Tabla1$CONSUMO_ALCOHOL)))\nalcohol$Var1<-c(\"Si\",\"No\", \"No sabe\", \"No responde\")\ncolnames(alcohol)<-c(\"Respuesta\",\"Freq\")\nfigalcohol <- plot_ly(alcohol, x = alcohol[[\"Freq\"]], y = alcohol[[\"Respuesta\"]], type = 'bar', orientation = 'h', \n                     marker = list(color = 'rgba(174, 139, 45, 0.6)',\n                      line = list(color = 'rgba(174, 139, 45, 1.0)',\n                                  width = 3)))\n\nfigalcohol <- figalcohol %>% layout(barmode = 'stack',\n         xaxis = list(title = \"\"),\n         yaxis = list(title =\"\"))\n\nfigalcohol\n```\n\n```{r}\n#| title: Marihuana\n#| label: Consumo-marihuana\n#| echo: false\n\nmarihuana<-(data.frame(table(Tabla1$CONSUMO_MARIHUANA)))\nmarihuana$Var1<-c(\"Si\",\"No\", \"No sabe\", \"No responde\")\ncolnames(marihuana)<-c(\"Respuesta\",\"Freq\")\nfigmarihuana <- plot_ly(marihuana, x = marihuana[[\"Freq\"]], y = marihuana[[\"Respuesta\"]], type = 'bar', orientation = 'h', \n                     marker = list(color = \"rgba(85, 26, 139, 0.6)\",\n                      line = list(color = '\"rgba(85, 26, 139, 1.0)\"',\n                                  width = 3)))\n\nfigmarihuana <- figmarihuana %>% layout(barmode = 'stack',\n         xaxis = list(title = \"\"),\n         yaxis = list(title =\"\"))\n\nfigmarihuana\n```\n\n### Histogramas {width=\"60%\"}\n\n#### panel {.tabset}\n\n```{r}\n#| title: Tabaco\n#| label: Edad-comienzo-consumo-Tabaco\n#| echo: false\n\nhistTab <- plot_ly(Tabla1, x=~EDAD_CONSUMO_TABACO, type='histogram',\n                marker = list(color = \"#0e2635\",\n                            line = list(color = \"darkgray\",\n                                        width = 1)),\n                name=\"Tabaco\")\nhistTab <- histTab %>% layout(yaxis=list(title='Frec. abs.'), xaxis=list(title=\"Edad (años)\"))\n\nhistTab\n\n```\n\n```{r}\n#| title: Alcohol\n#| label: Edad-comienzo-consumo-alcohol\n#| echo: false\nhistAlc <- plot_ly(Tabla1, x=~EDAD_CONSUMO_ALCOHOL, type='histogram',\n                marker = list(color = \"#ae8b2d\",\n                            line = list(color = \"darkgray\",\n                                        width = 1)),\n                name=\"Alcohol\")\nhistAlc<- histAlc %>% layout(yaxis=list(title='Frec. abs.'), xaxis=list(title=\"Edad (años)\"))\n\nhistAlc\n```\n\n```{r}\n#| title: Marihuana\n#| label: Edad-comienzo-consumo-marihuana\n#| echo: false\nhistMari <- plot_ly(Tabla1, x=~EDAD_CONSUMO_MARIHUANA, type='histogram',\n                marker = list(color = \"rgba(85, 26, 139, 1.0)\",\n                            line = list(color = \"darkgray\",\n                                        width = 1)),name = \"Marihuana\")\nhistMari <- histMari %>% layout(yaxis=list(title='Frec. abs.', legend=list(title=\"Sustancia\")), xaxis=list(title=\"Edad (años)\"))\n\nhistMari\n```\n\n## Discapacidad {height=\"30%\"}\n\n```{r}\n#| title: ¿Cuenta con alguna discapacidad?\n#| label: Grafico-discapacidad\n#| echo: false\n\n#Grafico Discapacidad visual\ndVisual <- Tabla1\ndVisual <- dVisual %>% group_by(DISC_VISUAL)\ndVisual <- dVisual %>% summarize(count = n())\n\n#Gráfico discapacidad auditiva\ndAuditiva <- Tabla1\ndAuditiva <- dAuditiva %>% group_by(DISC_AUDITIVA)\ndAuditiva <- dAuditiva %>% summarize(count = n())\n\n#Discapacidad motriz\ndMotriz <- Tabla1\ndMotriz <- dMotriz %>% group_by(DISC_MOTRIZ)\ndMotriz <- dMotriz %>% summarize(count = n())\n\nfigDisc<-plot_ly()\nfigDisc <- figDisc %>% add_pie(data = dVisual, labels = c(\"Sí\",\"No\",\"No sabe\",\"No responde\"), values = ~count, textinfo='percent', showlegend=F, title=\"Visual\",\n                       name = \"Visual\", domain = list(row=0, column=0), marker=list(colors= c(\"#ae8b2d\",\"#0e2635\",\"red3\",\"green4\")),hole=0.6)\nfigDisc <- figDisc %>% add_pie(data = dAuditiva, labels = c(\"Sí\",\"No\",\"No sabe\",\"No responde\"), values = ~count, textinfo='percent', showlegend=F, title=\"Auditiva\",\n                       name = \"Auditiva\", domain = list(row=0, column = 1),marker=list(colors= c(\"#ae8b2d\",\"#0e2635\",\"red3\",\"green4\")),hole=0.6)\n\nfigDisc <- figDisc %>% add_pie(data = dMotriz, labels = c(\"Sí\",\"No\",\"No sabe\",\"No responde\"), values = ~count, textinfo='percent', showlegend=F, title=\"Motriz\",\n                       name = \"Motriz\", domain = list(row=0, column = 2),marker=list(colors= c(\"#ae8b2d\",\"#0e2635\",\"red3\",\"green4\")),hole=0.6)\n\nfigDisc <- figDisc %>% layout(showlegend = T,\n                      grid=list(rows=1, columns=3),\n                      xaxis = list(showgrid = FALSE, zeroline = FALSE, showticklabels = FALSE),\n                      yaxis = list(showgrid = FALSE, zeroline = FALSE, showticklabels = FALSE))\n\n\nfigDisc \n```\n\n## Comentarios {height= \"35%\"}\n\n::: card\n**Observaciones**\n\nAl ver los gráficos mostrados en esta sección, podemos ver que la mayoria de variables cualitativas/categóricas tienen una categoría \"tendencia\", es decir, donde la mayoria de personas se encuentran con gran diferencia.\n\nVale la pena resaltar el comportamiento de algunas variables, tales como la edad y la edad de la finalización de los estudios. Las cuales presentan una distribución asimétrica. También, se resalta que las respuestas a la pregunta sobre el consumo de marihuana resultan en una partición casi balanceada de la población.\n:::\n\n# Var Económicas {orientation=\"rows\"}\n\n## Cuadros Economicos {height=\"17%\"}\n\n```{r}\n#| component: valuebox\n#| title: \"Var. Económicas consideradas\"\n\nlist(\n  icon = \"currency-dollar\",\n  color = \"#C0C0C0\",\n  value = 6\n)\n```\n\n```{r}\n#| component: valuebox\n#| title: \"Var. Económicas originales\"\n\nlist(\n  icon = \"cash-coin\",\n  color = \"#C0C0C0\",\n  value = 73\n)\n```\n\n## Personas y vivecon {height= \"35%\"}\n\n### Personas dependientes {width=\"60%\"}\n\n```{r}\n#| title: Número de personas ecónomicamente dependientes del recluso\n#| label: Grafico-dependenciaeconomica\n#| echo: false\n\nfigDependencia <- plot_ly(Tabla1[Tabla1$N_PERSONAS_DEPENDIENTES<quantile(Tabla1$N_PERSONAS_DEPENDIENTES,0.999),], x=~N_PERSONAS_DEPENDIENTES, type='histogram',\n                marker = list(color = \"#0e2635\",\n                            line = list(color = \"darkgray\",\n                                        width = 1)))\nfigDependencia <- figDependencia %>% layout(yaxis=list(title='Frec. abs.'), xaxis=list(title=\"Edad (años)\"))\nfigDependencia\n\n```\n\n### Vive con {width=\"40%\"}\n\n```{r}\n#| title: Con quien vivía (principalmente) antes de estar en el centro penitenciario\n#| label: Grafico-viviacon\n#| echo: false\n\ndf <- Tabla1\ndf <- df %>% group_by(VIVE_CON)\ndf <- df %>% summarize(count = n())\nfigVive <- df %>% plot_ly(labels=c(\"Abuelos\",\"Amigos\",\"Hermanos\",\"Hijos\",\"Madre/Padre\",\"No sabe/No responde\",\"Otros\",\"Otros familiares\",\"Pareja\",\"Solo\"), values = ~count, marker=list(colors= c(\"#0e2635\",\"#ae8b2d\")))\nfigVive <- figVive %>% add_pie(hole = 0.6)\nfigVive <- figVive %>% layout(showlegend = T, legend = list(font = list(size = 10),\n                      xaxis = list(showgrid = FALSE, zeroline = FALSE, showticklabels = FALSE),\n                      yaxis = list(showgrid = FALSE, zeroline = FALSE, showticklabels = FALSE)))\n\nfigVive\n\n```\n\n## Datos Trabajo {height= \"45%\"}\n\n### Trabajo {width=\"40%\"}\n\n```{r}\n#| title: ¿Alguna vez ha realizado algún trabajo a cambio de un pago/beneficio?\n#| label:  Trabajo\n#| output: true\n\ntrabajo<-(data.frame(table(Tabla1$TRABAJO)))\ntrabajo$Var1<-c(\"Si\",\"No\", \"No sabe\", \"No responde\")\ncolnames(trabajo)<-c(\"Respuesta\",\"Freq\")\nfigtrabajo <- plot_ly(trabajo, x = trabajo[[\"Freq\"]], y = trabajo[[\"Respuesta\"]], type = 'bar', orientation = 'h', \n                     marker = list(color = 'rgba(14, 38, 53, 0.6)',\n                      line = list(color = 'rgba(14, 38, 53, 1.0)',\n                                  width = 3)))\n\nfigtrabajo <- figtrabajo %>% layout(barmode = 'stack',\n         xaxis = list(title = \"\"),\n         yaxis = list(title =\"\"))\n\nfigtrabajo\n```\n\n### Dinero del mes {width=\"60%\"}\n\n```{r}\n#| title: Cuánto dinero recibió el mes anterior a su detención\n#| label: Gráfico-dinero\ndinero<-(data.frame(table(Tabla1$SALARIO_MES_ANTERIOR)))\ndinero$Var1<-c(\"Menos de $3000\",\"De $3000 a $5500\", \"De $5501 a $7500\", \"De $7501 a $9000\", \"De $9001 a $11000\", \"Más de $11000\", \"No recibía ingresos\", \"No quiere decir\",\"No sabe\")\ncolnames(dinero)<-c(\"Respuesta\",\"Freq\")\nfigdinero <- plot_ly(dinero, x = dinero[[\"Freq\"]], y = dinero[[\"Respuesta\"]], type = 'bar', orientation = 'h', \n                     marker = list(color = c(brewer.pal(n=6,\"YlOrRd\"),\"purple1\",\"pink3\",\"lightblue4\"),\n                      line = list(color = 'black',\n                                  width = 2)))\n\nfigdinero <- figdinero %>% layout(barmode = 'stack',\n         xaxis = list(title = \"\"),\n         yaxis = list(title =\"\"))\n\nfigdinero\n```\n\n## Diagramas de barras {height=\"25%\"}\n\n### Comida {width= \"50%\"}\n\n```{r}\n#| title: ¿Los miembros de su hogar tenían comida todos los días?\n#| label:  Comida\n#| output: true\n\ncomida<-(data.frame(table(Tabla1$PODIA_COMER)))\ncomida$Var1<-c(\"Si\",\"No\", \"No sabe\", \"No responde\")\ncolnames(comida)<-c(\"Respuesta\",\"Freq\")\nfigcomida <- plot_ly(comida, x = comida[[\"Freq\"]], y = comida[[\"Respuesta\"]], type = 'bar', orientation = 'h', \n                     marker = list(color = 'rgba(174, 139, 45, 0.6)',\n                      line = list(color = 'rgba(174, 139, 45, 1.0)',\n                                  width = 3)))\n\nfigcomida <- figcomida %>% layout(barmode = 'stack',\n         xaxis = list(title = \"\"),\n         yaxis = list(title =\"\"))\n\nfigcomida\n```\n\n### Deuda {width= \"50%\"}\n\n```{r}\n#| title: ¿Tenía algún tipo de deuda?\n#| label:  Deuda\n#| output: true\n\ndeuda<-(data.frame(table(Tabla1$DEUDA)))\ndeuda$Var1<-c(\"Si\",\"No\", \"No sabe\", \"No responde\")\ncolnames(deuda)<-c(\"Respuesta\",\"Freq\")\nfigdeuda <- plot_ly(deuda, x = deuda[[\"Freq\"]], y = deuda[[\"Respuesta\"]], type = 'bar', orientation = 'h', \n                     marker = list(color = 'rgba(85, 26, 139, 0.6)',\n                      line = list(color = 'rgba(85, 26, 139, 1.0)',\n                                  width = 3)))\n\nfigdeuda <- figdeuda %>% layout(barmode = 'stack',\n         xaxis = list(title = \"\"),\n         yaxis = list(title =\"\"))\n\nfigdeuda\n```\n\n## Comnetarios {height= \"30%\"}\n\n::: card\n**Observaciones**\n\nEn esta sección, las variables cuantitativas son asimétricas, con una gran parte de la población ubicada en el valor 0. Tal como se ve en el gráfico de la cantidad de personas dependientes que se posee.\n\nSin embargo, algunas variables cualitativas, tales como la deuda y el dinero del mes anterior, resultan en una partición equilibrada de la población, lo que puede resultar útil al momento de realizar análisis descriptivos bivariados.\n:::\n\n# Var Delictivas {orientation=\"rows\"}\n\n## Cuadros Economicos {height=\"17%\"}\n\n```{r}\n#| component: valuebox\n#| title: \"Var. Delictivas consideradas\"\n\nlist(\n  icon = \"emoji-dizzy\",\n  color = \"white\",\n  value = 15\n)\n```\n\n```{r}\n#| component: valuebox\n#| title: \"Var. Delictivas originales\"\n\nlist(\n  icon = \"emoji-dizzy-fill\",\n  color = \"white\",\n  value = 551\n)\n```\n\n## Antecedentes {height= \"30%\"}\n\n### Sentenciado Antes {width=\"40%\"}\n\n```{r}\n#| title: Antes de su reclusión actual había sido sentenciado por algún delito\n#| label:  Grafico-Antecedentes1\n#| output: true\n\ncrimen<-(data.frame(table(Tabla1$SENTENCIADO_ANTES)))\ncrimen$Var1<-c(\"Si\",\"No\", \"No sabe\", \"No responde\")\ncolnames(crimen)<-c(\"Respuesta\",\"Freq\")\nfigcrimen <- plot_ly(crimen, x = crimen[[\"Freq\"]], y = crimen[[\"Respuesta\"]], type = 'bar', orientation = 'h', \n                     marker = list(color = 'rgba(14, 38, 53, 0.6)',\n                      line = list(color = 'rgba(14, 38, 53, 1.0)',\n                                  width = 3)))\n\nfigcrimen <- figcrimen %>% layout(barmode = 'stack',\n         xaxis = list(title = \"\"),\n         yaxis = list(title =\"\"))\n\nfigcrimen\n```\n\n### Veces sentenciado {width=\"60%\"}\n\n```{r}\n#| title: Cuántas veces estuvo recluido/a en en un centro penitenciario o centro disciplinario para adolescentes\n#| label: Grafico-vecessentenciado\n#| echo: false\n\nfigVeces <- plot_ly(Tabla1[Tabla1$VECES_SENTENCIADO<quantile(Tabla1$VECES_SENTENCIADO,0.999),], x=~VECES_SENTENCIADO, type='histogram',nbinsx=30,\n                marker = list(color = \"#0e2635\",\n                            line = list(color = \"darkgray\",\n                                        width = 1)))\nfigVeces <- figVeces %>% layout(yaxis=list(title='Frec. abs.'), xaxis=list(title=\"Veces sentenciado\"))\nfigVeces\n\n```\n\n## Detención {height=\"30%\"}\n\n### Motivo {width=\"50%\"}\n\n```{r}\n#| title: Motivo por el cual se encuentra en el centro penitenciario\n#| label: Grafico-detencion\n#| echo: false\n\nmotivo<-(data.frame(table(Tabla1$MOTIVO_DETENCION)))\nmotivo$Var1<-c(\"Cometió un delito\",\"Ayudó a la realización de un delito\", \"No ha podido comprobar su inocencia\", \"Fue acusado falsamente de cometer un delito\", \"Otro\", \"No Sabe\",\"No Responde\")\ncolnames(motivo)<-c(\"Respuesta\",\"Freq\")\nfigmotivo <- plot_ly(motivo, x = motivo[[\"Freq\"]], y = motivo[[\"Respuesta\"]], type = 'bar', orientation = 'h', \n                     marker = list(color = c('rgba(14, 38, 53, 0.6)',\"#33FFFF\",\"#CC6600\",\"#9933FF\",\"#FF99CC\",\"black\",\"black\"),\n                      line = list(color = 'black',\n                                  width = 2)))\n\nfigmotivo <- figmotivo %>% layout(barmode = 'stack',\n         xaxis = list(title = \"\"),\n         yaxis = list(title =\"\"))\n\nfigmotivo\n\n```\n\n### Tiempo detencion {width=\"50%\"}\n\n```{r}\n#| title: Cuánto tiempo pasó entre el delito y la detención\n#| label: Grafico-detencion2\n#| echo: false\n\nTDet<-(data.frame(table(Tabla1$TIEMPO_DEL_DET)))\nTDet$Var1<-c(\"Inmediatamente\",\"Menos de una semana\", \"Más de una semana pero menos de un mes\", \"Un mes\", \"Más de un mes y menos de un año\",\"Un año o más\", \"No Sabe\",\"No Responde\")\ncolnames(TDet)<-c(\"Respuesta\",\"Freq\")\nfigTDet <- plot_ly(TDet, x = TDet[[\"Freq\"]], y = TDet[[\"Respuesta\"]], type = 'bar', orientation = 'h', \n                     marker = list(color = c(brewer.pal(n=6,\"BuPu\"),\"black\"),\n                      line = list(color = 'black',\n                                  width = 2)))\n\nfigTDet <- figTDet %>% layout(barmode = 'stack',\n         xaxis = list(title = \"\"),\n         yaxis = list(title =\"\"))\n\nfigTDet\n\n```\n\n## Tiempos {height= \"40%\"}\n\n### Tiempo en proceso {width=\"60%\"}\n\n```{r}\n#| title: Cuánto tiempo en total (años) ha durado su proceso de sentencia\n#| label: Grafico-tiempoproceso\n#| echo: false\n\nfigAniosProceso <- plot_ly(Tabla1[Tabla1$TIEMPO_PROCESO<quantile(Tabla1$TIEMPO_PROCESO,0.99),], x=~TIEMPO_PROCESO, type='histogram',nbinsx=50,\n                marker = list(color = \"#0e2635\",\n                            line = list(color = \"darkgray\",\n                                        width = 1)))\nfigAniosProceso <- figAniosProceso %>% layout(yaxis=list(title='Frec. abs.'), xaxis=list(title=\"Tiempo (Años)\"))\nfigAniosProceso\n\n```\n\n### Tiempo en condena {width=\"40%\"}\n\n```{r}\n#| title: Cuánto tiempo en total (años) fue sentenciado a estar dentro del centro penitenciario\n#| label: Grafico-TiempoRecluido\n#| echo: false\n\nfigAniosrecluido <- plot_ly(Tabla1[Tabla1$TIEMPO_RECLUIDO<quantile(Tabla1$TIEMPO_RECLUIDO,0.999),], x=~TIEMPO_RECLUIDO, type='histogram',nbinsx=50,\n                marker = list(color = \"#0e2635\",\n                            line = list(color = \"darkgray\",\n                                        width = 1)))\nfigAniosrecluido <- figAniosrecluido %>% layout(yaxis=list(title='Frec. abs.'), xaxis=list(title=\"Tiempo (Años)\"))\nfigAniosrecluido\n\n```\n\n## Comentarios {height=\"\\\"30%\"}\n\n::: card\n**Observaciones**\n\nAl igual que las variables económicas, las variables cuantitagtivas poseen una ferte tendencia al valor 0. Y de forma más drástica, las frecuencias de las categorias en las variables cualitativas brindan una partición util y equilibrada de la población para futuros análisis multivariados.\n:::\n\n# Vida intracarcelaria {orientation=\"rows\"}\n\n## Cuadros {height=\"17%\"}\n\n```{r}\n#| component: valuebox\n#| title: \"Var. Vida intracarcelaria consideradas\"\n\nlist(\n  icon = \"luggage\",\n  color = \"white\",\n  value = 24\n)\n```\n\n```{r}\n#| component: valuebox\n#| title: \"Var. Vida intracarcelaria originales\"\n\nlist(\n  icon = \"luggage-fill\",\n  color = \"gray\",\n  value = 404\n)\n```\n\n## celda {height= \"30%\"}\n\n### Cuantas horas en celda {width=\"35%\"}\n\n```{r}\n#| title: ¿Cuántas horas pasa en su celda al día?\n#| label: Grafico-horascelda\n#| echo: false\n\nfighorascelda <- plot_ly(Tabla1[Tabla1$CELDA_HORAS<quantile(Tabla1$CELDA_HORAS,0.99),], x=~CELDA_HORAS, type='histogram',nbinsx=15,\n                marker = list(color = \"#0e2635\",\n                            line = list(color = \"darkgray\",\n                                        width = 1)))\nfighorascelda <- fighorascelda %>% layout(yaxis=list(title='Frec. abs.'), xaxis=list(title=\"Horas\"))\nfighorascelda\n\n```\n\n### Personas en la celda {width=\"65%\"}\n\n```{r}\n#| title: Con cuántas personas comparte celda?\n#| label: Grafico-numero-celda\n#| echo: false\n\nfigpersonascelda <- plot_ly(Tabla1[Tabla1$CANTIDAD_PERSONAS_CELDA<quantile(Tabla1$CANTIDAD_PERSONAS_CELDA,0.999),], x=~CANTIDAD_PERSONAS_CELDA, type='histogram',nbinsx=50,\n                marker = list(color = \"#0e2635\",\n                            line = list(color = \"darkgray\",\n                                        width = 1)))\nfigpersonascelda <- figpersonascelda %>% layout(yaxis=list(title='Frec. abs.'), xaxis=list(title=\"Cantidad personas\"))\nfigpersonascelda\n\n```\n\n## Texto {height=\"10%\"}\n\n### Texto 1 {width= \"50%\"}\n\n**En su celda, cuenta con algún acceso a...**\n\n### Texto 2 {width=\"50%\"}\n\n**Dentro del centro penitenciario, puede/tiene acesso a...**\n\n## Condiciones celda y carcel {height=\"50%\"}\n\n### Celda {width= \"50%\"}\n\n#### panel {.tabset}\n\n```{r}\n#| title: Luz natural\n#| echo: false\n\nCeldaventanas<-(data.frame(table(Tabla1$CELDA_VENTANAS)))\nCeldaventanas$Var1<-c(\"Si\",\"No\", \"No sabe\", \"No responde\")\ncolnames(Celdaventanas)<-c(\"Respuesta\",\"Freq\")\nfigventanas <- plot_ly(Celdaventanas, x = Celdaventanas[[\"Freq\"]], y = Celdaventanas[[\"Respuesta\"]], type = 'bar', orientation = 'h', \n                     marker = list(color = 'rgba(14, 38, 53, 0.6)',\n                      line = list(color = 'rgba(14, 38, 53, 1.0)',\n                                  width = 3)))\n\nfigventanas <- figventanas %>% layout(barmode = 'stack',\n         xaxis = list(title = \"\"),\n         yaxis = list(title =\"\"))\n\nfigventanas\n```\n\n```{r}\n#| title: Agua potable\n#| label: AguaPotable\n#| echo: false\n\npotable<-(data.frame(table(Tabla1$CELDA_AGUA_POTABLE)))\npotable$Var1<-c(\"Si\",\"No\", \"No sabe\", \"No responde\")\ncolnames(potable)<-c(\"Respuesta\",\"Freq\")\nfigpotable <- plot_ly(potable, x = potable[[\"Freq\"]], y = potable[[\"Respuesta\"]], type = 'bar', orientation = 'h', \n                     marker = list(color = 'rgba(174, 139, 45, 0.6)',\n                      line = list(color = 'rgba(174, 139, 45, 1.0)',\n                                  width = 3)))\n\nfigpotable <- figpotable %>% layout(barmode = 'stack',\n         xaxis = list(title = \"\"),\n         yaxis = list(title =\"\"))\n\nfigpotable\n```\n\n```{r}\n#| title: Drenaje\n#| label: drenaje\n#| echo: false\n\ndrenaje<-(data.frame(table(Tabla1$CELDA_DRENAJE)))\ndrenaje$Var1<-c(\"Si\",\"No\", \"No sabe\", \"No responde\")\ncolnames(drenaje)<-c(\"Respuesta\",\"Freq\")\nfigdrenaje <- plot_ly(drenaje, x = drenaje[[\"Freq\"]], y = drenaje[[\"Respuesta\"]], type = 'bar', orientation = 'h', \n                     marker = list(color = \"rgba(85, 26, 139, 0.6)\",\n                      line = list(color = '\"rgba(85, 26, 139, 1.0)\"',\n                                  width = 3)))\n\nfigdrenaje <- figdrenaje %>% layout(barmode = 'stack',\n         xaxis = list(title = \"\"),\n         yaxis = list(title =\"\"))\n\nfigdrenaje\n```\n\n```{r}\n#| title: Luz eléctrica\n#| echo: false\n\nluz<-(data.frame(table(Tabla1$CELDA_LUZ)))\nluz$Var1<-c(\"Si\",\"No\", \"No sabe\", \"No responde\")\ncolnames(luz)<-c(\"Respuesta\",\"Freq\")\nfigluz <- plot_ly(luz, x = luz[[\"Freq\"]], y = luz[[\"Respuesta\"]], type = 'bar', orientation = 'h', \n                     marker = list(color = 'rgba(14, 38, 53, 0.6)',\n                      line = list(color = 'rgba(14, 38, 53, 1.0)',\n                                  width = 3)))\n\nfigluz <- figluz %>% layout(barmode = 'stack',\n         xaxis = list(title = \"\"),\n         yaxis = list(title =\"\"))\n\nfigluz\n```\n\n```{r}\n#| title: Ducha\n#| label: Ducha\n#| echo: false\n\nducha<-(data.frame(table(Tabla1$CELDA_DUCHA)))\nducha$Var1<-c(\"Si\",\"No\", \"No sabe\", \"No responde\")\ncolnames(ducha)<-c(\"Respuesta\",\"Freq\")\nfigducha <- plot_ly(ducha, x = ducha[[\"Freq\"]], y = ducha[[\"Respuesta\"]], type = 'bar', orientation = 'h', \n                     marker = list(color = 'rgba(174, 139, 45, 0.6)',\n                      line = list(color = 'rgba(174, 139, 45, 1.0)',\n                                  width = 3)))\n\nfigducha <- figducha %>% layout(barmode = 'stack',\n         xaxis = list(title = \"\"),\n         yaxis = list(title =\"\"))\n\nfigducha\n```\n\n```{r}\n#| title: Sanitario\n#| label: sanitario\n#| echo: false\n\nsanitario<-(data.frame(table(Tabla1$CELDA_SANITARIO)))\nsanitario$Var1<-c(\"Si\",\"No\", \"No sabe\", \"No responde\")\ncolnames(sanitario)<-c(\"Respuesta\",\"Freq\")\nfigsanitario <- plot_ly(sanitario, x = sanitario[[\"Freq\"]], y = sanitario[[\"Respuesta\"]], type = 'bar', orientation = 'h', \n                     marker = list(color = \"rgba(85, 26, 139, 0.6)\",\n                      line = list(color = '\"rgba(85, 26, 139, 1.0)\"',\n                                  width = 3)))\n\nfigsanitario <- figsanitario %>% layout(barmode = 'stack',\n         xaxis = list(title = \"\"),\n         yaxis = list(title =\"\"))\n\nfigsanitario\n```\n\n```{r}\n#| title: Servicio médico\n#| echo: false\n\nmedico<-(data.frame(table(Tabla1$CELDA_SERVICIO_MEDICO)))\nmedico$Var1<-c(\"Si\",\"No\",\"No lo ha solicitado\", \"No sabe\", \"No responde\")\ncolnames(medico)<-c(\"Respuesta\",\"Freq\")\nfigmedico <- plot_ly(medico, x = medico[[\"Freq\"]], y = medico[[\"Respuesta\"]], type = 'bar', orientation = 'h', \n                     marker = list(color = 'rgba(14, 38, 53, 0.6)',\n                      line = list(color = 'rgba(14, 38, 53, 1.0)',\n                                  width = 3)))\n\nfigmedico <- figmedico %>% layout(barmode = 'stack',\n         xaxis = list(title = \"\"),\n         yaxis = list(title =\"\"))\n\nfigmedico\n```\n\n```{r}\n#| title: Alimentos gratis\n#| label: comidagratis\n#| echo: false\n\nalimentos<-(data.frame(table(Tabla1$CELDA_ALIMENTOS)))\nalimentos$Var1<-c(\"Si\",\"No\", \"No sabe\", \"No responde\")\ncolnames(alimentos)<-c(\"Respuesta\",\"Freq\")\nfigalimentos <- plot_ly(alimentos, x = alimentos[[\"Freq\"]], y = alimentos[[\"Respuesta\"]], type = 'bar', orientation = 'h', \n                     marker = list(color = 'rgba(174, 139, 45, 0.6)',\n                      line = list(color = 'rgba(174, 139, 45, 1.0)',\n                                  width = 3)))\n\nfigalimentos <- figalimentos %>% layout(barmode = 'stack',\n         xaxis = list(title = \"\"),\n         yaxis = list(title =\"\"))\n\nfigalimentos\n```\n\n```{r}\n#| title: Sentirse seguro\n#| label: celdaseguridad\n#| echo: false\n\nceldaseguridad<-(data.frame(table(Tabla1$CELDA_SEGURIDAD)))\nceldaseguridad$Var1<-c(\"Si\",\"No\", \"No sabe\", \"No responde\")\ncolnames(celdaseguridad)<-c(\"Respuesta\",\"Freq\")\nfigceldaseguridad <- plot_ly(celdaseguridad, x = celdaseguridad[[\"Freq\"]], y = celdaseguridad[[\"Respuesta\"]], type = 'bar', orientation = 'h', \n                     marker = list(color = \"rgba(85, 26, 139, 0.6)\",\n                      line = list(color = '\"rgba(85, 26, 139, 1.0)\"',\n                                  width = 3)))\n\nfigceldaseguridad <- figceldaseguridad %>% layout(barmode = 'stack',\n         xaxis = list(title = \"\"),\n         yaxis = list(title =\"\"))\n\nfigceldaseguridad\n```\n\n### Carcel {width=\"50%\"}\n\n#### panel {.tabset}\n\n```{r}\n#| title: Área de ejercicio\n#| label: ejercicio\n#| echo: false\n\nejer<-(data.frame(table(Tabla1$CARCEL_EJERCICIO)))\nejer$Var1<-c(\"Si\",\"No\", \"No sabe\", \"No responde\")\ncolnames(ejer)<-c(\"Respuesta\",\"Freq\")\nfigejer <- plot_ly(ejer, x = ejer[[\"Freq\"]], y = ejer[[\"Respuesta\"]], type = 'bar', orientation = 'h', \n                     marker = list(color = 'rgba(174, 139, 45, 0.6)',\n                      line = list(color = 'rgba(174, 139, 45, 1.0)',\n                                  width = 3)))\n\nfigejer <- figejer %>% layout(barmode = 'stack',\n         xaxis = list(title = \"\"),\n         yaxis = list(title =\"\"))\n\nfigejer\n```\n\n```{r}\n#| title: material de lectura\n#| label: lectura\n#| echo: false\n\nlec<-(data.frame(table(Tabla1$CARCEL_LECTURA)))\nlec$Var1<-c(\"Si\",\"No\", \"No sabe\", \"No responde\")\ncolnames(lec)<-c(\"Respuesta\",\"Freq\")\nfiglec <- plot_ly(lec, x = lec[[\"Freq\"]], y = lec[[\"Respuesta\"]], type = 'bar', orientation = 'h', \n                     marker = list(color = \"rgba(85, 26, 139, 0.6)\",\n                      line = list(color = '\"rgba(85, 26, 139, 1.0)\"',\n                                  width = 3)))\n\nfiglec <- figlec %>% layout(barmode = 'stack',\n         xaxis = list(title = \"\"),\n         yaxis = list(title =\"\"))\n\nfiglec\n```\n\n```{r}\n#| title: Practicas religiosas\n#| echo: false\n\nreli<-(data.frame(table(Tabla1$CARCEL_RELIGION)))\nreli$Var1<-c(\"Si\",\"No\", \"No sabe\", \"No responde\")\ncolnames(reli)<-c(\"Respuesta\",\"Freq\")\nfigreli <- plot_ly(reli, x = reli[[\"Freq\"]], y = reli[[\"Respuesta\"]], type = 'bar', orientation = 'h', \n                     marker = list(color = 'rgba(14, 38, 53, 0.6)',\n                      line = list(color = 'rgba(14, 38, 53, 1.0)',\n                                  width = 3)))\n\nfigreli <- figreli %>% layout(barmode = 'stack',\n         xaxis = list(title = \"\"),\n         yaxis = list(title =\"\"))\n\nfigreli\n```\n\n```{r}\n#| title: Llamadas\n#| label: llamadas\n#| echo: false\n\nllam<-(data.frame(table(Tabla1$CARCEL_LLAMADAS)))\nllam$Var1<-c(\"Si\",\"No\", \"No sabe\", \"No responde\")\ncolnames(llam)<-c(\"Respuesta\",\"Freq\")\nfigllam <- plot_ly(llam, x = llam[[\"Freq\"]], y = llam[[\"Respuesta\"]], type = 'bar', orientation = 'h', \n                     marker = list(color = 'rgba(174, 139, 45, 0.6)',\n                      line = list(color = 'rgba(174, 139, 45, 1.0)',\n                                  width = 3)))\n\nfigllam <- figllam %>% layout(barmode = 'stack',\n         xaxis = list(title = \"\"),\n         yaxis = list(title =\"\"))\n\nfigllam\n```\n\n```{r}\n#| title: Estudiar\n#| label: EstudioCarcel\n#| echo: false\n\ncarestu<-(data.frame(table(Tabla1$CARCEL_ESTUDIO)))\ncarestu$Var1<-c(\"Si\",\"No\", \"No sabe\", \"No responde\")\ncolnames(carestu)<-c(\"Respuesta\",\"Freq\")\nfigcarestu <- plot_ly(carestu, x = carestu[[\"Freq\"]], y = carestu[[\"Respuesta\"]], type = 'bar', orientation = 'h', \n                     marker = list(color = \"rgba(85, 26, 139, 0.6)\",\n                      line = list(color = '\"rgba(85, 26, 139, 1.0)\"',\n                                  width = 3)))\n\nfigcarestu <- figcarestu %>% layout(barmode = 'stack',\n         xaxis = list(title = \"\"),\n         yaxis = list(title =\"\"))\n\nfigcarestu\n```\n\n```{r}\n#| title: Visitas\n#| echo: false\n\nvisit<-(data.frame(table(Tabla1$CARCEL_VISITA)))\nvisit$Var1<-c(\"Si\",\"No\", \"No sabe\", \"No responde\")\ncolnames(visit)<-c(\"Respuesta\",\"Freq\")\nfigvisit <- plot_ly(visit, x = visit[[\"Freq\"]], y = visit[[\"Respuesta\"]], type = 'bar', orientation = 'h', \n                     marker = list(color = 'rgba(14, 38, 53, 0.6)',\n                      line = list(color = 'rgba(14, 38, 53, 1.0)',\n                                  width = 3)))\n\nfigvisit <- figvisit %>% layout(barmode = 'stack',\n         xaxis = list(title = \"\"),\n         yaxis = list(title =\"\"))\n\nfigvisit\n```\n\n```{r}\n#| title: Sentirse seguro\n#| label: carcelseguridad\n#| echo: false\n\ncarcelseguridad<-(data.frame(table(Tabla1$CARCEL_SEGURIDAD)))\ncarcelseguridad$Var1<-c(\"Si\",\"No\", \"No sabe\", \"No responde\")\ncolnames(carcelseguridad)<-c(\"Respuesta\",\"Freq\")\nfigcarcelseguridad <- plot_ly(carcelseguridad, x = carcelseguridad[[\"Freq\"]], y = carcelseguridad[[\"Respuesta\"]], type = 'bar', orientation = 'h', \n                     marker = list(color = \"rgba(85, 26, 139, 0.6)\",\n                      line = list(color = '\"rgba(85, 26, 139, 1.0)\"',\n                                  width = 3)))\n\nfigcarcelseguridad <- figcarcelseguridad %>% layout(barmode = 'stack',\n         xaxis = list(title = \"\"),\n         yaxis = list(title =\"\"))\n\nfigcarcelseguridad\n```\n\n## Comentarios {height=\"30%\"}\n\n::: card\n**Observaciones** Las variables cuantitativas de esta sección son asimétricas, pero no poseen tendencia al valor 0. Sin embargo, las variables categóricas de esta sección estan inclinadas fuertemente hacia una categoría (a excepción de la variable \"Visitas\")\n\nPor lo tanto, se dará un mayor enfoque y desarrollo a las variables cuantitativas de esta sección.\n:::\n"},"formats":{"dashboard":{"identifier":{"display-name":"HTML","target-format":"dashboard","base-format":"dashboard"},"execute":{"fig-width":8,"fig-height":5,"fig-format":"retina","fig-dpi":96,"fig-asp":0.2,"df-print":"default","error":false,"eval":true,"cache":null,"freeze":false,"echo":false,"output":true,"warning":false,"include":true,"keep-md":false,"keep-ipynb":false,"ipynb":null,"enabled":null,"daemon":null,"daemon-restart":false,"debug":false,"ipynb-filters":[],"ipynb-shell-interactivity":"all","plotly-connected":false,"engine":"knitr"},"render":{"keep-tex":false,"keep-typ":false,"keep-source":false,"keep-hidden":false,"prefer-html":false,"output-divs":true,"output-ext":"html","fig-align":"default","fig-pos":null,"fig-env":null,"code-fold":"none","code-overflow":"scroll","code-link":false,"code-line-numbers":false,"code-tools":false,"tbl-colwidths":"auto","merge-includes":true,"inline-includes":false,"preserve-yaml":false,"latex-auto-mk":true,"latex-auto-install":true,"latex-clean":true,"latex-min-runs":1,"latex-max-runs":10,"latex-makeindex":"makeindex","latex-makeindex-opts":[],"latex-tlmgr-opts":[],"latex-input-paths":[],"latex-output-dir":null,"link-external-icon":false,"link-external-newwindow":false,"self-contained-math":false,"format-resources":[],"notebook-links":true},"pandoc":{"standalone":true,"wrap":"none","default-image-extension":"png","to":"html","output-file":"dashboard.html"},"language":{"toc-title-document":"Tabla de contenidos","toc-title-website":"En esta página","related-formats-title":"Otros formatos","related-notebooks-title":"Notebooks","source-notebooks-prefix":"Fuente","other-links-title":"Otros Enlaces","code-links-title":"Enlaces de código","launch-dev-container-title":"Iniciar Dev Container","launch-binder-title":"Iniciar Binder","article-notebook-label":"Cuaderno de Artículo","notebook-preview-download":"Descargar Cuaderno","notebook-preview-download-src":"Descargar código fuente","notebook-preview-back":"Volver al Artículo","manuscript-meca-bundle":"Archivo MECA","section-title-abstract":"Resumen","section-title-appendices":"Apéndices","section-title-footnotes":"Notas","section-title-references":"Referencias","section-title-reuse":"Reutilización","section-title-copyright":"Derechos de autor","section-title-citation":"Cómo citar","appendix-attribution-cite-as":"Por favor, cita este trabajo como:","appendix-attribution-bibtex":"BibTeX","title-block-author-single":"Autor/a","title-block-author-plural":"Autores/as","title-block-affiliation-single":"Afiliación","title-block-affiliation-plural":"Afiliaciones","title-block-published":"Fecha de publicación","title-block-modified":"Fecha de modificación","title-block-keywords":"Palabras clave","callout-tip-title":"Tip","callout-note-title":"Nota","callout-warning-title":"Advertencia","callout-important-title":"Importante","callout-caution-title":"Precaución","code-summary":"Código","code-tools-menu-caption":"Código","code-tools-show-all-code":"Mostrar todo el código","code-tools-hide-all-code":"Ocultar todo el código","code-tools-view-source":"Ver el código fuente","code-tools-source-code":"Ejecutar el código","tools-share":"Compartir","tools-download":"Descargar","code-line":"Línea","code-lines":"Líneas","copy-button-tooltip":"Copiar al portapapeles","copy-button-tooltip-success":"Copiado","repo-action-links-edit":"Editar esta página","repo-action-links-source":"Ver el código","repo-action-links-issue":"Informar de un problema","back-to-top":"Volver arriba","search-no-results-text":"Sin resultados","search-matching-documents-text":"documentos encontrados","search-copy-link-title":"Copiar el enlace en la búsqueda","search-hide-matches-text":"Ocultar resultados adicionales","search-more-match-text":"resultado adicional en este documento","search-more-matches-text":"resultados adicionales en este documento","search-clear-button-title":"Borrar","search-text-placeholder":"","search-detached-cancel-button-title":"Cancelar","search-submit-button-title":"Enviar","search-label":"Buscar","toggle-section":"Alternar sección","toggle-sidebar":"Alternar barra lateral","toggle-dark-mode":"Alternar modo oscuro","toggle-reader-mode":"Alternar modo lector","toggle-navigation":"Navegación de palanca","crossref-fig-title":"Figura","crossref-tbl-title":"Tabla","crossref-lst-title":"Listado","crossref-thm-title":"Teorema","crossref-lem-title":"Lema","crossref-cor-title":"Corolario","crossref-prp-title":"Proposición","crossref-cnj-title":"Conjetura","crossref-def-title":"Definición","crossref-exm-title":"Ejemplo","crossref-exr-title":"Ejercicio","crossref-ch-prefix":"Capítulo","crossref-apx-prefix":"Apéndice","crossref-sec-prefix":"Sección","crossref-eq-prefix":"Ecuación","crossref-lof-title":"Listado de Figuras","crossref-lot-title":"Listado de Tablas","crossref-lol-title":"Listado de Listados","environment-proof-title":"Prueba","environment-remark-title":"Observación","environment-solution-title":"Solución","listing-page-order-by":"Ordenar por","listing-page-order-by-default":"Por defecto","listing-page-order-by-date-asc":"Menos reciente","listing-page-order-by-date-desc":"Más reciente","listing-page-order-by-number-desc":"De mayor a menor","listing-page-order-by-number-asc":"De menor a mayor","listing-page-field-date":"Fecha","listing-page-field-title":"Título","listing-page-field-description":"Descripción","listing-page-field-author":"Autor/a","listing-page-field-filename":"Nombre de archivo","listing-page-field-filemodified":"Fecha de modificación","listing-page-field-subtitle":"Subtítulo","listing-page-field-readingtime":"Tiempo de lectura","listing-page-field-wordcount":"Conteo de Palabras","listing-page-field-categories":"Categorías","listing-page-minutes-compact":"{0} minutos","listing-page-category-all":"Todas","listing-page-no-matches":"No hay resultados","listing-page-words":"{0} palabras"},"metadata":{"lang":"es","fig-responsive":true,"quarto-version":"1.4.549","page-layout":"custom","editor":"visual","title":"Análisis descriptivo univariado","params":{"month":"October","year":"2024"},"editor_options":{"chunk_output_type":"console"},"scrolling":true},"extensions":{"book":{"multiFile":true}}}},"projectFormats":["html"]}