{"title":"Descripción de los datos","markdown":{"yaml":{"title":"Descripción de los datos","author":"Juan Pablo Montaño Díaz & Laura Katherine Martinez Castiblanco"},"headingText":"Algunos detalles del diseño muestral","containsRefs":false,"markdown":"\n\n\nEl diseño muestral[^1] de la encuesta nos brinda información de súbita importancia sobre los datos tales como: Cuáles datos fueron considerados, dónde y cuándo se obtuvieron y cómo se obtuvieron. Por eso, es importante que tener un poco de noción sobre este diseño, pues nos puede dar ideas de a qué problemas estaremos expuestos a lo largo del estudio.\n\n[^1]: [Encuesta Nacional de la Población Privada de la Libertad (ENPOL) 2021. Diseño Muestral](https://www.inegi.org.mx/app/biblioteca/ficha.html?upc=889463903673). Instituto Nacional de Estadística y Geografía.\n\n### ¿Cuáles datos fueron recogidos en la encuesta?\n\nSegún el diseño conceptual de la encuesta, se consideraron 7 temas sobre los cuales recolectar información por medio de un cuestionario. Estos temas fueron:\n\n1.  **Características sociodemográficas**: Información del individuo, algunos datos incluidos son sexo, edad, estado civil, nacionalidad, nivel de escolaridad, orientación sexual, información sobre salud de la persona, consumo de sustancias de la persona, entre otros.\n\n2.  **Antecedentes**: Información sobre la vida de la persona antes de ser detenida, algunos de los datos que incluye esta sección son: Lugar de residencia antes de detención, personas con las que convivia, número de hijos, información del trabajo y salario.\n\n3.  **Procedimiento judicial**: Información más detallada de la detención e inspección de la persona recluída en el centro penitenciario. Algunos datos de esta sección son: Autoridad que lo arrestó, lugar donde fue arrestado, tiempo entre el delito y el arresto, si se desvistió durante la inspección, uso de violencia, corrupción o fuerza al momento de la detención, entre otros.\n\n4.  **Centro penitenciario**: Contiene la información sobre la vida dentro del centro penitenciario, algunos datos que estan relacionados con: Estado y acceso a la infraestructura, bienes y servicios, hijos dentro del centro penitenciario, cantidad de visitas por día, relaciones sociales con el exterior, discriminación, número de camas, entre otros.\n\n5.  **Expectativas de salida**: Información sobre como la persona espera su reinserción en la sociedad, algunos datos de esta sección son: Posesión de un lugar donde dormir fuera de la carcel, expectativas de trabajo, expectativas de estudio.\n\n6.  **Condición de la entrevista**: Preguntas sobre cómo se sintió el entrevistado durante la entrevista, respecto al entrevistador y las preguntas de la encuesta.\n\n7.  **Control interno**: Pregunta simple donde el entrevistado manifiesta cómo se sintió en el timepo y espacio donde transcurrió la entrevista.\n\nPara los lectores interesados, el cuestionario utilizado puede verse [aquí](https://www.inegi.org.mx/contenidos/programas/enpol/2021/doc/2021_enpol_cuestionario_principal.pdf).\n\n### ¿Dónde, cuándo y de quienes fueron obtenidos los datos?\n\n> *La población objetivo contemplada por el diseño muestral consiste en la población penitenciaria del fuero común y federal, que se encuentren en proceso de sentencia o sentenciada, en centros municipales, estatales, de la Ciudad de México y federales.*\n\nEs decir, el diseño muestral considera a toda la población mayor de 18 años que se encuentra privada de la libertad dentro de los centros penitenciarios ubicados en cualquier parte dentro del territorio mexicano.\n\nAdemás del diseño muestral, es posible ver el cronograma de la encuesta en el Informe Operativo[^2]. Gracias a este documento, es posible saber que el periodo de levantamiento de los datos fue llevado a cabo entre el 14 de junio y el 26 de julio del 2021.\n\n[^2]: [Encuesta Nacional de la Población Privada de la Libertad (ENPOL) 2021. Informe Operativo](https://www.inegi.org.mx/app/biblioteca/ficha.html?upc=889463903666). Instituto Nacional de Estadística y Geografía.\n\nPor último, la unidad del muestreo (de donde se obtuvo la información), fueron directamente las personas reclusas en los centros penitenciarios. El tamaño de muestra utilizado para la encuesta fue de 67584 internos, distribuidos en 55535 hombres (82.17%) y 12049 mujeres (17.83%) distribuidos de forma estratificada a lo largo del territorio mexicano. Este tamaño de muestra fue calculado a partir de un nivel de confianza de 90%.\n\n### ¿Cómo fueron obtenidos los datos?\n\nLos datos fueron obtenidos por medio de la aplicación de un formulario durante entrevistas directas con los internos voluntarios. El tipo de muestreo utilizado en la operación estadística consiste en muestreo probabiliístico y estratíficado.\n\n-   **Probabilístico**: Todos los individuos tienen una probabliidad de ser seleccionados conocida y distinta de 0.\n\n-   **Estratificado:** las unidades de muestreo se encuentran agrupadas de manera natural en los centros penitenciarios y a su vez los centros penitenciarios se agrupan por entidad federativa (Estrato).\n\nDentro de cada uno de los centros penitenciarios, se realizó una afijación proporcional al número de internos que se encuentran dentro de cada centro penitenciario. Dicha muestra fue seleccionada a través de Muestreo Aleatorio Simple (MAS).\n\nEl lector puede detallar cómo se distribuyeron los tamaños de muestra dentro de cada estrato en el documento del muestral.\n\n## Base de datos\n\nLos microdatos obtenidos por esta encuesta se encuentran anonimizados y publicados en el Sitio web del INEGI. Esta base de datos cuenta con 61449 filas (encuestas aplicadas) y 1265 columnas, las cuales están distribuidas en 7 archivos de valores separados por comas (csv), dichos archivos comparten una misma llave primaria: la variable **ID_PER**. De esta forma, es posible reunificar todas las bases de datos (o unir varias columnas de diferentes archivos) en un solo archivo si así se requiere.\n\n### ¿Cómo está compuesta la base de datos?\n\nComo fue mencionado, la base de datos se compone por 7 archivos csv, las cuales corresponden a diferentes secciones de la encuesta aplicada. A continuación, damos una breve descripción sobre las secciones de la encuesta que contiene cada archivo.\n\n1.  **Sección 1: Características sociodemográficas.** En esta sección se incluye la información básica de la persona, así como detalles de la salud y consumo de drogas.\n\n    Este archivo cuenta con un total de **182 variables**.\n\n2.  **Sección 2 y 3: Antecedentes demográficos y detención.** En la sección de antecedentes se encuentran preguntas sobre la vida de la persona antes de estar privado de la libertad. En la sección de detención, se encuentran preguntas detalladas desde el momento de detención de la persona, hasta su llegada a los juzgados.\n\n    Este archivo cuenta con un total de **184 variables**.\n\n3.  **Sección 4: Ministerio público.** en esta sección se encuentran preguntas detalladas sobre situaciones que pudieron ocurrirle cuando estaba dentro de la Agencia del Ministerio Público que son instalaciones de la Procuraduría o de la Fiscalía de justicia, donde llevan a las personas detenidas por la supuesta realización de un delito, y donde la autoridad inicia la investigación sobre el mismo.\n\n    Este archivo cuenta con un total de **126 variables**.\n\n4.  **Sección 5: Proceso judicial.** En esta sección se encuentran preguntas detalladas sobre el juicio de la persona, el cual se lleva a cabo mediante una serie de audiencias en la que el juez escucha los argumentos de las partes para tomar una decisión respecto a la responsabilidad o no de la persona acusada de un delito.\n\n    Este archivo cuenta con un total de **241 variables**.\n\n5.  **Sección 6: Centro penitenciario.** En esta sección se encuentran preguntas sobre las condiciones de vida dentro del Centro. Las características de esta, así como los bienes y servicios que brindan dentro del Centro.\n\n    Este archivo cuenta con un total de **128 variables**.\n\n6.  **Sección 7: Vida Intracarcelaria.** Esta sección contiene las respuestas de preguntas sobre la forma en que la persona vive dentro del Centro penitenciario, el desarrollo de sus actividades diarias, la manera en que ocupa el tiempo y otras condiciones que pueda experimentar.\n\n    Este archivo cuenta con un total de **247 vairables**.\n\n7.  **Sección 8-11 Corrupción, antecedentes juridico-penales, expectativa de salida y condición de la entrevista.** Estas secciones contienen información sobre la percepción que tiene la persona sobre la corrupción dentro del centro penitenciario, y sobre sus posibilidades de la reincorporación a la comunidad una vez salga del centro penitenciario.\n\n    También contiene información sobre los antecedentes penales de la persona, por ejemplo, cuántas veces estuvo en un centro penitenciario. En total, este archivo posee **157 variables**.\n\nCada una de las columnas posee el nombre de la sección y la pregunta a la cual corresponde, así, la pregunta 15 de la sección 3, esta codíficada en la base de datos bajo el nombre **P3_15.** Por lo tanto, para una mejor comprensión de los resultados y gráficos a realizar, es necesario realizar una recodificación de los datos.\n\nLos paquetes utilizados para el tratamiento y recodificación de los datos son los siguientes:\n\n```{r}\n#| echo: true\n#| warning: false\n#| output: false\nlibrary(readr)  \nlibrary(tidyverse)\nlibrary(ggplot2)\nlibrary(plotly)\nlibrary(kableExtra)\nlibrary(GGally)\nlibrary(FactoClass)\nlibrary(dplyr)\nlibrary(readxl)\nlibrary(scales)\nlibrary(DT)\nlibrary(gt)\nlibrary(openxlsx)\n```\n\n### Recodificación de los datos\n\nDado que el estudio tiene como población objetivo a toda la población encuestada, se consideraron las variables cuyas pregunta asociada son aplicables a toda la población\n\nPor ejemplo, la pregunta \"¿Ha consumido alcohol alguna vez en su vida?\" aplica a toda la población, pero \"¿a qué edad consumió alcohol por primera vez?\", no aplica a toda la poblaciónm pues no está definida para aquellas personas que nunca han consumido.\n\nAdemás, dados los objetivos del estudio, se consideraron mayoritariamente las preguntas relacionadas con las condiciones de vida dentro del centro penitenciario, y las variables demográficas. Aún así, también fueron consideradas variables ecónomicas y delictivas que se sospecha, pueden influir en el estudio.\n\nA continuación, se muestra la base de datos con información de 61449 individuos. Esta base de datos cuenta con 72 variables válidas, de las cuales 58 son de naturaleza cualitativa y 14 son de naturaleza cuantitativa.\n\nTambién, puede verse el diccionario asociado a la recodificación de la base de datos.\n\n::: panel-tabset\n#### Datos recodificados\n\n```{r}\n#| label: carga-datos\n#| echo: false\n#| warning: false\n#| output: false\nTabla1<- read_csv(\"Encuesta Carceles INEGI 2021/bd_enpol_2021_csv/ENPOL2021_SOC.csv\")\nTabla23<- read_csv(\"Encuesta Carceles INEGI 2021/bd_enpol_2021_csv/ENPOL2021_2_3.csv\")\nTabla4<- read_csv(\"Encuesta Carceles INEGI 2021/bd_enpol_2021_csv/ENPOL2021_4.csv\")\nTabla5<- read_csv(\"Encuesta Carceles INEGI 2021/bd_enpol_2021_csv/ENPOL2021_5.csv\")\nTabla6<- read_csv(\"Encuesta Carceles INEGI 2021/bd_enpol_2021_csv/ENPOL2021_6.csv\")\nTabla7<- read_csv(\"Encuesta Carceles INEGI 2021/bd_enpol_2021_csv/ENPOL2021_7.csv\")\nTabla89<- read_csv(\"Encuesta Carceles INEGI 2021/bd_enpol_2021_csv/ENPOL2021_8_9_10_11.csv\")\n```\n\n```{r}\n#| label: Seleccion-datos-Tabla1\n#| echo: false\n#| warning: false\n#| output: false\nVarInicial1<-ncol(Tabla1)\nVarInicial1<-ncol(Tabla1)\nVariables<-c( \"ID_PER\", #Identificación del recluso\n              \"NOM_ENT\", #Estado donde esta ubicado el centro penitenciario\n              \"P1_1\", #Tipo de centro penitenciario\n              \"P1_1A\", #Cuánto tiempo tiene privado de su libertad. Categórico\n              \"P1_2\", # SEXO\n              \"P1_3\", #Edad\n              \"P1_4\", #Nacionalidad\n              \"P1_7\", #Estado Civil\n              \"P1_8\", #Posee hijos\n              \"P1_9\", #Cuantos hijos menores de 18 años tiene\n              \"P1_18_N\", #Nivel de escolaridad\n              \"P1_20\", #A qué edad obtuvo el grado escolar\n              \"P1_21\", #Por qué no continuó estudiando\n              \"P1_22\", #cómo se identifica\n              \"P1_23\", #Orientación sexual\n              #P1_24_25_26 #ENFERMEDADES\n              \"P1_24_8\", #COVID Fue diagnostivado de covid?\n              #\"P1_25_8\", #Cuándo fue detectado el covid?\n              #\"P1_28_8\", #Por qué no hace el tratamiento\n              \"P1_29\", #Ha considerado el suicidio\n              \"P1_31_1\" ,# Posee discapacidad visual\n              \"P1_31_2\", #Discacidad auditiva\n              \"P1_31_3\", #Dispacidad motriz\n              #P1_41 Alguna vez ha consumido...\n              #P1_42 A que edad probó por primera vez...\n              \"P1_41_1\", #Tabaco\n              \"P1_42_1\", #Tabaco\n              \"P1_41_2\", #Alcohol\n              \"P1_42_2\", #Alcohol\n              \"P1_41_3\", #Marihuana\n              \"P1_42_3\", #Marihuana\n              \"P1_41_4\", #Inhalables\n              \"P1_42_4\", #Inhalables\n              \"P1_41_5\", #LSD\n              \"P1_42_5\", #LSD\n              \"P1_41_6\", #Hongos alucinógenos\n              \"P1_42_6\", #HOngos alucinógenos\n              \"P1_41_7\", #Cocaína en polvo\n              \"P1_42_7\", #Cocaína en polvo\n              \"P1_41_8\", #Pasta base de cocaína\n              \"P1_42_8\", #Pasta base de cocaína\n              \"P1_41_9\", #Crack\n              \"P1_42_9\", #Crack\n              \"P1_41_10\", #Heroina\n              \"P1_42_10\", #Heroina\n              \"P1_41_11\", #Chochos\n              \"P1_42_11\", #Chochos\n              \"P1_41_12\", #Tranquilizantes\n              \"P1_42_12\", #Tranquilizantes\n              \"P1_41_13\", #Anfetaminas\n              \"P1_42_13\" #Anfetaminas\n              \n)\n#Este pedazo NO es definitivo\nTabla1 <- Tabla1[Variables] %>%\n  rename(TIPO_CARCEL= \"P1_1\",\n         TIEMPO_CARCEL = P1_1A,\n         SEXO= P1_2,\n         EDAD= P1_3,\n         NACION= P1_4,\n         EST_CIVIL=P1_7,\n         HIJOS=P1_8,\n         NUM_HIJOS=P1_9,\n         NIVEL_ESCOLARIDAD=P1_18_N,\n         EDAD_ESCOLARIDAD=P1_20,\n         PARO_ESTUDIOS=P1_21,\n         IDENTI_GENERO=P1_22,\n         ORIENT_SEXUAL=P1_23,\n         COVID=P1_24_8,\n         CONSIDERO_SUICIDIO=P1_29,\n         DISC_VISUAL=P1_31_1,\n         DISC_AUDITIVA=P1_31_2,\n         DISC_MOTRIZ=P1_31_3,\n         CONSUMO_TABACO=P1_41_1,\n         CONSUMO_ALCOHOL=P1_41_2,\n         CONSUMO_MARIHUANA=P1_41_3,\n         CONSUMO_INHALABLES=P1_41_4,\n         CONSUMO_LSD=P1_41_5,\n         CONSUMO_HONGOS=P1_41_6,\n         CONSUMO_COCAINA=P1_41_7,\n         CONSUMO_PASTA_COCAINA=P1_41_8,\n         CONSUMO_CRACK=P1_41_9,\n         CONSUMO_HEROINA=P1_41_10,\n         CONSUMO_CHOCHOS=P1_41_11,\n         CONSUMO_TRANQUILIZANTES=P1_41_12,\n         CONSUMO_ANFETAMINAS=P1_41_13,\n         EDAD_CONSUMO_TABACO=P1_42_1,\n         EDAD_CONSUMO_ALCOHOL=P1_42_2,\n         EDAD_CONSUMO_MARIHUANA=P1_42_3,\n         EDAD_CONSUMO_INHALABLES=P1_42_4,\n         EDAD_CONSUMO_LSD=P1_42_5,\n         EDAD_CONSUMO_HONGOS=P1_42_6,\n         EDAD_CONSUMO_COCAINA=P1_42_7,\n         EDAD_CONSUMO_PASTA_COCAINA=P1_42_8,\n         EDAD_CONSUMO_CRACK=P1_42_9,\n         EDAD_CONSUMO_HEROINA=P1_42_10,\n         EDAD_CONSUMO_CHOCHOS=P1_42_11,\n         EDAD_CONSUMO_TRANQUILIZANTES=P1_42_12,\n         EDAD_CONSUMO_ANFETAMINAS=P1_42_13\n  ) %>% mutate(TIPO_CARCEL= as.factor(TIPO_CARCEL),\n               TIEMPO_CARCEL = as.factor(TIEMPO_CARCEL) ,\n               SEXO= as.factor(SEXO),\n               EDAD= as.numeric(EDAD),\n               NACION= as.factor(NACION),\n               EST_CIVIL=as.factor(EST_CIVIL),\n               HIJOS=as.factor(HIJOS),\n               NUM_HIJOS=as.numeric(NUM_HIJOS),\n               NIVEL_ESCOLARIDAD=as.factor(NIVEL_ESCOLARIDAD),\n               EDAD_ESCOLARIDAD=as.numeric(EDAD_ESCOLARIDAD),\n               PARO_ESTUDIOS=as.factor(PARO_ESTUDIOS),\n               IDENTI_GENERO=as.factor(IDENTI_GENERO),\n               ORIENT_SEXUAL=as.factor(ORIENT_SEXUAL),\n               COVID=as.factor(COVID),\n               CONSIDERO_SUICIDIO=as.factor(CONSIDERO_SUICIDIO),\n               DISC_VISUAL=as.factor(DISC_VISUAL),\n               DISC_AUDITIVA=as.factor(DISC_AUDITIVA),\n               DISC_MOTRIZ=as.factor(DISC_MOTRIZ),\n               CONSUMO_TABACO=as.factor(CONSUMO_TABACO),\n               CONSUMO_ALCOHOL=as.factor(CONSUMO_ALCOHOL),\n               CONSUMO_MARIHUANA=as.factor(CONSUMO_MARIHUANA),\n               CONSUMO_INHALABLES=as.factor(CONSUMO_INHALABLES),\n               CONSUMO_LSD=as.factor(CONSUMO_LSD),\n               CONSUMO_HONGOS=as.factor(CONSUMO_HONGOS),\n               CONSUMO_COCAINA=as.factor(CONSUMO_COCAINA),\n               CONSUMO_PASTA_COCAINA=as.factor(CONSUMO_PASTA_COCAINA),\n               CONSUMO_CRACK=as.factor(CONSUMO_CRACK),\n               CONSUMO_HEROINA=as.factor(CONSUMO_HEROINA),\n               CONSUMO_CHOCHOS=as.factor(CONSUMO_CHOCHOS),\n               CONSUMO_TRANQUILIZANTES=as.factor(CONSUMO_TRANQUILIZANTES),\n               CONSUMO_ANFETAMINAS=as.factor(CONSUMO_ANFETAMINAS),\n               EDAD_CONSUMO_TABACO=as.numeric(EDAD_CONSUMO_TABACO),\n               EDAD_CONSUMO_ALCOHOL=as.numeric(EDAD_CONSUMO_ALCOHOL),\n               EDAD_CONSUMO_MARIHUANA=as.numeric(EDAD_CONSUMO_MARIHUANA),\n               EDAD_CONSUMO_INHALABLES=as.numeric(EDAD_CONSUMO_INHALABLES),\n               EDAD_CONSUMO_LSD=as.numeric(EDAD_CONSUMO_LSD),\n               EDAD_CONSUMO_HONGOS=as.numeric(EDAD_CONSUMO_HONGOS),\n               EDAD_CONSUMO_COCAINA=as.numeric(EDAD_CONSUMO_COCAINA),\n               EDAD_CONSUMO_PASTA_COCAINA=as.numeric(EDAD_CONSUMO_PASTA_COCAINA),\n               EDAD_CONSUMO_CRACK=as.numeric(EDAD_CONSUMO_CRACK),\n               EDAD_CONSUMO_HEROINA=as.numeric(EDAD_CONSUMO_HEROINA),\n               EDAD_CONSUMO_CHOCHOS=as.numeric(EDAD_CONSUMO_CHOCHOS),\n               EDAD_CONSUMO_TRANQUILIZANTES=as.numeric(EDAD_CONSUMO_TRANQUILIZANTES),\n               EDAD_CONSUMO_ANFETAMINAS=as.numeric(EDAD_CONSUMO_ANFETAMINAS))\n\n\nTabla1[is.na(Tabla1[\"NUM_HIJOS\"]),][\"NUM_HIJOS\"]<-0\nTabla1[is.na(Tabla1[\"EDAD_CONSUMO_TABACO\"]),][\"EDAD_CONSUMO_TABACO\"]<-99#mean(na.omit(Tabla1$EDAD_CONSUMO_TABACO))\nTabla1[is.na(Tabla1[\"EDAD_CONSUMO_ALCOHOL\"]),][\"EDAD_CONSUMO_ALCOHOL\"]<-99#mean(na.omit(Tabla1$EDAD_CONSUMO_ALCOHOL))\nTabla1[is.na(Tabla1[\"EDAD_CONSUMO_MARIHUANA\"]),][\"EDAD_CONSUMO_MARIHUANA\"]<-99#mean(na.omit(Tabla1$EDAD_CONSUMO_MARIHUANA))\nTabla1[is.na(Tabla1[\"EDAD_CONSUMO_INHALABLES\"]),][\"EDAD_CONSUMO_INHALABLES\"]<-99#mean(na.omit(Tabla1$EDAD_CONSUMO_TABACO))\nTabla1[is.na(Tabla1[\"EDAD_CONSUMO_LSD\"]),][\"EDAD_CONSUMO_LSD\"]<-99#mean(na.omit(Tabla1$EDAD_CONSUMO_ALCOHOL))\nTabla1[is.na(Tabla1[\"EDAD_CONSUMO_HONGOS\"]),][\"EDAD_CONSUMO_HONGOS\"]<-99#mean(na.omit(Tabla1$EDAD_CONSUMO_MARIHUANA))\nTabla1[is.na(Tabla1[\"EDAD_CONSUMO_COCAINA\"]),][\"EDAD_CONSUMO_COCAINA\"]<-99#mean(na.omit(Tabla1$EDAD_CONSUMO_TABACO))\nTabla1[is.na(Tabla1[\"EDAD_CONSUMO_PASTA_COCAINA\"]),][\"EDAD_CONSUMO_PASTA_COCAINA\"]<-99#mean(na.omit(Tabla1$EDAD_CONSUMO_ALCOHOL))\nTabla1[is.na(Tabla1[\"EDAD_CONSUMO_CRACK\"]),][\"EDAD_CONSUMO_CRACK\"]<-99#mean(na.omit(Tabla1$EDAD_CONSUMO_MARIHUANA))\nTabla1[is.na(Tabla1[\"EDAD_CONSUMO_HEROINA\"]),][\"EDAD_CONSUMO_HEROINA\"]<-99#mean(na.omit(Tabla1$EDAD_CONSUMO_TABACO))\nTabla1[is.na(Tabla1[\"EDAD_CONSUMO_CHOCHOS\"]),][\"EDAD_CONSUMO_ALCOHOL\"]<-99#mean(na.omit(Tabla1$EDAD_CONSUMO_ALCOHOL))\nTabla1[is.na(Tabla1[\"EDAD_CONSUMO_TRANQUILIZANTES\"]),][\"EDAD_CONSUMO_MARIHUANA\"]<-99#mean(na.omit(Tabla1$EDAD_CONSUMO_MARIHUANA))\nTabla1[is.na(Tabla1[\"EDAD_CONSUMO_ANFETAMINAS\"]),][\"EDAD_CONSUMO_ANFETAMINAS\"]<-99#mean(na.omit(Tabla1$EDAD_CONSUMO_TABACO))\n\n\n```\n\n```{r}\n#| label: Seleccion-datos-Tabla2\n#| echo: false\n#| warning: false\n#| output: false\nTabla23$VIVE_CON <- ifelse(Tabla23$P2_3_01 == 1, \"Solo\",\n                  ifelse(Tabla23$P2_3_02 == 1, \"Pareja\",\n                   ifelse((Tabla23$P2_3_03 == 1 | Tabla23$P2_3_04==1), \"Madre/Padre\",ifelse(Tabla23$P2_3_05==1, \"Hermanos\",ifelse(Tabla23$P2_3_06==1,\"Abuelos\",\n                                     ifelse(Tabla23$P2_3_07==1,\"Hijos\", ifelse(Tabla23$P2_3_08==1, \"Otros familiares\", ifelse(Tabla23$P2_3_09==1, \"Amigos\",ifelse((Tabla23$P2_3_98==1|Tabla23$P2_3_99==1),\"No sabe/No responde\", \"Otros\")))))))))\n\n\nVarInicial2<-ncol(Tabla23)\nVariables2<-c( \"ID_PER\", #Identificación del recluso\n \"VIVE_CON\", #Con quien vivia antes de la detención\n  \"P2_5\", #A cuantas personas mantenia economicamente\n  \"P2_6\", #Alguna vez ha trabajado con pago? no importa si es legal o ilegal\n\"P2_14_1\", # El año anterior tenian lo suficiente para comer\n\"P2_14_2\", #Tenian alguna deuda?\n\"P2_15\", #Cuanto ganó el mes antes de su detención\n\"P3_1\", #Por qué esta detenido?\n\"P3_9\", #Cuanto tiempo pasó entre el delito y la detención\n\"P3_21_1\", #La policia intentó sobornar para no detenerlo\n\"P3_24\" #Cuánto dinero se apropió la policia?\n)\n\n\nTabla23 <- Tabla23[Variables2] %>%\n  rename(\n    #VIVE_CON= \"P2_3\",\n    N_PERSONAS_DEPENDIENTES = P2_5,\n    TRABAJO= P2_6,\n    PODIA_COMER= P2_14_1,\n    DEUDA= P2_14_2,\n    SALARIO_MES_ANTERIOR=P2_15,\n    MOTIVO_DETENCION=P3_1,\n    TIEMPO_DEL_DET=P3_9,\n    INTENTO_SOBORNO=P3_21_1,\n    DINERO_SOBORNO=P3_24\n  ) %>% mutate(\n    VIVE_CON= as.factor(VIVE_CON),\n    N_PERSONAS_DEPENDIENTES = as.numeric(N_PERSONAS_DEPENDIENTES),\n    TRABAJO= as.factor(TRABAJO),\n    PODIA_COMER= as.factor(PODIA_COMER),\n    DEUDA= as.factor(DEUDA),\n    SALARIO_MES_ANTERIOR=as.factor(SALARIO_MES_ANTERIOR),\n    MOTIVO_DETENCION=as.factor(MOTIVO_DETENCION),\n    TIEMPO_DEL_DET=as.factor(TIEMPO_DEL_DET),\n    INTENTO_SOBORNO=as.factor(INTENTO_SOBORNO),\n    DINERO_SOBORNO=as.numeric(DINERO_SOBORNO))\n\nTabla23[is.na(Tabla23$N_PERSONAS_DEPENDIENTES),][\"N_PERSONAS_DEPENDIENTES\"]<-0\n\n\n\n\n```\n\n```{r}\n#| label: Selección-datos-tabla4\n#| echo: false \n#| warning: false\n#| output: false\nVarInicial4<-ncol(Tabla4)\nVariables4<-c( \"ID_PER\", #Identificación del recluso\n \"P4_7\", # Por qué se declaró culpable\n  \"P4_15_1\" #Las autoridades le pidieron dinero a cambio de no hacer daño\n)\n\nTabla4 <- Tabla4[Variables4] %>%\n  rename(\n    DECLARACION_CULPABLE=P4_7,\n    INTENTO_SOBORNO_JUICIO=P4_15_1\n  ) %>% mutate(\n    DECLARACION_CULPABLE= as.factor(DECLARACION_CULPABLE),\n    INTENTO_SOBORNO_JUICIO=as.factor(INTENTO_SOBORNO_JUICIO))\n\n```\n\n```{r}\n#| label: Seleccion-datos-tabla5\n#| echo: false\n#| warning: false\n#| output: false\nVarInicial5<-ncol(Tabla5)\nVariables5<-c( \"ID_PER\", #Identificación del recluso\n \"P5_4_A\", #Años a los que fue condenado\n  \"P5_4_M\", #Meses a los que fue condenado\n #\"P5_11\" #Por cuales delitos fue sentenciado\n \"P5_28\", #Cuantos delitos tiene abiertos actualmente\n #P5_31 #Por cual delito fue sentenciado inicialmente\n \"P5_34_A\", #Cuantos años ha durado su proceso\n \"P5_34_M\" #Cuantos meses ha durado su proceso\n)\n\nTabla5 <- Tabla5[Variables5] %>%\n  rename(\n    ANOS_CONDENA=P5_4_A,\n    MESES_CONDENA=P5_4_M,\n    DELITOS_ABIERTOS=P5_28,\n    ANOS_PROCESO=P5_34_A,\n    MESES_PROCESO=P5_34_M\n  ) %>% mutate(\n    ANOS_CONDENA= as.numeric(ANOS_CONDENA),\n    ANOS_PROCESO=as.numeric(ANOS_PROCESO),\n    MESES_CONDENA=as.numeric(MESES_CONDENA),\n    MESES_PROCESO=as.numeric(MESES_PROCESO),\n    DELITOS_ABIERTOS=as.numeric(DELITOS_ABIERTOS)\n    )\n\nTabla5[is.na(Tabla5$ANOS_CONDENA),][\"ANOS_CONDENA\"]<-0\nTabla5[is.na(Tabla5$MESES_CONDENA),][\"MESES_CONDENA\"]<-0\nTabla5[is.na(Tabla5$ANOS_PROCESO),][\"ANOS_PROCESO\"]<-0\nTabla5[is.na(Tabla5$MESES_PROCESO),][\"MESES_PROCESO\"]<-0\nTabla5[is.na(Tabla5$DELITOS_ABIERTOS),][\"DELITOS_ABIERTOS\"]<-0\n\nTabla5$TIEMPO_RECLUIDO<-(Tabla5$ANOS_CONDENA*12+Tabla5$MESES_CONDENA)/12\nTabla5$TIEMPO_PROCESO<-(Tabla5$ANOS_PROCESO*12+Tabla5$MESES_PROCESO)/12\n```\n\n```{r}\n#| label: Seleccion-datos-tabla6\n#| echo: false\n#| warning: false\n#| output: false\nVarInicial6<-ncol(Tabla6)\nVariables6<-c( \"ID_PER\", #Identificación del recluso\n \"P6_1\", #Con cuantas personas comparte celda\n \"P6_4_1\", #la celda cuenta con ventanas\n  \"P6_4_2\", #Cuenta con agua potable en la celda\n \"P6_4_3\", # La celda cuenta con drenaje\n \"P6_4_4\", #Luz electrica\n \"P6_4_5\", #Lugar para bañarse\n \"P6_4_6\", #Lugar para hacer el baño\n \"P6_10_01\", #El centro le proporciona servicio médico\n \"P6_12\" #El centro le proporciona alimentos\n)\n\nTabla6 <- Tabla6[Variables6] %>%\n  rename(\n    CANTIDAD_PERSONAS_CELDA=P6_1,\n    CELDA_VENTANAS=P6_4_1,\n    CELDA_AGUA_POTABLE=P6_4_2,\n    CELDA_DRENAJE=P6_4_3,\n    CELDA_LUZ=P6_4_4,\n    CELDA_DUCHA=P6_4_5,\n    CELDA_SANITARIO=P6_4_6,\n    CELDA_SERVICIO_MEDICO=P6_10_01,\n    CELDA_ALIMENTOS=P6_12\n  ) %>% mutate(\n    CANTIDAD_PERSONAS_CELDA= as.numeric(CANTIDAD_PERSONAS_CELDA),\n    CELDA_VENTANAS=as.factor(CELDA_VENTANAS),\n    CELDA_AGUA_POTABLE=as.factor(CELDA_AGUA_POTABLE),\n    CELDA_DRENAJE=as.factor(CELDA_DRENAJE),\n    CELDA_LUZ=as.factor(CELDA_LUZ),\n    CELDA_DUCHA=as.factor(CELDA_DUCHA),\n    CELDA_SANITARIO=as.factor(CELDA_SANITARIO),\n    CELDA_SERVICIO_MEDICO=as.factor(CELDA_SERVICIO_MEDICO),\n    CELDA_ALIMENTOS=as.factor(CELDA_SERVICIO_MEDICO)\n    )\n\n```\n\n```{r}\n#| label: Seleccion-datos-tabla7\n#| echo: false\n#| warning: false\n#| output: false\nVarInicial7<-ncol(Tabla7)\nVariables7<-c( \"ID_PER\", #Identificación del recluso\n \"P7_2\", #Cuantas horas pasa en su celda al día\n \"P7_5\", #Cuenta con espacio para ejercitarse\n  \"P7_6\", #Cuenta con material de lectura\n \"P7_10\", #Puede practicar su religión\n \"P7_11\", #Puede realizar llamadas a sus familiares\n \"P7_18\", #Estudia dentro de la carcel\n \"P7_25\", #En el ultimo año ha recibido una visita\n \"P7_35\", #Se siente seguro en su celda\n \"P7_36\" #Se siente seguro en la carcel\n #P7_46 Discriminación\n)\n\nTabla7 <- Tabla7[Variables7] %>%\n  rename(\n    CELDA_HORAS=P7_2,\n    CARCEL_EJERCICIO=P7_5,\n    CARCEL_LECTURA=P7_6,\n    CARCEL_RELIGION=P7_10,\n    CARCEL_LLAMADAS=P7_11,\n    CARCEL_ESTUDIO=P7_18,\n    CARCEL_VISITA=P7_25,\n    CELDA_SEGURIDAD=P7_35,\n    CARCEL_SEGURIDAD=P7_36\n  ) %>% mutate(\n    CELDA_HORAS= as.numeric(CELDA_HORAS),\n    CARCEL_EJERCICIO=as.factor(CARCEL_EJERCICIO),\n    CARCEL_LECTURA=as.factor(CARCEL_LECTURA),\n    CARCEL_RELIGION=as.factor(CARCEL_RELIGION),\n    CARCEL_LLAMADAS=as.factor(CARCEL_LLAMADAS),\n    CARCEL_ESTUDIO=as.factor(CARCEL_ESTUDIO),\n    CARCEL_VISITA=as.factor(CARCEL_VISITA),\n    CELDA_SEGURIDAD=as.factor(CELDA_SEGURIDAD),\n    CARCEL_SEGURIDAD=as.factor(CARCEL_SEGURIDAD)\n    )\n\n```\n\n```{r}\n#| label: Seleccion-datos-tabla8\n#| echo: false\n#| warning: false\n#| output: false\nVarInicial8<-ncol(Tabla89)\nVariables8<-c( \"ID_PER\", #Identificación del recluso\n \"P9_1\", #Habia sido sentenciado por un delito antes\n \"P9_4\", #Cuantas veces habia sido sentenciado\n  \"P9_8_1\", #Vivió con su madre en la crianza\n \"P9_8_2\", #Vivió con su padre en la crianza\n \"P10_2\", #Tiene donde vivir despues de salir \n \"P10_5_1\", #Piensa que no conseguirá empleo\n \"P10_5_2\", #No conseguirá estudiar \n \"P10_5_3\", #No podra encontrarse con sus amigos\n \"P10_5_4\", #No podrá reintegrarse a la familia\n \"P10_6\", #El centro proporcionó herramientas para la reincorporación\n \"P10_10\" #Como se percibe la persona\n)\n\nTabla89 <- Tabla89[Variables8] %>%\n  rename(\n    SENTENCIADO_ANTES=P9_1,\n    VECES_SENTENCIADO=P9_4,\n    VIVIO_MADRE_ADOLESCENCIA=P9_8_1,\n    VIVIO_PADRE_ADOLESCENCIA=P9_8_2,\n    SALIDA_VIVIENDA=P10_2,\n    SALIDA_EMPLEO=P10_5_1,\n    SALIDA_ESTUDIO=P10_5_2,\n    SALIDA_AMIGOS=P10_5_3,\n    SALIDA_FAMILIA=P10_5_4,\n    SALIDA_REINCORPORACION=P10_6,\n    COLOR_PIEL=P10_10\n  ) %>% mutate(\n    SENTENCIADO_ANTES= as.factor(SENTENCIADO_ANTES),\n    VECES_SENTENCIADO=as.numeric(VECES_SENTENCIADO),\n    VIVIO_MADRE_ADOLESCENCIA=as.factor(VIVIO_MADRE_ADOLESCENCIA),\n    VIVIO_PADRE_ADOLESCENCIA=as.factor(VIVIO_PADRE_ADOLESCENCIA),\n    SALIDA_VIVIENDA=as.factor(SALIDA_VIVIENDA),\n    SALIDA_EMPLEO=as.factor(SALIDA_EMPLEO),\n    SALIDA_ESTUDIO=as.factor(SALIDA_ESTUDIO),\n    SALIDA_AMIGOS=as.factor(SALIDA_AMIGOS),\n    SALIDA_FAMILIA=as.factor(SALIDA_FAMILIA),\n    SALIDA_REINCORPORACION=as.factor(SALIDA_REINCORPORACION),\n    COLOR_PIEL=as.factor(COLOR_PIEL)\n    )\n\nTabla89[is.na(Tabla89$VECES_SENTENCIADO),][\"VECES_SENTENCIADO\"]<-0\n```\n\n```{r}\n#| label: Unión-tablas\n#| echo: false\n#| #| warning: false\n#| output: false\n\nTabla1<-inner_join(Tabla1,Tabla23, by=\"ID_PER\") %>% inner_join(.,Tabla4,by=\"ID_PER\")%>% inner_join(.,Tabla5,by=\"ID_PER\")%>%inner_join(.,Tabla6,by=\"ID_PER\")%>%inner_join(.,Tabla7,by=\"ID_PER\")%>% inner_join(.,Tabla89,by=\"ID_PER\")\n\n#write.csv(Tabla1,\"DatosSeleccionados.csv\",row.names = F)\n```\n\n```{r}\n#| label: Base de datos\n#| echo: false\n#| warning: false\n#| output: true\nTabla1 |> head(n=1000)|>\n  datatable(\n    options = list(dom = 'ftp', paging = TRUE)\n    )\n```\n\n#### Diccionario\n\n```{r}\n#| label: Diccionario de datos\n#| echo: false\n#| warning: false\n#| output: true\n \n#Diccionario<-read.csv(\"DiccionarioDatos.csv\")\n#Diccionario |>\n#  datatable(\n#    options = list(dom = 'ftp', paging = TRUE)\n#    )\n\n# Hacemos el diccionario de datos de forma explicita, pues hacer un archivo csv excede el limite de peso de moodle jaja\n\ndiccionario <- data.frame(\n  Variable = c(\"ID_PER\", \"NOM_ENT\", \"TIPO_CARCEL\", \"TIEMPO_CARCEL\", \"SEXO\", \"EDAD\", \"NACION\", \"EST_CIVIL\", \"HIJOS\", \"NUM_HIJOS\",\n               \"NIVEL_ESCOLARIDAD\", \"EDAD_ESCOLARIDAD\",\"PARO_ESTUDIOS\", \"IDENTI_GENERO\", \"ORIENT_SEXUAL\", \"COVID\", \"CONSIDERO_SUICIDIO\", \"DISC_VISUAL\",\n               \"DISC_AUDITIVA\", \"DISC_MOTRIZ\", \"CONSUMO_TABACO\", \"EDAD_CONSUMO_TABACO\", \"CONSUMO_ALCOHOL\", \"EDAD_CONSUMO_ALCOHOL\",\n               \"CONSUMO_MARIHUANA\", \"EDAD_CONSUMO_MARIHUANA\",\n               \"CONSUMO_INHALABLES\",           \"EDAD_CONSUMO_INHALABLES\",\"CONSUMO_LSD\",\"EDAD_CONSUMO_LSD\",            \n\"CONSUMO_HONGOS\",               \"EDAD_CONSUMO_HONGOS\",         \n\"CONSUMO_COCAINA\",              \"EDAD_CONSUMO_COCAINA\",        \n\"CONSUMO_PASTA_COCAINA\",        \"EDAD_CONSUMO_PASTA_COCAINA\",   \"CONSUMO_CRACK\",                \"EDAD_CONSUMO_CRACK\",         \"CONSUMO_HEROINA\",              \"EDAD_CONSUMO_HEROINA\",        \"CONSUMO_CHOCHOS\",              \"EDAD_CONSUMO_CHOCHOS\",         \"CONSUMO_TRANQUILIZANTES\",      \"EDAD_CONSUMO_TRANQUILIZANTES\", \"CONSUMO_ANFETAMINAS\"    ,      \"EDAD_CONSUMO_ANFETAMINAS\",   \n               \"VIVE_CON\", \"N_PERSONAS_DEPENDIENTES\", \"TRABAJO\", \"PODIA_COMER\", \"DEUDA\",\n               \"SALARIO_MES_ANTERIOR\", \"MOTIVO_DETENCION\", \"TIEMPO_DEL_DET\", \"INTENTO_SOBORNO\", \"DINERO_SOBORNO\", \"DECLARACION_CULPABLE\",\n               \"INTENTO_SOBORNO_JUICIO\", \"ANOS_CONDENA\", \"MESES_CONDENA\", \"DELITOS_ABIERTOS\", \"ANOS_PROCESO\", \"MESES_PROCESO\",\n               \"TIEMPO_RECLUIDO\", \"TIEMPO_PROCESO\", \"CANTIDAD_PERSONAS_CELDA\", \"CELDA_VENTANAS\", \"CELDA_AGUA_POTABLE\", \"CELDA_DRENAJE\",\n               \"CELDA_LUZ\", \"CELDA_DUCHA\", \"CELDA_SANITARIO\", \"CELDA_SERVICIO_MEDICO\", \"CELDA_ALIMENTOS\", \"CELDA_HORAS\", \"CARCEL_EJERCICIO\",\n               \"CARCEL_LECTURA\", \"CARCEL_RELIGION\", \"CARCEL_LLAMADAS\", \"CARCEL_ESTUDIO\", \"CARCEL_VISITA\", \"CELDA_SEGURIDAD\",\n               \"CARCEL_SEGURIDAD\", \"SENTENCIADO_ANTES\", \"VECES_SENTENCIADO\", \"VIVIO_MADRE_ADOLESCENCIA\", \"VIVIO_PADRE_ADOLESCENCIA\",\n               \"SALIDA_VIVIENDA\", \"SALIDA_EMPLEO\", \"SALIDA_ESTUDIO\", \"SALIDA_AMIGOS\", \"SALIDA_FAMILIA\", \"SALIDA_REINCORPORACION\",\n               \"COLOR_PIEL\"),\n  Definición = c(\"Identificador personal de la persona\", \"Estado donde está recluida la persona\", \"Tipo de centro penitenciario donde está recluida la persona. Puede ser estatal o federal\", \"Tiempo que lleva la persona dentro del centro penitenciario\", \"Sexo de la persona\", \"Edad de la persona al momento de la encuesta\", \"Nacionalidad de la persona\", \"Estado civil de la persona\", \"El/la encuestado/a posee hijos. 1: Sí. 2:No\", \"Número de hijos de la persona\",\n                  \"Máximo nivel de estudios alcanzado por la persona\",\"Edad a la que alcanzó el máximo nivel de estudios\", \"Por qué motivo la persona detuvo sus estudios\", \"Con qué género se identifica la persona\", \"Orientación sexual de la persona\", \"La persona fue diagnosticada con COVID-19. Sí:1.2:No\", \"La persona ha considerado suicidarse dentro del centro penitenciario\", \"La persona posee alguna condición de discapacidad visual\",\n                  \"La persona posee alguna condición de discapacidad auditiva\", \"La persona posee alguna discapacidad motriz\", \n                 \"La persona ha consumido tabaco alguna vez en su vida\", \"Si ha consumido, a qué edad probó el tabaco por primera vez\",\n                 \"La persona ha consumido alcohol alguna vez en su vida\", \"Si ha consumido, a qué edad probó el alcohol por primera vez\",\n                  \"La persona ha consumido marihuana alguna vez en su vida\", \"Si ha consumido, a qué edad probó la marihuana por primera vez\",\n                 \"La persona ha consumido inhalables alguna vez en su vida\", \"Si ha consumido, a qué edad probó los inhalables por primera vez\",\n                 \"La persona ha consumido LSD alguna vez en su vida\", \"Si ha consumido, a qué edad probó el LSD por primera vez\",\n                 \"La persona ha consumido hongos alucinógenos alguna vez en su vida\", \"Si ha consumido, a qué edad probó los hongos alucinógenos por primera vez\",\n                 \"La persona ha consumido cocaína en polvo alguna vez en su vida\", \"Si ha consumido, a qué edad probó la cocaína en polvo por primera vez\",\n                 \"La persona ha consumido pasta base de cocaína (basuco) alguna vez en su vida\", \"Si ha consumido, a qué edad probó la pasta base de cocaína en (basuco) por primera vez\",\n                 \"La persona ha consumido crack alguna vez en su vida\", \"Si ha consumido, a qué edad probó el crack por primera vez\",\n                   \"La persona ha consumido heroina alguna vez en su vida\", \"Si ha consumido, a qué edad probó el crack por primera vez\",\n                 \"La persona ha consumido heroina alguna vez en su vida\", \"Si ha consumido, a qué edad probó la chochos  (morfina) por primera vez\",\n                 \"La persona ha consumido tranqulizantes o antidepresivos alguna vez en su vida\", \"Si ha consumido, a qué edad probó tranquilizantes o antidepresivos por primera vez\",\n                 \"La persona ha consumido anfetaminas o metanfetaminas alguna vez en su vida\", \"Si ha consumido, a qué edad probó las anfetaminas o metanfetaminasom por primera vez\",\n                 \"Con quién vivía (principalmente) antes de estar en el centro penitenciario\", \"Número de personas económicamente dependientes que posee la persona\", \"La persona ha realizado algún trabajo a cambio de un beneficio o pago (ya sea legal o ilegal)\", \"Antes de estar en el centro penitenciario, las personas de su hogar tenían acceso a alimento todos los días\", \"Las personas de su hogar poseían una deuda de alto valor\",\n                  \"Cuánto fue el dinero total recibido el mes anterior a su detención\", \"Motivo por el cual se encuentra en el centro penitenciario\", \"Cuánto tiempo pasó entre el delito y la detención\", \"La autoridad que lo detuvo ofreció dejarlo libre a cambio de dinero o algún otro objeto\", \"Cuánto dinero fue apropiado por las autoridades al momento de su detención\", \"Por qué se declaró culpable del delito\",\n                  \"Durante el juicio las autoridades le ofrecieron su libertad a cambio de dinero o algún objeto\", \"Por cuántos años fue sentenciado a estar dentro del centro penitenciario\", \"Por cuántos meses (adicionales a los años) fue sentenciado a estar dentro del centro penitenciario\", \"Cuántos procesos tiene abiertos actualmente\", \"Cuántos años ha durado su proceso de sentencia\", \"Por cuántos meses (adicionales a los años) ha durado su proceso de sentencia\",\n                  \"Cuánto tiempo en total (meses) fue sentenciado a estar dentro del centro penitenciario\", \"Cuánto tiempo en total (meses) ha durado su proceso de sentencia\", \"Número de personas con las cuales la persona entrevistada comparte celda\", \"La celda cuenta con ventanas o tragaluz que permitan el acceso de luz solar para leer o trabajar\", \"En la celda donde la persona duerme se tiene acceso a agua potable\", \"La celda donde la persona duerme está conectada a un sistema de drenaje\",\n                  \"La celda donde la persona duerme cuenta con luz eléctrica\", \"La celda donde la persona duerme cuenta con un espacio para bañarse\", \"La celda donde la persona duerme cuenta con sanitarios donde hacer sus necesidades\", \"Cuando se solicita, el centro penitenciario proporciona servicios médicos\", \"El centro penitenciario proporciona alimentos de forma gratuita\", \"Cuántas horas al día pasa dentro de su celda\", \"El centro penitenciario cuenta con un espacio para realizar actividad física\",\n                  \"El centro penitenciario cuenta con material de lectura tales como libros, revistas o periódicos\", \"En el centro penitenciario le permiten practicar actividades religiosas tales como rezar, meditar, leer o estudiar textos religiosos\", \"Tiene permitido realizar llamadas telefónicas para contactar a amigos y familiares\", \"Actualmente está estudiando durante su reclusión dentro del centro penitenciario\", \"En el último año ha recibido alguna visita por parte de familiares y amigos (Sin contar visitas íntimas)\",\n                  \"En términos de violencia se siente insegura/o en su dormitorio\", \"En términos de violencia se siente insegura/o dentro del centro penitenciario\", \"Antes de su reclusión actual había sido sentenciado por algún delito\", \"Cuántas veces estuvo recluido/a en un centro penitenciario o centro disciplinario para adolescentes\", \"Antes de cumplir los 15 años vivió con su madre\", \"Antes de cumplir los 15 años vivió con su padre\",\n                  \"Tendría donde residir al momento de salir del centro penitenciario\", \"Considera que su estadía en un centro penitenciario afecte sus posibilidades de conseguir empleo\", \"Considera que su estadía en el centro penitenciario afecte sus posibilidades de continuar estudiando\", \"Considera que su estadía en el centro penitenciario afecte sus posibilidades de reencontrarse con sus amigos\", \"Considera que su estadía en el centro penitenciario afecte sus posibilidades de reencontrarse con su familia\", \"Considera que el centro penitenciario le ha dado herramientas suficientes para reincorporarse a la sociedad\",\n                  \"Cuál considera que es el color de piel del dorso de su mano (parte opuesta a la palma de la mano)\"),\n  \n  Tipo = c(\" Cualitativa nominal \",\" Cualitativa nominal\",\" Cualitativa nominal\",   \" Cualitativa ordinal\",    \" Cualitativa nominal\",    \" Cuantitativa discreta\", \" Cualitativa nominal\"  ,  \" Cualitativa nominal\" ,   \" Cualitativa dicotómica\", \" Cuantitativa discreta\" , \" Cualitativa ordinal\",  \"Cuantitativa discreta\",   \" Cualitativa nominal\",\" Cualitativa nominal\",    \" Cualitativa nominal\"  ,  \" Cualitativa dicotómica\",\" Cualitativa dicotómica\", \" Cualitativa dicotómica\", \" Cualitativa dicotómica\", \" Cualitativa dicotómica\", \" Cualitativa dicotómica\" ,\" Cuantitativa discreta\" ,\" Cualitativa discreta\" ,  \" Cuantitativa discreta\",  \" Cualitativa discreta\" , \" Cuantitativa discreta\", \" Cualitativa discreta\" , \" Cuantitativa discreta\", \" Cualitativa discreta\" , \" Cuantitativa discreta\", \" Cualitativa discreta\" , \" Cuantitativa discreta\", \" Cualitativa discreta\" , \" Cuantitativa discreta\", \" Cualitativa discreta\" , \" Cuantitativa discreta\", \" Cualitativa discreta\" , \" Cuantitativa discreta\", \" Cualitativa discreta\" , \" Cuantitativa discreta\", \" Cualitativa discreta\" , \" Cuantitativa discreta\", \" Cualitativa discreta\" , \" Cuantitativa discreta\", \" Cualitativa discreta\" , \" Cuantitativa discreta\",  \" Cualitativa nominal\",\" Cuantitativa discreta\",\" Cualitativa nominal\",  \"Cualitativa nominal\",\"Cualitativa nominal\",\" Cualitativa ordinal\",\"Cualitativa nominal\",\"Cualitativa ordinal\",\"Cualitativa nominal\",\"Cuantitativo continuo\",\"Cualitativa nominal\", \" Cualitativa nominal\",\" Cuantitativa discreta \", \" Cuantitativa discreta\", \" Cuantitativa discreta\",  \" Cuantitativa discreta\" , \" Cuantitativa discreta\", \" Cuantitativa discreta\"  ,\" Cuantitativa discreta\" , \" Cuantitativa discreta\", \" Cualitativa dicotómica\", \" Cualitativa dicotómica\" ,\" Cualitativa dicotómica\", \" Cualitativa dicotómica\", \" Cualitativa dicotómica\", \" Cualitativa dicotómica\",\" Cualitativa nominal\" ,   \" Cualitativa nominal\"  ,  \" Cuantitativa discreta\", \" Cualitativa nominal\",\" Cualitativa nominal\",\"Cualitativa nominal\", \"Cualitativa nominal\",\"Cualitativa nominal\",\"Cualitativa nominal\",   \n\"Cualitativa nominal\",\" Cualitativa nominal\",\"Cualitativo nominal\",   \n\"Cuantitativa discreta\", \"Cualitativa nominal\",\"Cualitativa nominal\", \"Cualitativa nominal\",\"Cualitativa nominal\",\"Cualitativa nominal\", \" Cualitativa nominal\" ,\" Cualitativa nominal\",\" Cualitativa nominal\", \"Cualitativa nominal\" )\n)\n\n\n\n# Mostrar la tabla usando kable\n\ndiccionario%>% \n  kable(align=\"l\",caption=\"Diccionario de datos\")%>%kable_styling(\"striped\", full_width = T) %>% scroll_box(, height = \"450px\")\n```\n:::\n\nSi se desea saber el significado de cada uno de los valores dados en la tabla, el lector puede dirigirse al [descriptor de archivos](https://www.inegi.org.mx/contenidos/programas/enpol/2021/microdatos/fd_enpol2021.pdf) dado por el INEGI[^3].\n\n[^3]: [Encuesta Nacional de la Población Privada de la Libertad (ENPOL) 2021. Descriptor de Archivos](https://www.inegi.org.mx/contenidos/programas/enpol/2021/microdatos/fd_enpol2021.pdf). Instituto Nacional de Estadística y Geografía.\n","srcMarkdownNoYaml":"\n\n## Algunos detalles del diseño muestral\n\nEl diseño muestral[^1] de la encuesta nos brinda información de súbita importancia sobre los datos tales como: Cuáles datos fueron considerados, dónde y cuándo se obtuvieron y cómo se obtuvieron. Por eso, es importante que tener un poco de noción sobre este diseño, pues nos puede dar ideas de a qué problemas estaremos expuestos a lo largo del estudio.\n\n[^1]: [Encuesta Nacional de la Población Privada de la Libertad (ENPOL) 2021. Diseño Muestral](https://www.inegi.org.mx/app/biblioteca/ficha.html?upc=889463903673). Instituto Nacional de Estadística y Geografía.\n\n### ¿Cuáles datos fueron recogidos en la encuesta?\n\nSegún el diseño conceptual de la encuesta, se consideraron 7 temas sobre los cuales recolectar información por medio de un cuestionario. Estos temas fueron:\n\n1.  **Características sociodemográficas**: Información del individuo, algunos datos incluidos son sexo, edad, estado civil, nacionalidad, nivel de escolaridad, orientación sexual, información sobre salud de la persona, consumo de sustancias de la persona, entre otros.\n\n2.  **Antecedentes**: Información sobre la vida de la persona antes de ser detenida, algunos de los datos que incluye esta sección son: Lugar de residencia antes de detención, personas con las que convivia, número de hijos, información del trabajo y salario.\n\n3.  **Procedimiento judicial**: Información más detallada de la detención e inspección de la persona recluída en el centro penitenciario. Algunos datos de esta sección son: Autoridad que lo arrestó, lugar donde fue arrestado, tiempo entre el delito y el arresto, si se desvistió durante la inspección, uso de violencia, corrupción o fuerza al momento de la detención, entre otros.\n\n4.  **Centro penitenciario**: Contiene la información sobre la vida dentro del centro penitenciario, algunos datos que estan relacionados con: Estado y acceso a la infraestructura, bienes y servicios, hijos dentro del centro penitenciario, cantidad de visitas por día, relaciones sociales con el exterior, discriminación, número de camas, entre otros.\n\n5.  **Expectativas de salida**: Información sobre como la persona espera su reinserción en la sociedad, algunos datos de esta sección son: Posesión de un lugar donde dormir fuera de la carcel, expectativas de trabajo, expectativas de estudio.\n\n6.  **Condición de la entrevista**: Preguntas sobre cómo se sintió el entrevistado durante la entrevista, respecto al entrevistador y las preguntas de la encuesta.\n\n7.  **Control interno**: Pregunta simple donde el entrevistado manifiesta cómo se sintió en el timepo y espacio donde transcurrió la entrevista.\n\nPara los lectores interesados, el cuestionario utilizado puede verse [aquí](https://www.inegi.org.mx/contenidos/programas/enpol/2021/doc/2021_enpol_cuestionario_principal.pdf).\n\n### ¿Dónde, cuándo y de quienes fueron obtenidos los datos?\n\n> *La población objetivo contemplada por el diseño muestral consiste en la población penitenciaria del fuero común y federal, que se encuentren en proceso de sentencia o sentenciada, en centros municipales, estatales, de la Ciudad de México y federales.*\n\nEs decir, el diseño muestral considera a toda la población mayor de 18 años que se encuentra privada de la libertad dentro de los centros penitenciarios ubicados en cualquier parte dentro del territorio mexicano.\n\nAdemás del diseño muestral, es posible ver el cronograma de la encuesta en el Informe Operativo[^2]. Gracias a este documento, es posible saber que el periodo de levantamiento de los datos fue llevado a cabo entre el 14 de junio y el 26 de julio del 2021.\n\n[^2]: [Encuesta Nacional de la Población Privada de la Libertad (ENPOL) 2021. Informe Operativo](https://www.inegi.org.mx/app/biblioteca/ficha.html?upc=889463903666). Instituto Nacional de Estadística y Geografía.\n\nPor último, la unidad del muestreo (de donde se obtuvo la información), fueron directamente las personas reclusas en los centros penitenciarios. El tamaño de muestra utilizado para la encuesta fue de 67584 internos, distribuidos en 55535 hombres (82.17%) y 12049 mujeres (17.83%) distribuidos de forma estratificada a lo largo del territorio mexicano. Este tamaño de muestra fue calculado a partir de un nivel de confianza de 90%.\n\n### ¿Cómo fueron obtenidos los datos?\n\nLos datos fueron obtenidos por medio de la aplicación de un formulario durante entrevistas directas con los internos voluntarios. El tipo de muestreo utilizado en la operación estadística consiste en muestreo probabiliístico y estratíficado.\n\n-   **Probabilístico**: Todos los individuos tienen una probabliidad de ser seleccionados conocida y distinta de 0.\n\n-   **Estratificado:** las unidades de muestreo se encuentran agrupadas de manera natural en los centros penitenciarios y a su vez los centros penitenciarios se agrupan por entidad federativa (Estrato).\n\nDentro de cada uno de los centros penitenciarios, se realizó una afijación proporcional al número de internos que se encuentran dentro de cada centro penitenciario. Dicha muestra fue seleccionada a través de Muestreo Aleatorio Simple (MAS).\n\nEl lector puede detallar cómo se distribuyeron los tamaños de muestra dentro de cada estrato en el documento del muestral.\n\n## Base de datos\n\nLos microdatos obtenidos por esta encuesta se encuentran anonimizados y publicados en el Sitio web del INEGI. Esta base de datos cuenta con 61449 filas (encuestas aplicadas) y 1265 columnas, las cuales están distribuidas en 7 archivos de valores separados por comas (csv), dichos archivos comparten una misma llave primaria: la variable **ID_PER**. De esta forma, es posible reunificar todas las bases de datos (o unir varias columnas de diferentes archivos) en un solo archivo si así se requiere.\n\n### ¿Cómo está compuesta la base de datos?\n\nComo fue mencionado, la base de datos se compone por 7 archivos csv, las cuales corresponden a diferentes secciones de la encuesta aplicada. A continuación, damos una breve descripción sobre las secciones de la encuesta que contiene cada archivo.\n\n1.  **Sección 1: Características sociodemográficas.** En esta sección se incluye la información básica de la persona, así como detalles de la salud y consumo de drogas.\n\n    Este archivo cuenta con un total de **182 variables**.\n\n2.  **Sección 2 y 3: Antecedentes demográficos y detención.** En la sección de antecedentes se encuentran preguntas sobre la vida de la persona antes de estar privado de la libertad. En la sección de detención, se encuentran preguntas detalladas desde el momento de detención de la persona, hasta su llegada a los juzgados.\n\n    Este archivo cuenta con un total de **184 variables**.\n\n3.  **Sección 4: Ministerio público.** en esta sección se encuentran preguntas detalladas sobre situaciones que pudieron ocurrirle cuando estaba dentro de la Agencia del Ministerio Público que son instalaciones de la Procuraduría o de la Fiscalía de justicia, donde llevan a las personas detenidas por la supuesta realización de un delito, y donde la autoridad inicia la investigación sobre el mismo.\n\n    Este archivo cuenta con un total de **126 variables**.\n\n4.  **Sección 5: Proceso judicial.** En esta sección se encuentran preguntas detalladas sobre el juicio de la persona, el cual se lleva a cabo mediante una serie de audiencias en la que el juez escucha los argumentos de las partes para tomar una decisión respecto a la responsabilidad o no de la persona acusada de un delito.\n\n    Este archivo cuenta con un total de **241 variables**.\n\n5.  **Sección 6: Centro penitenciario.** En esta sección se encuentran preguntas sobre las condiciones de vida dentro del Centro. Las características de esta, así como los bienes y servicios que brindan dentro del Centro.\n\n    Este archivo cuenta con un total de **128 variables**.\n\n6.  **Sección 7: Vida Intracarcelaria.** Esta sección contiene las respuestas de preguntas sobre la forma en que la persona vive dentro del Centro penitenciario, el desarrollo de sus actividades diarias, la manera en que ocupa el tiempo y otras condiciones que pueda experimentar.\n\n    Este archivo cuenta con un total de **247 vairables**.\n\n7.  **Sección 8-11 Corrupción, antecedentes juridico-penales, expectativa de salida y condición de la entrevista.** Estas secciones contienen información sobre la percepción que tiene la persona sobre la corrupción dentro del centro penitenciario, y sobre sus posibilidades de la reincorporación a la comunidad una vez salga del centro penitenciario.\n\n    También contiene información sobre los antecedentes penales de la persona, por ejemplo, cuántas veces estuvo en un centro penitenciario. En total, este archivo posee **157 variables**.\n\nCada una de las columnas posee el nombre de la sección y la pregunta a la cual corresponde, así, la pregunta 15 de la sección 3, esta codíficada en la base de datos bajo el nombre **P3_15.** Por lo tanto, para una mejor comprensión de los resultados y gráficos a realizar, es necesario realizar una recodificación de los datos.\n\nLos paquetes utilizados para el tratamiento y recodificación de los datos son los siguientes:\n\n```{r}\n#| echo: true\n#| warning: false\n#| output: false\nlibrary(readr)  \nlibrary(tidyverse)\nlibrary(ggplot2)\nlibrary(plotly)\nlibrary(kableExtra)\nlibrary(GGally)\nlibrary(FactoClass)\nlibrary(dplyr)\nlibrary(readxl)\nlibrary(scales)\nlibrary(DT)\nlibrary(gt)\nlibrary(openxlsx)\n```\n\n### Recodificación de los datos\n\nDado que el estudio tiene como población objetivo a toda la población encuestada, se consideraron las variables cuyas pregunta asociada son aplicables a toda la población\n\nPor ejemplo, la pregunta \"¿Ha consumido alcohol alguna vez en su vida?\" aplica a toda la población, pero \"¿a qué edad consumió alcohol por primera vez?\", no aplica a toda la poblaciónm pues no está definida para aquellas personas que nunca han consumido.\n\nAdemás, dados los objetivos del estudio, se consideraron mayoritariamente las preguntas relacionadas con las condiciones de vida dentro del centro penitenciario, y las variables demográficas. Aún así, también fueron consideradas variables ecónomicas y delictivas que se sospecha, pueden influir en el estudio.\n\nA continuación, se muestra la base de datos con información de 61449 individuos. Esta base de datos cuenta con 72 variables válidas, de las cuales 58 son de naturaleza cualitativa y 14 son de naturaleza cuantitativa.\n\nTambién, puede verse el diccionario asociado a la recodificación de la base de datos.\n\n::: panel-tabset\n#### Datos recodificados\n\n```{r}\n#| label: carga-datos\n#| echo: false\n#| warning: false\n#| output: false\nTabla1<- read_csv(\"Encuesta Carceles INEGI 2021/bd_enpol_2021_csv/ENPOL2021_SOC.csv\")\nTabla23<- read_csv(\"Encuesta Carceles INEGI 2021/bd_enpol_2021_csv/ENPOL2021_2_3.csv\")\nTabla4<- read_csv(\"Encuesta Carceles INEGI 2021/bd_enpol_2021_csv/ENPOL2021_4.csv\")\nTabla5<- read_csv(\"Encuesta Carceles INEGI 2021/bd_enpol_2021_csv/ENPOL2021_5.csv\")\nTabla6<- read_csv(\"Encuesta Carceles INEGI 2021/bd_enpol_2021_csv/ENPOL2021_6.csv\")\nTabla7<- read_csv(\"Encuesta Carceles INEGI 2021/bd_enpol_2021_csv/ENPOL2021_7.csv\")\nTabla89<- read_csv(\"Encuesta Carceles INEGI 2021/bd_enpol_2021_csv/ENPOL2021_8_9_10_11.csv\")\n```\n\n```{r}\n#| label: Seleccion-datos-Tabla1\n#| echo: false\n#| warning: false\n#| output: false\nVarInicial1<-ncol(Tabla1)\nVarInicial1<-ncol(Tabla1)\nVariables<-c( \"ID_PER\", #Identificación del recluso\n              \"NOM_ENT\", #Estado donde esta ubicado el centro penitenciario\n              \"P1_1\", #Tipo de centro penitenciario\n              \"P1_1A\", #Cuánto tiempo tiene privado de su libertad. Categórico\n              \"P1_2\", # SEXO\n              \"P1_3\", #Edad\n              \"P1_4\", #Nacionalidad\n              \"P1_7\", #Estado Civil\n              \"P1_8\", #Posee hijos\n              \"P1_9\", #Cuantos hijos menores de 18 años tiene\n              \"P1_18_N\", #Nivel de escolaridad\n              \"P1_20\", #A qué edad obtuvo el grado escolar\n              \"P1_21\", #Por qué no continuó estudiando\n              \"P1_22\", #cómo se identifica\n              \"P1_23\", #Orientación sexual\n              #P1_24_25_26 #ENFERMEDADES\n              \"P1_24_8\", #COVID Fue diagnostivado de covid?\n              #\"P1_25_8\", #Cuándo fue detectado el covid?\n              #\"P1_28_8\", #Por qué no hace el tratamiento\n              \"P1_29\", #Ha considerado el suicidio\n              \"P1_31_1\" ,# Posee discapacidad visual\n              \"P1_31_2\", #Discacidad auditiva\n              \"P1_31_3\", #Dispacidad motriz\n              #P1_41 Alguna vez ha consumido...\n              #P1_42 A que edad probó por primera vez...\n              \"P1_41_1\", #Tabaco\n              \"P1_42_1\", #Tabaco\n              \"P1_41_2\", #Alcohol\n              \"P1_42_2\", #Alcohol\n              \"P1_41_3\", #Marihuana\n              \"P1_42_3\", #Marihuana\n              \"P1_41_4\", #Inhalables\n              \"P1_42_4\", #Inhalables\n              \"P1_41_5\", #LSD\n              \"P1_42_5\", #LSD\n              \"P1_41_6\", #Hongos alucinógenos\n              \"P1_42_6\", #HOngos alucinógenos\n              \"P1_41_7\", #Cocaína en polvo\n              \"P1_42_7\", #Cocaína en polvo\n              \"P1_41_8\", #Pasta base de cocaína\n              \"P1_42_8\", #Pasta base de cocaína\n              \"P1_41_9\", #Crack\n              \"P1_42_9\", #Crack\n              \"P1_41_10\", #Heroina\n              \"P1_42_10\", #Heroina\n              \"P1_41_11\", #Chochos\n              \"P1_42_11\", #Chochos\n              \"P1_41_12\", #Tranquilizantes\n              \"P1_42_12\", #Tranquilizantes\n              \"P1_41_13\", #Anfetaminas\n              \"P1_42_13\" #Anfetaminas\n              \n)\n#Este pedazo NO es definitivo\nTabla1 <- Tabla1[Variables] %>%\n  rename(TIPO_CARCEL= \"P1_1\",\n         TIEMPO_CARCEL = P1_1A,\n         SEXO= P1_2,\n         EDAD= P1_3,\n         NACION= P1_4,\n         EST_CIVIL=P1_7,\n         HIJOS=P1_8,\n         NUM_HIJOS=P1_9,\n         NIVEL_ESCOLARIDAD=P1_18_N,\n         EDAD_ESCOLARIDAD=P1_20,\n         PARO_ESTUDIOS=P1_21,\n         IDENTI_GENERO=P1_22,\n         ORIENT_SEXUAL=P1_23,\n         COVID=P1_24_8,\n         CONSIDERO_SUICIDIO=P1_29,\n         DISC_VISUAL=P1_31_1,\n         DISC_AUDITIVA=P1_31_2,\n         DISC_MOTRIZ=P1_31_3,\n         CONSUMO_TABACO=P1_41_1,\n         CONSUMO_ALCOHOL=P1_41_2,\n         CONSUMO_MARIHUANA=P1_41_3,\n         CONSUMO_INHALABLES=P1_41_4,\n         CONSUMO_LSD=P1_41_5,\n         CONSUMO_HONGOS=P1_41_6,\n         CONSUMO_COCAINA=P1_41_7,\n         CONSUMO_PASTA_COCAINA=P1_41_8,\n         CONSUMO_CRACK=P1_41_9,\n         CONSUMO_HEROINA=P1_41_10,\n         CONSUMO_CHOCHOS=P1_41_11,\n         CONSUMO_TRANQUILIZANTES=P1_41_12,\n         CONSUMO_ANFETAMINAS=P1_41_13,\n         EDAD_CONSUMO_TABACO=P1_42_1,\n         EDAD_CONSUMO_ALCOHOL=P1_42_2,\n         EDAD_CONSUMO_MARIHUANA=P1_42_3,\n         EDAD_CONSUMO_INHALABLES=P1_42_4,\n         EDAD_CONSUMO_LSD=P1_42_5,\n         EDAD_CONSUMO_HONGOS=P1_42_6,\n         EDAD_CONSUMO_COCAINA=P1_42_7,\n         EDAD_CONSUMO_PASTA_COCAINA=P1_42_8,\n         EDAD_CONSUMO_CRACK=P1_42_9,\n         EDAD_CONSUMO_HEROINA=P1_42_10,\n         EDAD_CONSUMO_CHOCHOS=P1_42_11,\n         EDAD_CONSUMO_TRANQUILIZANTES=P1_42_12,\n         EDAD_CONSUMO_ANFETAMINAS=P1_42_13\n  ) %>% mutate(TIPO_CARCEL= as.factor(TIPO_CARCEL),\n               TIEMPO_CARCEL = as.factor(TIEMPO_CARCEL) ,\n               SEXO= as.factor(SEXO),\n               EDAD= as.numeric(EDAD),\n               NACION= as.factor(NACION),\n               EST_CIVIL=as.factor(EST_CIVIL),\n               HIJOS=as.factor(HIJOS),\n               NUM_HIJOS=as.numeric(NUM_HIJOS),\n               NIVEL_ESCOLARIDAD=as.factor(NIVEL_ESCOLARIDAD),\n               EDAD_ESCOLARIDAD=as.numeric(EDAD_ESCOLARIDAD),\n               PARO_ESTUDIOS=as.factor(PARO_ESTUDIOS),\n               IDENTI_GENERO=as.factor(IDENTI_GENERO),\n               ORIENT_SEXUAL=as.factor(ORIENT_SEXUAL),\n               COVID=as.factor(COVID),\n               CONSIDERO_SUICIDIO=as.factor(CONSIDERO_SUICIDIO),\n               DISC_VISUAL=as.factor(DISC_VISUAL),\n               DISC_AUDITIVA=as.factor(DISC_AUDITIVA),\n               DISC_MOTRIZ=as.factor(DISC_MOTRIZ),\n               CONSUMO_TABACO=as.factor(CONSUMO_TABACO),\n               CONSUMO_ALCOHOL=as.factor(CONSUMO_ALCOHOL),\n               CONSUMO_MARIHUANA=as.factor(CONSUMO_MARIHUANA),\n               CONSUMO_INHALABLES=as.factor(CONSUMO_INHALABLES),\n               CONSUMO_LSD=as.factor(CONSUMO_LSD),\n               CONSUMO_HONGOS=as.factor(CONSUMO_HONGOS),\n               CONSUMO_COCAINA=as.factor(CONSUMO_COCAINA),\n               CONSUMO_PASTA_COCAINA=as.factor(CONSUMO_PASTA_COCAINA),\n               CONSUMO_CRACK=as.factor(CONSUMO_CRACK),\n               CONSUMO_HEROINA=as.factor(CONSUMO_HEROINA),\n               CONSUMO_CHOCHOS=as.factor(CONSUMO_CHOCHOS),\n               CONSUMO_TRANQUILIZANTES=as.factor(CONSUMO_TRANQUILIZANTES),\n               CONSUMO_ANFETAMINAS=as.factor(CONSUMO_ANFETAMINAS),\n               EDAD_CONSUMO_TABACO=as.numeric(EDAD_CONSUMO_TABACO),\n               EDAD_CONSUMO_ALCOHOL=as.numeric(EDAD_CONSUMO_ALCOHOL),\n               EDAD_CONSUMO_MARIHUANA=as.numeric(EDAD_CONSUMO_MARIHUANA),\n               EDAD_CONSUMO_INHALABLES=as.numeric(EDAD_CONSUMO_INHALABLES),\n               EDAD_CONSUMO_LSD=as.numeric(EDAD_CONSUMO_LSD),\n               EDAD_CONSUMO_HONGOS=as.numeric(EDAD_CONSUMO_HONGOS),\n               EDAD_CONSUMO_COCAINA=as.numeric(EDAD_CONSUMO_COCAINA),\n               EDAD_CONSUMO_PASTA_COCAINA=as.numeric(EDAD_CONSUMO_PASTA_COCAINA),\n               EDAD_CONSUMO_CRACK=as.numeric(EDAD_CONSUMO_CRACK),\n               EDAD_CONSUMO_HEROINA=as.numeric(EDAD_CONSUMO_HEROINA),\n               EDAD_CONSUMO_CHOCHOS=as.numeric(EDAD_CONSUMO_CHOCHOS),\n               EDAD_CONSUMO_TRANQUILIZANTES=as.numeric(EDAD_CONSUMO_TRANQUILIZANTES),\n               EDAD_CONSUMO_ANFETAMINAS=as.numeric(EDAD_CONSUMO_ANFETAMINAS))\n\n\nTabla1[is.na(Tabla1[\"NUM_HIJOS\"]),][\"NUM_HIJOS\"]<-0\nTabla1[is.na(Tabla1[\"EDAD_CONSUMO_TABACO\"]),][\"EDAD_CONSUMO_TABACO\"]<-99#mean(na.omit(Tabla1$EDAD_CONSUMO_TABACO))\nTabla1[is.na(Tabla1[\"EDAD_CONSUMO_ALCOHOL\"]),][\"EDAD_CONSUMO_ALCOHOL\"]<-99#mean(na.omit(Tabla1$EDAD_CONSUMO_ALCOHOL))\nTabla1[is.na(Tabla1[\"EDAD_CONSUMO_MARIHUANA\"]),][\"EDAD_CONSUMO_MARIHUANA\"]<-99#mean(na.omit(Tabla1$EDAD_CONSUMO_MARIHUANA))\nTabla1[is.na(Tabla1[\"EDAD_CONSUMO_INHALABLES\"]),][\"EDAD_CONSUMO_INHALABLES\"]<-99#mean(na.omit(Tabla1$EDAD_CONSUMO_TABACO))\nTabla1[is.na(Tabla1[\"EDAD_CONSUMO_LSD\"]),][\"EDAD_CONSUMO_LSD\"]<-99#mean(na.omit(Tabla1$EDAD_CONSUMO_ALCOHOL))\nTabla1[is.na(Tabla1[\"EDAD_CONSUMO_HONGOS\"]),][\"EDAD_CONSUMO_HONGOS\"]<-99#mean(na.omit(Tabla1$EDAD_CONSUMO_MARIHUANA))\nTabla1[is.na(Tabla1[\"EDAD_CONSUMO_COCAINA\"]),][\"EDAD_CONSUMO_COCAINA\"]<-99#mean(na.omit(Tabla1$EDAD_CONSUMO_TABACO))\nTabla1[is.na(Tabla1[\"EDAD_CONSUMO_PASTA_COCAINA\"]),][\"EDAD_CONSUMO_PASTA_COCAINA\"]<-99#mean(na.omit(Tabla1$EDAD_CONSUMO_ALCOHOL))\nTabla1[is.na(Tabla1[\"EDAD_CONSUMO_CRACK\"]),][\"EDAD_CONSUMO_CRACK\"]<-99#mean(na.omit(Tabla1$EDAD_CONSUMO_MARIHUANA))\nTabla1[is.na(Tabla1[\"EDAD_CONSUMO_HEROINA\"]),][\"EDAD_CONSUMO_HEROINA\"]<-99#mean(na.omit(Tabla1$EDAD_CONSUMO_TABACO))\nTabla1[is.na(Tabla1[\"EDAD_CONSUMO_CHOCHOS\"]),][\"EDAD_CONSUMO_ALCOHOL\"]<-99#mean(na.omit(Tabla1$EDAD_CONSUMO_ALCOHOL))\nTabla1[is.na(Tabla1[\"EDAD_CONSUMO_TRANQUILIZANTES\"]),][\"EDAD_CONSUMO_MARIHUANA\"]<-99#mean(na.omit(Tabla1$EDAD_CONSUMO_MARIHUANA))\nTabla1[is.na(Tabla1[\"EDAD_CONSUMO_ANFETAMINAS\"]),][\"EDAD_CONSUMO_ANFETAMINAS\"]<-99#mean(na.omit(Tabla1$EDAD_CONSUMO_TABACO))\n\n\n```\n\n```{r}\n#| label: Seleccion-datos-Tabla2\n#| echo: false\n#| warning: false\n#| output: false\nTabla23$VIVE_CON <- ifelse(Tabla23$P2_3_01 == 1, \"Solo\",\n                  ifelse(Tabla23$P2_3_02 == 1, \"Pareja\",\n                   ifelse((Tabla23$P2_3_03 == 1 | Tabla23$P2_3_04==1), \"Madre/Padre\",ifelse(Tabla23$P2_3_05==1, \"Hermanos\",ifelse(Tabla23$P2_3_06==1,\"Abuelos\",\n                                     ifelse(Tabla23$P2_3_07==1,\"Hijos\", ifelse(Tabla23$P2_3_08==1, \"Otros familiares\", ifelse(Tabla23$P2_3_09==1, \"Amigos\",ifelse((Tabla23$P2_3_98==1|Tabla23$P2_3_99==1),\"No sabe/No responde\", \"Otros\")))))))))\n\n\nVarInicial2<-ncol(Tabla23)\nVariables2<-c( \"ID_PER\", #Identificación del recluso\n \"VIVE_CON\", #Con quien vivia antes de la detención\n  \"P2_5\", #A cuantas personas mantenia economicamente\n  \"P2_6\", #Alguna vez ha trabajado con pago? no importa si es legal o ilegal\n\"P2_14_1\", # El año anterior tenian lo suficiente para comer\n\"P2_14_2\", #Tenian alguna deuda?\n\"P2_15\", #Cuanto ganó el mes antes de su detención\n\"P3_1\", #Por qué esta detenido?\n\"P3_9\", #Cuanto tiempo pasó entre el delito y la detención\n\"P3_21_1\", #La policia intentó sobornar para no detenerlo\n\"P3_24\" #Cuánto dinero se apropió la policia?\n)\n\n\nTabla23 <- Tabla23[Variables2] %>%\n  rename(\n    #VIVE_CON= \"P2_3\",\n    N_PERSONAS_DEPENDIENTES = P2_5,\n    TRABAJO= P2_6,\n    PODIA_COMER= P2_14_1,\n    DEUDA= P2_14_2,\n    SALARIO_MES_ANTERIOR=P2_15,\n    MOTIVO_DETENCION=P3_1,\n    TIEMPO_DEL_DET=P3_9,\n    INTENTO_SOBORNO=P3_21_1,\n    DINERO_SOBORNO=P3_24\n  ) %>% mutate(\n    VIVE_CON= as.factor(VIVE_CON),\n    N_PERSONAS_DEPENDIENTES = as.numeric(N_PERSONAS_DEPENDIENTES),\n    TRABAJO= as.factor(TRABAJO),\n    PODIA_COMER= as.factor(PODIA_COMER),\n    DEUDA= as.factor(DEUDA),\n    SALARIO_MES_ANTERIOR=as.factor(SALARIO_MES_ANTERIOR),\n    MOTIVO_DETENCION=as.factor(MOTIVO_DETENCION),\n    TIEMPO_DEL_DET=as.factor(TIEMPO_DEL_DET),\n    INTENTO_SOBORNO=as.factor(INTENTO_SOBORNO),\n    DINERO_SOBORNO=as.numeric(DINERO_SOBORNO))\n\nTabla23[is.na(Tabla23$N_PERSONAS_DEPENDIENTES),][\"N_PERSONAS_DEPENDIENTES\"]<-0\n\n\n\n\n```\n\n```{r}\n#| label: Selección-datos-tabla4\n#| echo: false \n#| warning: false\n#| output: false\nVarInicial4<-ncol(Tabla4)\nVariables4<-c( \"ID_PER\", #Identificación del recluso\n \"P4_7\", # Por qué se declaró culpable\n  \"P4_15_1\" #Las autoridades le pidieron dinero a cambio de no hacer daño\n)\n\nTabla4 <- Tabla4[Variables4] %>%\n  rename(\n    DECLARACION_CULPABLE=P4_7,\n    INTENTO_SOBORNO_JUICIO=P4_15_1\n  ) %>% mutate(\n    DECLARACION_CULPABLE= as.factor(DECLARACION_CULPABLE),\n    INTENTO_SOBORNO_JUICIO=as.factor(INTENTO_SOBORNO_JUICIO))\n\n```\n\n```{r}\n#| label: Seleccion-datos-tabla5\n#| echo: false\n#| warning: false\n#| output: false\nVarInicial5<-ncol(Tabla5)\nVariables5<-c( \"ID_PER\", #Identificación del recluso\n \"P5_4_A\", #Años a los que fue condenado\n  \"P5_4_M\", #Meses a los que fue condenado\n #\"P5_11\" #Por cuales delitos fue sentenciado\n \"P5_28\", #Cuantos delitos tiene abiertos actualmente\n #P5_31 #Por cual delito fue sentenciado inicialmente\n \"P5_34_A\", #Cuantos años ha durado su proceso\n \"P5_34_M\" #Cuantos meses ha durado su proceso\n)\n\nTabla5 <- Tabla5[Variables5] %>%\n  rename(\n    ANOS_CONDENA=P5_4_A,\n    MESES_CONDENA=P5_4_M,\n    DELITOS_ABIERTOS=P5_28,\n    ANOS_PROCESO=P5_34_A,\n    MESES_PROCESO=P5_34_M\n  ) %>% mutate(\n    ANOS_CONDENA= as.numeric(ANOS_CONDENA),\n    ANOS_PROCESO=as.numeric(ANOS_PROCESO),\n    MESES_CONDENA=as.numeric(MESES_CONDENA),\n    MESES_PROCESO=as.numeric(MESES_PROCESO),\n    DELITOS_ABIERTOS=as.numeric(DELITOS_ABIERTOS)\n    )\n\nTabla5[is.na(Tabla5$ANOS_CONDENA),][\"ANOS_CONDENA\"]<-0\nTabla5[is.na(Tabla5$MESES_CONDENA),][\"MESES_CONDENA\"]<-0\nTabla5[is.na(Tabla5$ANOS_PROCESO),][\"ANOS_PROCESO\"]<-0\nTabla5[is.na(Tabla5$MESES_PROCESO),][\"MESES_PROCESO\"]<-0\nTabla5[is.na(Tabla5$DELITOS_ABIERTOS),][\"DELITOS_ABIERTOS\"]<-0\n\nTabla5$TIEMPO_RECLUIDO<-(Tabla5$ANOS_CONDENA*12+Tabla5$MESES_CONDENA)/12\nTabla5$TIEMPO_PROCESO<-(Tabla5$ANOS_PROCESO*12+Tabla5$MESES_PROCESO)/12\n```\n\n```{r}\n#| label: Seleccion-datos-tabla6\n#| echo: false\n#| warning: false\n#| output: false\nVarInicial6<-ncol(Tabla6)\nVariables6<-c( \"ID_PER\", #Identificación del recluso\n \"P6_1\", #Con cuantas personas comparte celda\n \"P6_4_1\", #la celda cuenta con ventanas\n  \"P6_4_2\", #Cuenta con agua potable en la celda\n \"P6_4_3\", # La celda cuenta con drenaje\n \"P6_4_4\", #Luz electrica\n \"P6_4_5\", #Lugar para bañarse\n \"P6_4_6\", #Lugar para hacer el baño\n \"P6_10_01\", #El centro le proporciona servicio médico\n \"P6_12\" #El centro le proporciona alimentos\n)\n\nTabla6 <- Tabla6[Variables6] %>%\n  rename(\n    CANTIDAD_PERSONAS_CELDA=P6_1,\n    CELDA_VENTANAS=P6_4_1,\n    CELDA_AGUA_POTABLE=P6_4_2,\n    CELDA_DRENAJE=P6_4_3,\n    CELDA_LUZ=P6_4_4,\n    CELDA_DUCHA=P6_4_5,\n    CELDA_SANITARIO=P6_4_6,\n    CELDA_SERVICIO_MEDICO=P6_10_01,\n    CELDA_ALIMENTOS=P6_12\n  ) %>% mutate(\n    CANTIDAD_PERSONAS_CELDA= as.numeric(CANTIDAD_PERSONAS_CELDA),\n    CELDA_VENTANAS=as.factor(CELDA_VENTANAS),\n    CELDA_AGUA_POTABLE=as.factor(CELDA_AGUA_POTABLE),\n    CELDA_DRENAJE=as.factor(CELDA_DRENAJE),\n    CELDA_LUZ=as.factor(CELDA_LUZ),\n    CELDA_DUCHA=as.factor(CELDA_DUCHA),\n    CELDA_SANITARIO=as.factor(CELDA_SANITARIO),\n    CELDA_SERVICIO_MEDICO=as.factor(CELDA_SERVICIO_MEDICO),\n    CELDA_ALIMENTOS=as.factor(CELDA_SERVICIO_MEDICO)\n    )\n\n```\n\n```{r}\n#| label: Seleccion-datos-tabla7\n#| echo: false\n#| warning: false\n#| output: false\nVarInicial7<-ncol(Tabla7)\nVariables7<-c( \"ID_PER\", #Identificación del recluso\n \"P7_2\", #Cuantas horas pasa en su celda al día\n \"P7_5\", #Cuenta con espacio para ejercitarse\n  \"P7_6\", #Cuenta con material de lectura\n \"P7_10\", #Puede practicar su religión\n \"P7_11\", #Puede realizar llamadas a sus familiares\n \"P7_18\", #Estudia dentro de la carcel\n \"P7_25\", #En el ultimo año ha recibido una visita\n \"P7_35\", #Se siente seguro en su celda\n \"P7_36\" #Se siente seguro en la carcel\n #P7_46 Discriminación\n)\n\nTabla7 <- Tabla7[Variables7] %>%\n  rename(\n    CELDA_HORAS=P7_2,\n    CARCEL_EJERCICIO=P7_5,\n    CARCEL_LECTURA=P7_6,\n    CARCEL_RELIGION=P7_10,\n    CARCEL_LLAMADAS=P7_11,\n    CARCEL_ESTUDIO=P7_18,\n    CARCEL_VISITA=P7_25,\n    CELDA_SEGURIDAD=P7_35,\n    CARCEL_SEGURIDAD=P7_36\n  ) %>% mutate(\n    CELDA_HORAS= as.numeric(CELDA_HORAS),\n    CARCEL_EJERCICIO=as.factor(CARCEL_EJERCICIO),\n    CARCEL_LECTURA=as.factor(CARCEL_LECTURA),\n    CARCEL_RELIGION=as.factor(CARCEL_RELIGION),\n    CARCEL_LLAMADAS=as.factor(CARCEL_LLAMADAS),\n    CARCEL_ESTUDIO=as.factor(CARCEL_ESTUDIO),\n    CARCEL_VISITA=as.factor(CARCEL_VISITA),\n    CELDA_SEGURIDAD=as.factor(CELDA_SEGURIDAD),\n    CARCEL_SEGURIDAD=as.factor(CARCEL_SEGURIDAD)\n    )\n\n```\n\n```{r}\n#| label: Seleccion-datos-tabla8\n#| echo: false\n#| warning: false\n#| output: false\nVarInicial8<-ncol(Tabla89)\nVariables8<-c( \"ID_PER\", #Identificación del recluso\n \"P9_1\", #Habia sido sentenciado por un delito antes\n \"P9_4\", #Cuantas veces habia sido sentenciado\n  \"P9_8_1\", #Vivió con su madre en la crianza\n \"P9_8_2\", #Vivió con su padre en la crianza\n \"P10_2\", #Tiene donde vivir despues de salir \n \"P10_5_1\", #Piensa que no conseguirá empleo\n \"P10_5_2\", #No conseguirá estudiar \n \"P10_5_3\", #No podra encontrarse con sus amigos\n \"P10_5_4\", #No podrá reintegrarse a la familia\n \"P10_6\", #El centro proporcionó herramientas para la reincorporación\n \"P10_10\" #Como se percibe la persona\n)\n\nTabla89 <- Tabla89[Variables8] %>%\n  rename(\n    SENTENCIADO_ANTES=P9_1,\n    VECES_SENTENCIADO=P9_4,\n    VIVIO_MADRE_ADOLESCENCIA=P9_8_1,\n    VIVIO_PADRE_ADOLESCENCIA=P9_8_2,\n    SALIDA_VIVIENDA=P10_2,\n    SALIDA_EMPLEO=P10_5_1,\n    SALIDA_ESTUDIO=P10_5_2,\n    SALIDA_AMIGOS=P10_5_3,\n    SALIDA_FAMILIA=P10_5_4,\n    SALIDA_REINCORPORACION=P10_6,\n    COLOR_PIEL=P10_10\n  ) %>% mutate(\n    SENTENCIADO_ANTES= as.factor(SENTENCIADO_ANTES),\n    VECES_SENTENCIADO=as.numeric(VECES_SENTENCIADO),\n    VIVIO_MADRE_ADOLESCENCIA=as.factor(VIVIO_MADRE_ADOLESCENCIA),\n    VIVIO_PADRE_ADOLESCENCIA=as.factor(VIVIO_PADRE_ADOLESCENCIA),\n    SALIDA_VIVIENDA=as.factor(SALIDA_VIVIENDA),\n    SALIDA_EMPLEO=as.factor(SALIDA_EMPLEO),\n    SALIDA_ESTUDIO=as.factor(SALIDA_ESTUDIO),\n    SALIDA_AMIGOS=as.factor(SALIDA_AMIGOS),\n    SALIDA_FAMILIA=as.factor(SALIDA_FAMILIA),\n    SALIDA_REINCORPORACION=as.factor(SALIDA_REINCORPORACION),\n    COLOR_PIEL=as.factor(COLOR_PIEL)\n    )\n\nTabla89[is.na(Tabla89$VECES_SENTENCIADO),][\"VECES_SENTENCIADO\"]<-0\n```\n\n```{r}\n#| label: Unión-tablas\n#| echo: false\n#| #| warning: false\n#| output: false\n\nTabla1<-inner_join(Tabla1,Tabla23, by=\"ID_PER\") %>% inner_join(.,Tabla4,by=\"ID_PER\")%>% inner_join(.,Tabla5,by=\"ID_PER\")%>%inner_join(.,Tabla6,by=\"ID_PER\")%>%inner_join(.,Tabla7,by=\"ID_PER\")%>% inner_join(.,Tabla89,by=\"ID_PER\")\n\n#write.csv(Tabla1,\"DatosSeleccionados.csv\",row.names = F)\n```\n\n```{r}\n#| label: Base de datos\n#| echo: false\n#| warning: false\n#| output: true\nTabla1 |> head(n=1000)|>\n  datatable(\n    options = list(dom = 'ftp', paging = TRUE)\n    )\n```\n\n#### Diccionario\n\n```{r}\n#| label: Diccionario de datos\n#| echo: false\n#| warning: false\n#| output: true\n \n#Diccionario<-read.csv(\"DiccionarioDatos.csv\")\n#Diccionario |>\n#  datatable(\n#    options = list(dom = 'ftp', paging = TRUE)\n#    )\n\n# Hacemos el diccionario de datos de forma explicita, pues hacer un archivo csv excede el limite de peso de moodle jaja\n\ndiccionario <- data.frame(\n  Variable = c(\"ID_PER\", \"NOM_ENT\", \"TIPO_CARCEL\", \"TIEMPO_CARCEL\", \"SEXO\", \"EDAD\", \"NACION\", \"EST_CIVIL\", \"HIJOS\", \"NUM_HIJOS\",\n               \"NIVEL_ESCOLARIDAD\", \"EDAD_ESCOLARIDAD\",\"PARO_ESTUDIOS\", \"IDENTI_GENERO\", \"ORIENT_SEXUAL\", \"COVID\", \"CONSIDERO_SUICIDIO\", \"DISC_VISUAL\",\n               \"DISC_AUDITIVA\", \"DISC_MOTRIZ\", \"CONSUMO_TABACO\", \"EDAD_CONSUMO_TABACO\", \"CONSUMO_ALCOHOL\", \"EDAD_CONSUMO_ALCOHOL\",\n               \"CONSUMO_MARIHUANA\", \"EDAD_CONSUMO_MARIHUANA\",\n               \"CONSUMO_INHALABLES\",           \"EDAD_CONSUMO_INHALABLES\",\"CONSUMO_LSD\",\"EDAD_CONSUMO_LSD\",            \n\"CONSUMO_HONGOS\",               \"EDAD_CONSUMO_HONGOS\",         \n\"CONSUMO_COCAINA\",              \"EDAD_CONSUMO_COCAINA\",        \n\"CONSUMO_PASTA_COCAINA\",        \"EDAD_CONSUMO_PASTA_COCAINA\",   \"CONSUMO_CRACK\",                \"EDAD_CONSUMO_CRACK\",         \"CONSUMO_HEROINA\",              \"EDAD_CONSUMO_HEROINA\",        \"CONSUMO_CHOCHOS\",              \"EDAD_CONSUMO_CHOCHOS\",         \"CONSUMO_TRANQUILIZANTES\",      \"EDAD_CONSUMO_TRANQUILIZANTES\", \"CONSUMO_ANFETAMINAS\"    ,      \"EDAD_CONSUMO_ANFETAMINAS\",   \n               \"VIVE_CON\", \"N_PERSONAS_DEPENDIENTES\", \"TRABAJO\", \"PODIA_COMER\", \"DEUDA\",\n               \"SALARIO_MES_ANTERIOR\", \"MOTIVO_DETENCION\", \"TIEMPO_DEL_DET\", \"INTENTO_SOBORNO\", \"DINERO_SOBORNO\", \"DECLARACION_CULPABLE\",\n               \"INTENTO_SOBORNO_JUICIO\", \"ANOS_CONDENA\", \"MESES_CONDENA\", \"DELITOS_ABIERTOS\", \"ANOS_PROCESO\", \"MESES_PROCESO\",\n               \"TIEMPO_RECLUIDO\", \"TIEMPO_PROCESO\", \"CANTIDAD_PERSONAS_CELDA\", \"CELDA_VENTANAS\", \"CELDA_AGUA_POTABLE\", \"CELDA_DRENAJE\",\n               \"CELDA_LUZ\", \"CELDA_DUCHA\", \"CELDA_SANITARIO\", \"CELDA_SERVICIO_MEDICO\", \"CELDA_ALIMENTOS\", \"CELDA_HORAS\", \"CARCEL_EJERCICIO\",\n               \"CARCEL_LECTURA\", \"CARCEL_RELIGION\", \"CARCEL_LLAMADAS\", \"CARCEL_ESTUDIO\", \"CARCEL_VISITA\", \"CELDA_SEGURIDAD\",\n               \"CARCEL_SEGURIDAD\", \"SENTENCIADO_ANTES\", \"VECES_SENTENCIADO\", \"VIVIO_MADRE_ADOLESCENCIA\", \"VIVIO_PADRE_ADOLESCENCIA\",\n               \"SALIDA_VIVIENDA\", \"SALIDA_EMPLEO\", \"SALIDA_ESTUDIO\", \"SALIDA_AMIGOS\", \"SALIDA_FAMILIA\", \"SALIDA_REINCORPORACION\",\n               \"COLOR_PIEL\"),\n  Definición = c(\"Identificador personal de la persona\", \"Estado donde está recluida la persona\", \"Tipo de centro penitenciario donde está recluida la persona. Puede ser estatal o federal\", \"Tiempo que lleva la persona dentro del centro penitenciario\", \"Sexo de la persona\", \"Edad de la persona al momento de la encuesta\", \"Nacionalidad de la persona\", \"Estado civil de la persona\", \"El/la encuestado/a posee hijos. 1: Sí. 2:No\", \"Número de hijos de la persona\",\n                  \"Máximo nivel de estudios alcanzado por la persona\",\"Edad a la que alcanzó el máximo nivel de estudios\", \"Por qué motivo la persona detuvo sus estudios\", \"Con qué género se identifica la persona\", \"Orientación sexual de la persona\", \"La persona fue diagnosticada con COVID-19. Sí:1.2:No\", \"La persona ha considerado suicidarse dentro del centro penitenciario\", \"La persona posee alguna condición de discapacidad visual\",\n                  \"La persona posee alguna condición de discapacidad auditiva\", \"La persona posee alguna discapacidad motriz\", \n                 \"La persona ha consumido tabaco alguna vez en su vida\", \"Si ha consumido, a qué edad probó el tabaco por primera vez\",\n                 \"La persona ha consumido alcohol alguna vez en su vida\", \"Si ha consumido, a qué edad probó el alcohol por primera vez\",\n                  \"La persona ha consumido marihuana alguna vez en su vida\", \"Si ha consumido, a qué edad probó la marihuana por primera vez\",\n                 \"La persona ha consumido inhalables alguna vez en su vida\", \"Si ha consumido, a qué edad probó los inhalables por primera vez\",\n                 \"La persona ha consumido LSD alguna vez en su vida\", \"Si ha consumido, a qué edad probó el LSD por primera vez\",\n                 \"La persona ha consumido hongos alucinógenos alguna vez en su vida\", \"Si ha consumido, a qué edad probó los hongos alucinógenos por primera vez\",\n                 \"La persona ha consumido cocaína en polvo alguna vez en su vida\", \"Si ha consumido, a qué edad probó la cocaína en polvo por primera vez\",\n                 \"La persona ha consumido pasta base de cocaína (basuco) alguna vez en su vida\", \"Si ha consumido, a qué edad probó la pasta base de cocaína en (basuco) por primera vez\",\n                 \"La persona ha consumido crack alguna vez en su vida\", \"Si ha consumido, a qué edad probó el crack por primera vez\",\n                   \"La persona ha consumido heroina alguna vez en su vida\", \"Si ha consumido, a qué edad probó el crack por primera vez\",\n                 \"La persona ha consumido heroina alguna vez en su vida\", \"Si ha consumido, a qué edad probó la chochos  (morfina) por primera vez\",\n                 \"La persona ha consumido tranqulizantes o antidepresivos alguna vez en su vida\", \"Si ha consumido, a qué edad probó tranquilizantes o antidepresivos por primera vez\",\n                 \"La persona ha consumido anfetaminas o metanfetaminas alguna vez en su vida\", \"Si ha consumido, a qué edad probó las anfetaminas o metanfetaminasom por primera vez\",\n                 \"Con quién vivía (principalmente) antes de estar en el centro penitenciario\", \"Número de personas económicamente dependientes que posee la persona\", \"La persona ha realizado algún trabajo a cambio de un beneficio o pago (ya sea legal o ilegal)\", \"Antes de estar en el centro penitenciario, las personas de su hogar tenían acceso a alimento todos los días\", \"Las personas de su hogar poseían una deuda de alto valor\",\n                  \"Cuánto fue el dinero total recibido el mes anterior a su detención\", \"Motivo por el cual se encuentra en el centro penitenciario\", \"Cuánto tiempo pasó entre el delito y la detención\", \"La autoridad que lo detuvo ofreció dejarlo libre a cambio de dinero o algún otro objeto\", \"Cuánto dinero fue apropiado por las autoridades al momento de su detención\", \"Por qué se declaró culpable del delito\",\n                  \"Durante el juicio las autoridades le ofrecieron su libertad a cambio de dinero o algún objeto\", \"Por cuántos años fue sentenciado a estar dentro del centro penitenciario\", \"Por cuántos meses (adicionales a los años) fue sentenciado a estar dentro del centro penitenciario\", \"Cuántos procesos tiene abiertos actualmente\", \"Cuántos años ha durado su proceso de sentencia\", \"Por cuántos meses (adicionales a los años) ha durado su proceso de sentencia\",\n                  \"Cuánto tiempo en total (meses) fue sentenciado a estar dentro del centro penitenciario\", \"Cuánto tiempo en total (meses) ha durado su proceso de sentencia\", \"Número de personas con las cuales la persona entrevistada comparte celda\", \"La celda cuenta con ventanas o tragaluz que permitan el acceso de luz solar para leer o trabajar\", \"En la celda donde la persona duerme se tiene acceso a agua potable\", \"La celda donde la persona duerme está conectada a un sistema de drenaje\",\n                  \"La celda donde la persona duerme cuenta con luz eléctrica\", \"La celda donde la persona duerme cuenta con un espacio para bañarse\", \"La celda donde la persona duerme cuenta con sanitarios donde hacer sus necesidades\", \"Cuando se solicita, el centro penitenciario proporciona servicios médicos\", \"El centro penitenciario proporciona alimentos de forma gratuita\", \"Cuántas horas al día pasa dentro de su celda\", \"El centro penitenciario cuenta con un espacio para realizar actividad física\",\n                  \"El centro penitenciario cuenta con material de lectura tales como libros, revistas o periódicos\", \"En el centro penitenciario le permiten practicar actividades religiosas tales como rezar, meditar, leer o estudiar textos religiosos\", \"Tiene permitido realizar llamadas telefónicas para contactar a amigos y familiares\", \"Actualmente está estudiando durante su reclusión dentro del centro penitenciario\", \"En el último año ha recibido alguna visita por parte de familiares y amigos (Sin contar visitas íntimas)\",\n                  \"En términos de violencia se siente insegura/o en su dormitorio\", \"En términos de violencia se siente insegura/o dentro del centro penitenciario\", \"Antes de su reclusión actual había sido sentenciado por algún delito\", \"Cuántas veces estuvo recluido/a en un centro penitenciario o centro disciplinario para adolescentes\", \"Antes de cumplir los 15 años vivió con su madre\", \"Antes de cumplir los 15 años vivió con su padre\",\n                  \"Tendría donde residir al momento de salir del centro penitenciario\", \"Considera que su estadía en un centro penitenciario afecte sus posibilidades de conseguir empleo\", \"Considera que su estadía en el centro penitenciario afecte sus posibilidades de continuar estudiando\", \"Considera que su estadía en el centro penitenciario afecte sus posibilidades de reencontrarse con sus amigos\", \"Considera que su estadía en el centro penitenciario afecte sus posibilidades de reencontrarse con su familia\", \"Considera que el centro penitenciario le ha dado herramientas suficientes para reincorporarse a la sociedad\",\n                  \"Cuál considera que es el color de piel del dorso de su mano (parte opuesta a la palma de la mano)\"),\n  \n  Tipo = c(\" Cualitativa nominal \",\" Cualitativa nominal\",\" Cualitativa nominal\",   \" Cualitativa ordinal\",    \" Cualitativa nominal\",    \" Cuantitativa discreta\", \" Cualitativa nominal\"  ,  \" Cualitativa nominal\" ,   \" Cualitativa dicotómica\", \" Cuantitativa discreta\" , \" Cualitativa ordinal\",  \"Cuantitativa discreta\",   \" Cualitativa nominal\",\" Cualitativa nominal\",    \" Cualitativa nominal\"  ,  \" Cualitativa dicotómica\",\" Cualitativa dicotómica\", \" Cualitativa dicotómica\", \" Cualitativa dicotómica\", \" Cualitativa dicotómica\", \" Cualitativa dicotómica\" ,\" Cuantitativa discreta\" ,\" Cualitativa discreta\" ,  \" Cuantitativa discreta\",  \" Cualitativa discreta\" , \" Cuantitativa discreta\", \" Cualitativa discreta\" , \" Cuantitativa discreta\", \" Cualitativa discreta\" , \" Cuantitativa discreta\", \" Cualitativa discreta\" , \" Cuantitativa discreta\", \" Cualitativa discreta\" , \" Cuantitativa discreta\", \" Cualitativa discreta\" , \" Cuantitativa discreta\", \" Cualitativa discreta\" , \" Cuantitativa discreta\", \" Cualitativa discreta\" , \" Cuantitativa discreta\", \" Cualitativa discreta\" , \" Cuantitativa discreta\", \" Cualitativa discreta\" , \" Cuantitativa discreta\", \" Cualitativa discreta\" , \" Cuantitativa discreta\",  \" Cualitativa nominal\",\" Cuantitativa discreta\",\" Cualitativa nominal\",  \"Cualitativa nominal\",\"Cualitativa nominal\",\" Cualitativa ordinal\",\"Cualitativa nominal\",\"Cualitativa ordinal\",\"Cualitativa nominal\",\"Cuantitativo continuo\",\"Cualitativa nominal\", \" Cualitativa nominal\",\" Cuantitativa discreta \", \" Cuantitativa discreta\", \" Cuantitativa discreta\",  \" Cuantitativa discreta\" , \" Cuantitativa discreta\", \" Cuantitativa discreta\"  ,\" Cuantitativa discreta\" , \" Cuantitativa discreta\", \" Cualitativa dicotómica\", \" Cualitativa dicotómica\" ,\" Cualitativa dicotómica\", \" Cualitativa dicotómica\", \" Cualitativa dicotómica\", \" Cualitativa dicotómica\",\" Cualitativa nominal\" ,   \" Cualitativa nominal\"  ,  \" Cuantitativa discreta\", \" Cualitativa nominal\",\" Cualitativa nominal\",\"Cualitativa nominal\", \"Cualitativa nominal\",\"Cualitativa nominal\",\"Cualitativa nominal\",   \n\"Cualitativa nominal\",\" Cualitativa nominal\",\"Cualitativo nominal\",   \n\"Cuantitativa discreta\", \"Cualitativa nominal\",\"Cualitativa nominal\", \"Cualitativa nominal\",\"Cualitativa nominal\",\"Cualitativa nominal\", \" Cualitativa nominal\" ,\" Cualitativa nominal\",\" Cualitativa nominal\", \"Cualitativa nominal\" )\n)\n\n\n\n# Mostrar la tabla usando kable\n\ndiccionario%>% \n  kable(align=\"l\",caption=\"Diccionario de datos\")%>%kable_styling(\"striped\", full_width = T) %>% scroll_box(, height = \"450px\")\n```\n:::\n\nSi se desea saber el significado de cada uno de los valores dados en la tabla, el lector puede dirigirse al [descriptor de archivos](https://www.inegi.org.mx/contenidos/programas/enpol/2021/microdatos/fd_enpol2021.pdf) dado por el INEGI[^3].\n\n[^3]: [Encuesta Nacional de la Población Privada de la Libertad (ENPOL) 2021. Descriptor de Archivos](https://www.inegi.org.mx/contenidos/programas/enpol/2021/microdatos/fd_enpol2021.pdf). Instituto Nacional de Estadística y Geografía.\n"},"formats":{"html":{"identifier":{"display-name":"HTML","target-format":"html","base-format":"html"},"execute":{"fig-width":7,"fig-height":5,"fig-format":"retina","fig-dpi":96,"df-print":"default","error":false,"eval":true,"cache":null,"freeze":false,"echo":true,"output":true,"warning":true,"include":true,"keep-md":false,"keep-ipynb":false,"ipynb":null,"enabled":null,"daemon":null,"daemon-restart":false,"debug":false,"ipynb-filters":[],"ipynb-shell-interactivity":null,"plotly-connected":true,"engine":"knitr"},"render":{"keep-tex":false,"keep-typ":false,"keep-source":false,"keep-hidden":false,"prefer-html":false,"output-divs":true,"output-ext":"html","fig-align":"default","fig-pos":null,"fig-env":null,"code-fold":"none","code-overflow":"scroll","code-link":false,"code-line-numbers":false,"code-tools":false,"tbl-colwidths":"auto","merge-includes":true,"inline-includes":false,"preserve-yaml":false,"latex-auto-mk":true,"latex-auto-install":true,"latex-clean":true,"latex-min-runs":1,"latex-max-runs":10,"latex-makeindex":"makeindex","latex-makeindex-opts":[],"latex-tlmgr-opts":[],"latex-input-paths":[],"latex-output-dir":null,"link-external-icon":false,"link-external-newwindow":false,"self-contained-math":false,"format-resources":[],"notebook-links":true},"pandoc":{"standalone":true,"wrap":"none","default-image-extension":"png","to":"html","css":["styles.css"],"toc":true,"output-file":"Datos.html"},"language":{"toc-title-document":"Tabla de contenidos","toc-title-website":"En esta página","related-formats-title":"Otros formatos","related-notebooks-title":"Notebooks","source-notebooks-prefix":"Fuente","other-links-title":"Otros Enlaces","code-links-title":"Enlaces de código","launch-dev-container-title":"Iniciar Dev Container","launch-binder-title":"Iniciar Binder","article-notebook-label":"Cuaderno de Artículo","notebook-preview-download":"Descargar Cuaderno","notebook-preview-download-src":"Descargar código fuente","notebook-preview-back":"Volver al Artículo","manuscript-meca-bundle":"Archivo MECA","section-title-abstract":"Resumen","section-title-appendices":"Apéndices","section-title-footnotes":"Notas","section-title-references":"Referencias","section-title-reuse":"Reutilización","section-title-copyright":"Derechos de autor","section-title-citation":"Cómo citar","appendix-attribution-cite-as":"Por favor, cita este trabajo como:","appendix-attribution-bibtex":"BibTeX","title-block-author-single":"Autor/a","title-block-author-plural":"Autores/as","title-block-affiliation-single":"Afiliación","title-block-affiliation-plural":"Afiliaciones","title-block-published":"Fecha de publicación","title-block-modified":"Fecha de modificación","title-block-keywords":"Palabras clave","callout-tip-title":"Tip","callout-note-title":"Nota","callout-warning-title":"Advertencia","callout-important-title":"Importante","callout-caution-title":"Precaución","code-summary":"Código","code-tools-menu-caption":"Código","code-tools-show-all-code":"Mostrar todo el código","code-tools-hide-all-code":"Ocultar todo el código","code-tools-view-source":"Ver el código fuente","code-tools-source-code":"Ejecutar el código","tools-share":"Compartir","tools-download":"Descargar","code-line":"Línea","code-lines":"Líneas","copy-button-tooltip":"Copiar al portapapeles","copy-button-tooltip-success":"Copiado","repo-action-links-edit":"Editar esta página","repo-action-links-source":"Ver el código","repo-action-links-issue":"Informar de un problema","back-to-top":"Volver arriba","search-no-results-text":"Sin resultados","search-matching-documents-text":"documentos encontrados","search-copy-link-title":"Copiar el enlace en la búsqueda","search-hide-matches-text":"Ocultar resultados adicionales","search-more-match-text":"resultado adicional en este documento","search-more-matches-text":"resultados adicionales en este documento","search-clear-button-title":"Borrar","search-text-placeholder":"","search-detached-cancel-button-title":"Cancelar","search-submit-button-title":"Enviar","search-label":"Buscar","toggle-section":"Alternar sección","toggle-sidebar":"Alternar barra lateral","toggle-dark-mode":"Alternar modo oscuro","toggle-reader-mode":"Alternar modo lector","toggle-navigation":"Navegación de palanca","crossref-fig-title":"Figura","crossref-tbl-title":"Tabla","crossref-lst-title":"Listado","crossref-thm-title":"Teorema","crossref-lem-title":"Lema","crossref-cor-title":"Corolario","crossref-prp-title":"Proposición","crossref-cnj-title":"Conjetura","crossref-def-title":"Definición","crossref-exm-title":"Ejemplo","crossref-exr-title":"Ejercicio","crossref-ch-prefix":"Capítulo","crossref-apx-prefix":"Apéndice","crossref-sec-prefix":"Sección","crossref-eq-prefix":"Ecuación","crossref-lof-title":"Listado de Figuras","crossref-lot-title":"Listado de Tablas","crossref-lol-title":"Listado de Listados","environment-proof-title":"Prueba","environment-remark-title":"Observación","environment-solution-title":"Solución","listing-page-order-by":"Ordenar por","listing-page-order-by-default":"Por defecto","listing-page-order-by-date-asc":"Menos reciente","listing-page-order-by-date-desc":"Más reciente","listing-page-order-by-number-desc":"De mayor a menor","listing-page-order-by-number-asc":"De menor a mayor","listing-page-field-date":"Fecha","listing-page-field-title":"Título","listing-page-field-description":"Descripción","listing-page-field-author":"Autor/a","listing-page-field-filename":"Nombre de archivo","listing-page-field-filemodified":"Fecha de modificación","listing-page-field-subtitle":"Subtítulo","listing-page-field-readingtime":"Tiempo de lectura","listing-page-field-wordcount":"Conteo de Palabras","listing-page-field-categories":"Categorías","listing-page-minutes-compact":"{0} minutos","listing-page-category-all":"Todas","listing-page-no-matches":"No hay resultados","listing-page-words":"{0} palabras"},"metadata":{"lang":"es","fig-responsive":true,"quarto-version":"1.4.549","editor":"visual","theme":{"light":"simplex","dark":"slate"},"toc-expand":2,"toc-title":"Tabla de contenidos","toc-location":"right","title":"Descripción de los datos","author":"Juan Pablo Montaño Díaz & Laura Katherine Martinez Castiblanco"},"extensions":{"book":{"multiFile":true}}}},"projectFormats":["html"]}