{"title":"Objetivos y justificación","markdown":{"yaml":{"title":"Objetivos y justificación","author":"Juan Pablo Montaño Díaz & Laura Katherine Martinez Castiblanco","year":2024,"month":"Marzo","day":10},"headingText":"Pregunta problema y objetivos","containsRefs":false,"markdown":"\n\n::: {fig}\n![](images/Prisionero.png){width=\"15%\" fig-align=\"center\"}\n:::\n\n\n### Pregunta problema\n\nDado la introducción anterior sobre las condiciones de vida en los centros de reclusión mexicanos, nos surgieron varias preguntas sobre esta situación, algunas de estas fueron: ¿será que estas condiciones son las mismas independientemente de alguna característica tal como el sexo, orientación sexual, religión, edad, nivel socioecónomico o crimen cometido?\n\nEstas preguntas nos llevaron a la siguiente pregunta problema:\n\n> ¿Qué diferencias existen en las condiciones de vida que los centros de reclusión mexicanos brindan para las personas según sus condiciones demográficas, económicas y delictivas?\n\nPara responder esta pregunta, se proponen el siguiente objetivo general y objetivos especificos para el estudio.\n\n### Objetivo General\n\nDeterminar si existe alguna relación entre las condiciones de vida en los centro penintenciarios y las características demográficas, socioeconómicas y delictivas entre las personas privadas de la libertad que fueron consideradas en la Encuesta Nacional de la Población Privada de la Libertad (ENPOL) realizada en México durante el año 2021.\n\n### Objetivos específicos\n\n1.  Identificar las variables representativas de la población privada de la libertad que sean de interés para el desarrollo del estudio.\n\n2.  Recodificar las variables de interés en la base de datos, para dar una mayor legilibilidad e interpretación a los datos y análisis que se realizarán a lo largo del estudio.\n\n3.  Realizar una descripción univariada de la población de estudio en cada una de las variables de interés, sin considerar las posibles relaciones que puedan existir entre las variables.\n\n4.  Utilizar métodos descriptivos multivariados entre las variables con el fin de identificar patrones que indiquen una posible relación entre las variables.\n\n5.  Comparar los resultados obtenidos con otros hechos y datos similares dados por la literatura e investigaciones anteriores.\n\n6.  Determinar si los hallazgos del estudio son válidos y concuerdan con hechos observados en la sociedad.\n\n## Justificación\n\nLa crisis carcelaria que afecta a varios países de América Latina, es un fenómeno multifacético que impacta no solo en la población privada de la libertad, sino también en la sociedad en su conjunto. El incremento en la población carcelaria, el hacinamiento, la falta de recursos básicos y los episodios de violencia dentro de los centros penitenciarios son indicadores alarmantes de una situación que requiere atención urgente.\n\nAnte este panorama, se tiene la idea de estudiar en profundidad las relaciones entre las condiciones de vida dentro de los centros penitenciarios y diversas características demográficas, socioeconómicas y delictivas de la población carcelaria. Los hallazgos de este estudio pueden brindar un nuevo panorama de cómo está distribuida la población privada de la libertad y una nueva perspectiva sobre la crisis carcelaria previamente mencionada.\n\nPara este estudio, se utilizarán los datos abiertos publicados por el INEGI sobre la Encuesta Nacional de la Población Privada de la Libertad (ENPOL), la cual consideraremos una fuente de datos confiable y actualizada para abordar estas interrogantes.\n\n## Referencias\n\n-   Pardo, C. (2020). [Estadística descriptiva multivariada](https://repositorio.unal.edu.co/handle/unal/79914). Universidad Nacional de Colombia.\n-   Torres, C. (2024).[Material de acompañamiento, Estadística descriptiva multivariada](https://cjtorresj.quarto.pub/edm/00-1-prereq-intro.html). Quarto Web Site\n-   [Encuesta Nacional de la Población Privada de la Libertad (ENPOL) 2021](https://www.inegi.org.mx/programas/enpol/2021/#documentacion). Instituto Nacional de Estadística y Geografía. <https://www.inegi.org.mx/>. Datos accesidos el día 20 de Febrero de 2024.\n-   [Encuesta Nacional de la Población Privada de la Libertad (ENPOL) 2016](https://www.inegi.org.mx/programas/enpol/2016/). Instituto Nacional de Estadística y Geografía. <https://www.inegi.org.mx/>. Datos accesidos el día 3 de Marzo de 2024.\n\n::: {fig}\n![](images/Mexico.png){width=\"40%\" fig-align=\"center\"}\n:::\n","srcMarkdownNoYaml":"\n\n::: {fig}\n![](images/Prisionero.png){width=\"15%\" fig-align=\"center\"}\n:::\n\n## Pregunta problema y objetivos\n\n### Pregunta problema\n\nDado la introducción anterior sobre las condiciones de vida en los centros de reclusión mexicanos, nos surgieron varias preguntas sobre esta situación, algunas de estas fueron: ¿será que estas condiciones son las mismas independientemente de alguna característica tal como el sexo, orientación sexual, religión, edad, nivel socioecónomico o crimen cometido?\n\nEstas preguntas nos llevaron a la siguiente pregunta problema:\n\n> ¿Qué diferencias existen en las condiciones de vida que los centros de reclusión mexicanos brindan para las personas según sus condiciones demográficas, económicas y delictivas?\n\nPara responder esta pregunta, se proponen el siguiente objetivo general y objetivos especificos para el estudio.\n\n### Objetivo General\n\nDeterminar si existe alguna relación entre las condiciones de vida en los centro penintenciarios y las características demográficas, socioeconómicas y delictivas entre las personas privadas de la libertad que fueron consideradas en la Encuesta Nacional de la Población Privada de la Libertad (ENPOL) realizada en México durante el año 2021.\n\n### Objetivos específicos\n\n1.  Identificar las variables representativas de la población privada de la libertad que sean de interés para el desarrollo del estudio.\n\n2.  Recodificar las variables de interés en la base de datos, para dar una mayor legilibilidad e interpretación a los datos y análisis que se realizarán a lo largo del estudio.\n\n3.  Realizar una descripción univariada de la población de estudio en cada una de las variables de interés, sin considerar las posibles relaciones que puedan existir entre las variables.\n\n4.  Utilizar métodos descriptivos multivariados entre las variables con el fin de identificar patrones que indiquen una posible relación entre las variables.\n\n5.  Comparar los resultados obtenidos con otros hechos y datos similares dados por la literatura e investigaciones anteriores.\n\n6.  Determinar si los hallazgos del estudio son válidos y concuerdan con hechos observados en la sociedad.\n\n## Justificación\n\nLa crisis carcelaria que afecta a varios países de América Latina, es un fenómeno multifacético que impacta no solo en la población privada de la libertad, sino también en la sociedad en su conjunto. El incremento en la población carcelaria, el hacinamiento, la falta de recursos básicos y los episodios de violencia dentro de los centros penitenciarios son indicadores alarmantes de una situación que requiere atención urgente.\n\nAnte este panorama, se tiene la idea de estudiar en profundidad las relaciones entre las condiciones de vida dentro de los centros penitenciarios y diversas características demográficas, socioeconómicas y delictivas de la población carcelaria. Los hallazgos de este estudio pueden brindar un nuevo panorama de cómo está distribuida la población privada de la libertad y una nueva perspectiva sobre la crisis carcelaria previamente mencionada.\n\nPara este estudio, se utilizarán los datos abiertos publicados por el INEGI sobre la Encuesta Nacional de la Población Privada de la Libertad (ENPOL), la cual consideraremos una fuente de datos confiable y actualizada para abordar estas interrogantes.\n\n## Referencias\n\n-   Pardo, C. (2020). [Estadística descriptiva multivariada](https://repositorio.unal.edu.co/handle/unal/79914). Universidad Nacional de Colombia.\n-   Torres, C. (2024).[Material de acompañamiento, Estadística descriptiva multivariada](https://cjtorresj.quarto.pub/edm/00-1-prereq-intro.html). Quarto Web Site\n-   [Encuesta Nacional de la Población Privada de la Libertad (ENPOL) 2021](https://www.inegi.org.mx/programas/enpol/2021/#documentacion). Instituto Nacional de Estadística y Geografía. <https://www.inegi.org.mx/>. Datos accesidos el día 20 de Febrero de 2024.\n-   [Encuesta Nacional de la Población Privada de la Libertad (ENPOL) 2016](https://www.inegi.org.mx/programas/enpol/2016/). Instituto Nacional de Estadística y Geografía. <https://www.inegi.org.mx/>. Datos accesidos el día 3 de Marzo de 2024.\n\n::: {fig}\n![](images/Mexico.png){width=\"40%\" fig-align=\"center\"}\n:::\n"},"formats":{"html":{"identifier":{"display-name":"HTML","target-format":"html","base-format":"html"},"execute":{"fig-width":7,"fig-height":5,"fig-format":"retina","fig-dpi":96,"df-print":"default","error":false,"eval":true,"cache":null,"freeze":false,"echo":true,"output":true,"warning":true,"include":true,"keep-md":false,"keep-ipynb":false,"ipynb":null,"enabled":null,"daemon":null,"daemon-restart":false,"debug":false,"ipynb-filters":[],"ipynb-shell-interactivity":null,"plotly-connected":true,"engine":"markdown"},"render":{"keep-tex":false,"keep-typ":false,"keep-source":false,"keep-hidden":false,"prefer-html":false,"output-divs":true,"output-ext":"html","fig-align":"default","fig-pos":null,"fig-env":null,"code-fold":"none","code-overflow":"scroll","code-link":false,"code-line-numbers":false,"code-tools":false,"tbl-colwidths":"auto","merge-includes":true,"inline-includes":false,"preserve-yaml":false,"latex-auto-mk":true,"latex-auto-install":true,"latex-clean":true,"latex-min-runs":1,"latex-max-runs":10,"latex-makeindex":"makeindex","latex-makeindex-opts":[],"latex-tlmgr-opts":[],"latex-input-paths":[],"latex-output-dir":null,"link-external-icon":false,"link-external-newwindow":false,"self-contained-math":false,"format-resources":[],"notebook-links":true},"pandoc":{"standalone":true,"wrap":"none","default-image-extension":"png","to":"html","css":["styles.css"],"toc":true,"output-file":"index.html"},"language":{"toc-title-document":"Tabla de contenidos","toc-title-website":"En esta página","related-formats-title":"Otros formatos","related-notebooks-title":"Notebooks","source-notebooks-prefix":"Fuente","other-links-title":"Otros Enlaces","code-links-title":"Enlaces de código","launch-dev-container-title":"Iniciar Dev Container","launch-binder-title":"Iniciar Binder","article-notebook-label":"Cuaderno de Artículo","notebook-preview-download":"Descargar Cuaderno","notebook-preview-download-src":"Descargar código fuente","notebook-preview-back":"Volver al Artículo","manuscript-meca-bundle":"Archivo MECA","section-title-abstract":"Resumen","section-title-appendices":"Apéndices","section-title-footnotes":"Notas","section-title-references":"Referencias","section-title-reuse":"Reutilización","section-title-copyright":"Derechos de autor","section-title-citation":"Cómo citar","appendix-attribution-cite-as":"Por favor, cita este trabajo como:","appendix-attribution-bibtex":"BibTeX","title-block-author-single":"Autor/a","title-block-author-plural":"Autores/as","title-block-affiliation-single":"Afiliación","title-block-affiliation-plural":"Afiliaciones","title-block-published":"Fecha de publicación","title-block-modified":"Fecha de modificación","title-block-keywords":"Palabras clave","callout-tip-title":"Tip","callout-note-title":"Nota","callout-warning-title":"Advertencia","callout-important-title":"Importante","callout-caution-title":"Precaución","code-summary":"Código","code-tools-menu-caption":"Código","code-tools-show-all-code":"Mostrar todo el código","code-tools-hide-all-code":"Ocultar todo el código","code-tools-view-source":"Ver el código fuente","code-tools-source-code":"Ejecutar el código","tools-share":"Compartir","tools-download":"Descargar","code-line":"Línea","code-lines":"Líneas","copy-button-tooltip":"Copiar al portapapeles","copy-button-tooltip-success":"Copiado","repo-action-links-edit":"Editar esta página","repo-action-links-source":"Ver el código","repo-action-links-issue":"Informar de un problema","back-to-top":"Volver arriba","search-no-results-text":"Sin resultados","search-matching-documents-text":"documentos encontrados","search-copy-link-title":"Copiar el enlace en la búsqueda","search-hide-matches-text":"Ocultar resultados adicionales","search-more-match-text":"resultado adicional en este documento","search-more-matches-text":"resultados adicionales en este documento","search-clear-button-title":"Borrar","search-text-placeholder":"","search-detached-cancel-button-title":"Cancelar","search-submit-button-title":"Enviar","search-label":"Buscar","toggle-section":"Alternar sección","toggle-sidebar":"Alternar barra lateral","toggle-dark-mode":"Alternar modo oscuro","toggle-reader-mode":"Alternar modo lector","toggle-navigation":"Navegación de palanca","crossref-fig-title":"Figura","crossref-tbl-title":"Tabla","crossref-lst-title":"Listado","crossref-thm-title":"Teorema","crossref-lem-title":"Lema","crossref-cor-title":"Corolario","crossref-prp-title":"Proposición","crossref-cnj-title":"Conjetura","crossref-def-title":"Definición","crossref-exm-title":"Ejemplo","crossref-exr-title":"Ejercicio","crossref-ch-prefix":"Capítulo","crossref-apx-prefix":"Apéndice","crossref-sec-prefix":"Sección","crossref-eq-prefix":"Ecuación","crossref-lof-title":"Listado de Figuras","crossref-lot-title":"Listado de Tablas","crossref-lol-title":"Listado de Listados","environment-proof-title":"Prueba","environment-remark-title":"Observación","environment-solution-title":"Solución","listing-page-order-by":"Ordenar por","listing-page-order-by-default":"Por defecto","listing-page-order-by-date-asc":"Menos reciente","listing-page-order-by-date-desc":"Más reciente","listing-page-order-by-number-desc":"De mayor a menor","listing-page-order-by-number-asc":"De menor a mayor","listing-page-field-date":"Fecha","listing-page-field-title":"Título","listing-page-field-description":"Descripción","listing-page-field-author":"Autor/a","listing-page-field-filename":"Nombre de archivo","listing-page-field-filemodified":"Fecha de modificación","listing-page-field-subtitle":"Subtítulo","listing-page-field-readingtime":"Tiempo de lectura","listing-page-field-wordcount":"Conteo de Palabras","listing-page-field-categories":"Categorías","listing-page-minutes-compact":"{0} minutos","listing-page-category-all":"Todas","listing-page-no-matches":"No hay resultados","listing-page-words":"{0} palabras"},"metadata":{"lang":"es","fig-responsive":true,"quarto-version":"1.4.549","editor":"visual","theme":{"light":"simplex","dark":"slate"},"toc-expand":2,"toc-title":"Tabla de contenidos","toc-location":"right","title":"Objetivos y justificación","author":"Juan Pablo Montaño Díaz & Laura Katherine Martinez Castiblanco","year":2024,"month":"Marzo","day":10},"extensions":{"book":{"multiFile":true}}}},"projectFormats":["html"]}