{"chunk_definitions":[{"row":38,"row_count":1,"visible":true,"expansion_state":0,"options":{"engine":"r","label":"carga-librerias","message":false,"echo":true,"output":false,"dev":"png"},"document_id":"B24F0586","chunk_id":"cofwuahcer59p","chunk_label":"carga-librerias"},{"row":75,"row_count":1,"visible":true,"expansion_state":0,"options":{"engine":"r","code-fold":"show","label":"Selección1","dev":"png"},"document_id":"B24F0586","chunk_id":"ckuv46xmdtwoq","chunk_label":"Selección1"},{"row":108,"row_count":1,"visible":true,"expansion_state":0,"options":{"engine":"r","label":"unnamed-chunk-92","dev":"png"},"document_id":"B24F0586","chunk_id":"ct4mb09dyrti0","chunk_label":"acmIntracarcelario"},{"row":145,"row_count":1,"visible":true,"expansion_state":0,"options":{"engine":"r","label":"seleccionejes","code-fold":true,"dev":"png"},"document_id":"B24F0586","chunk_id":"cbsrgoxp846hw","chunk_label":"seleccionejes"},{"row":158,"row_count":1,"visible":true,"expansion_state":0,"options":{"engine":"r","label":"Preagrupamieto","code-fold":"show","fig.cap":null,"fig.align":"center","fig.width":5,"fig.height":5.5,"dev":"png"},"document_id":"B24F0586","chunk_id":"cx5h36q1ny8nf","chunk_label":"Preagrupamieto"},{"row":172,"row_count":1,"visible":true,"expansion_state":0,"options":{"engine":"r","label":"jerarquico","echo":false,"fig.cap":null,"fig.align":"center","fig.width":5,"fig.height":5.5,"dev":"png"},"document_id":"B24F0586","chunk_id":"czxlssn55x86j","chunk_label":"jerarquico"},{"row":182,"row_count":1,"visible":true,"expansion_state":0,"options":{"engine":"r","label":"numero-grupos","code-fold":true,"dev":"png"},"document_id":"B24F0586","chunk_id":"ci2il28vincga","chunk_label":"numero-grupos"},{"row":204,"row_count":1,"visible":true,"expansion_state":0,"options":{"engine":"r","label":"consolidacion","code-fold":true,"dev":"png"},"document_id":"B24F0586","chunk_id":"cb4mohsfzdz84","chunk_label":"consolidacion"},{"row":218,"row_count":1,"visible":true,"expansion_state":0,"options":{"engine":"r","label":"AsignacionGrupos","echo":false,"dev":"png"},"document_id":"B24F0586","chunk_id":"clweojkk3o0eh","chunk_label":"AsignacionGrupos"},{"row":230,"row_count":1,"visible":true,"expansion_state":0,"options":{"engine":"r","label":"graficoperfiles","echo":false,"dev":"png"},"document_id":"B24F0586","chunk_id":"cezmuylpf2lml","chunk_label":"graficoperfiles"},{"row":260,"row_count":1,"visible":true,"expansion_state":0,"options":{"engine":"r","label":"plano1-2","echo":false,"output":true,"dev":"png"},"document_id":"B24F0586","chunk_id":"csoa2rmflngwc","chunk_label":"plano1-2"},{"row":292,"row_count":1,"visible":true,"expansion_state":0,"options":{"engine":"r","label":"plano2-3","echo":false,"output":true,"dev":"png"},"document_id":"B24F0586","chunk_id":"c4nkp2ikusx3u","chunk_label":"plano2-3"}],"doc_write_time":1726544835,"chunk_rendered_width":449}