{"chunk_definitions":[{"row":43,"row_count":1,"visible":true,"expansion_state":0,"options":{"engine":"r","label":"carga-librerias","message":false,"code-fold":"show","output":false,"dev":"png"},"document_id":"B24F0586","chunk_id":"cofwuahcer59p","chunk_label":"carga-librerias"},{"row":84,"row_count":1,"visible":true,"expansion_state":0,"options":{"engine":"r","label":"Selección1","echo":false,"message":false,"warning":false,"output":true,"dev":"png"},"document_id":"B24F0586","chunk_id":"ckuv46xmdtwoq","chunk_label":"Selección1"},{"row":117,"row_count":1,"visible":true,"expansion_state":0,"options":{"engine":"r","code-fold":"show","label":"acmIntracarcelario","dev":"png"},"document_id":"B24F0586","chunk_id":"ct4mb09dyrti0","chunk_label":"acmIntracarcelario"},{"row":151,"row_count":1,"visible":true,"expansion_state":0,"options":{"engine":"r","label":"screeplotIntra","echo":false,"dev":"png"},"document_id":"B24F0586","chunk_id":"crhreadb1vq2t","chunk_label":"screeplotIntra"},{"row":344,"row_count":1,"visible":true,"expansion_state":0,"options":{"engine":"r","label":"valuest grupo3","message":false,"echo":false,"warning":false,"output":true,"dev":"png"},"document_id":"6007B5F1","chunk_id":"cvopv5m3rckd4","chunk_label":"valuest grupo3"},{"row":365,"row_count":1,"visible":true,"expansion_state":0,"options":{"engine":"r","label":"valuest grupo4","message":false,"echo":false,"warning":false,"output":true,"dev":"png"},"document_id":"6007B5F1","chunk_id":"cghkh7ev4tu0v","chunk_label":"valuest grupo4"},{"row":657,"row_count":1,"visible":true,"expansion_state":0,"options":{"engine":"r","label":"valuest grupo3","message":false,"echo":false,"warning":false,"output":true,"dev":"png"},"document_id":"6007B5F1","chunk_id":"c43eg447zx1sx","chunk_label":"valuestCuali2 grupo3"},{"row":678,"row_count":1,"visible":true,"expansion_state":0,"options":{"engine":"r","label":"valuest grupo4","message":false,"echo":false,"warning":false,"output":true,"dev":"png"},"document_id":"6007B5F1","chunk_id":"cl80o8g4l30wf","chunk_label":"valuestCuali2 grupo4"}],"doc_write_time":1727054388,"chunk_rendered_width":449}