{"chunk_definitions":[{"row":40,"row_count":1,"visible":true,"expansion_state":0,"options":{"engine":"r","label":"carga-librerias","message":false,"echo":true,"output":false,"dev":"png"},"document_id":"AC3EADBB","chunk_id":"cqnav4zd60juq","chunk_label":"carga-librerias"},{"row":62,"row_count":1,"visible":true,"expansion_state":0,"options":{"engine":"r","label":"Seleccion-variables","echo":false,"warning":false,"output":false,"dev":"png"},"document_id":"AC3EADBB","chunk_id":"ck2rj51aq9cm0","chunk_label":"Seleccion-variables"},{"row":106,"row_count":1,"visible":true,"expansion_state":0,"options":{"engine":"r","label":"Correlaciones","title":"Correlaciones","echo":false,"warning":false,"dev":"png"},"document_id":"AC3EADBB","chunk_id":"cq52a68hybx5q","chunk_label":"Correlaciones"},{"row":145,"row_count":1,"visible":true,"expansion_state":0,"options":{"engine":"r","label":"unnamed-chunk-58","title":"ACP de las variables cuantitativas","echo":true,"output":true,"dev":"png"},"document_id":"AC3EADBB","chunk_id":"cd4ru2w58pou5","chunk_label":"unnamed-chunk-1"},{"row":1652,"row_count":1,"visible":true,"expansion_state":0,"options":{"engine":"r","label":"unnamed-chunk-19","title":"ACP 4 Ejes 6-3","echo":false,"dev":"png"},"document_id":"43F3CBC2","chunk_id":"ccobbzt44pjrz","chunk_label":"individuos61 ACP4"},{"row":780,"row_count":1,"visible":true,"expansion_state":0,"options":{"engine":"r","label":"unnamed-chunk-60","echo":false,"dev":"png"},"document_id":"5207B184","chunk_id":"cpl0a45bbna5a","chunk_label":"unnamed-chunk-26"},{"row":962,"row_count":1,"visible":true,"expansion_state":0,"options":{"engine":"r","label":"unnamed-chunk-65","echo":false,"dev":"png"},"document_id":"5207B184","chunk_id":"cg4y23upmxsjx","chunk_label":"unnamed-chunk-41"},{"row":1061,"row_count":1,"visible":true,"expansion_state":0,"options":{"engine":"r","label":"unnamed-chunk-74","echo":false,"dev":"png"},"document_id":"5207B184","chunk_id":"ca4eyc878clwf","chunk_label":"unnamed-chunk-50"},{"row":1139,"row_count":1,"visible":true,"expansion_state":0,"options":{"engine":"r","label":"unnamed-chunk-73","echo":false,"dev":"png"},"document_id":"5207B184","chunk_id":"cq7unf9cdi7yu","chunk_label":"unnamed-chunk-56"},{"row":1505,"row_count":1,"visible":true,"expansion_state":0,"options":{"engine":"r","label":"varianza ACP3","echo":false,"dev":"png"},"document_id":"43F3CBC2","chunk_id":"czzdzpg52vq4s","chunk_label":"Valores propios3"},{"row":197,"row_count":1,"visible":true,"expansion_state":0,"options":{"engine":"r","label":"Valores propios","echo":false,"dev":"png"},"document_id":"43F3CBC2","chunk_id":"cyjmjyblnf7gy","chunk_label":"Valores propios"},{"row":1373,"row_count":1,"visible":true,"expansion_state":0,"options":{"engine":"r","label":"unnamed-chunk-11","title":"ACP2 Ejes 1-2","echo":false,"dev":"png"},"document_id":"43F3CBC2","chunk_id":"cllsf775ch3co","chunk_label":"unnamed-chunk-67"},{"row":1532,"row_count":1,"visible":true,"expansion_state":0,"options":{"engine":"r","label":"unnamed-chunk-18","title":"ACP3 Ejes 1-2","echo":false,"dev":"png"},"document_id":"43F3CBC2","chunk_id":"cvwgwgjvd97q1","chunk_label":"unnamed-chunk-71"},{"row":1617,"row_count":1,"visible":true,"expansion_state":0,"options":{"engine":"r","label":"unnamed-chunk-19","title":"ACP4 Ejes 6-1","echo":false,"dev":"png"},"document_id":"43F3CBC2","chunk_id":"cgnf7f64gf3k8","chunk_label":"unnamed-chunk-74"},{"row":798,"row_count":1,"visible":true,"expansion_state":0,"options":{"engine":"r","label":"unnamed-chunk-61","echo":false,"dev":"png"},"document_id":"43F3CBC2","chunk_id":"c77cgfctlkmrw","chunk_label":"unnamed-chunk-28"},{"row":1079,"row_count":1,"visible":true,"expansion_state":0,"options":{"engine":"r","label":"unnamed-chunk-75","echo":false,"dev":"png"},"document_id":"5207B184","chunk_id":"cp8u5q6rn7nmw","chunk_label":"unnamed-chunk-52"},{"row":1157,"row_count":1,"visible":true,"expansion_state":0,"options":{"engine":"r","label":"unnamed-chunk-76","echo":false,"dev":"png"},"document_id":"5207B184","chunk_id":"c85n26jk35o6a","chunk_label":"unnamed-chunk-58"}],"doc_write_time":1725845144}