{"chunk_definitions":[{"row":62,"row_count":1,"visible":true,"expansion_state":0,"options":{"engine":"r","label":"Seleccion-variables","echo":false,"warning":false,"output":false,"dev":"png"},"document_id":"AC3EADBB","chunk_id":"ck2rj51aq9cm0","chunk_label":"Seleccion-variables"},{"row":106,"row_count":1,"visible":true,"expansion_state":0,"options":{"engine":"r","label":"Correlaciones","title":"Correlaciones","echo":false,"warning":false,"dev":"png"},"document_id":"AC3EADBB","chunk_id":"cq52a68hybx5q","chunk_label":"Correlaciones"},{"row":145,"row_count":1,"visible":true,"expansion_state":0,"options":{"engine":"r","label":"unnamed-chunk-4","title":"ACP de las variables cuantitativas","echo":true,"output":true,"dev":"png"},"document_id":"AC3EADBB","chunk_id":"cd4ru2w58pou5","chunk_label":"unnamed-chunk-1"}],"doc_write_time":1722877483}