{"chunk_definitions":[{"row":36,"row_count":1,"visible":true,"expansion_state":0,"options":{"engine":"r","label":"carga-librerias","message":false,"echo":true,"output":false,"dev":"png"},"document_id":"B24F0586","chunk_id":"cofwuahcer59p","chunk_label":"carga-librerias"},{"row":70,"row_count":1,"visible":true,"expansion_state":0,"options":{"engine":"r","code-fold":"show","label":"Selección1","dev":"png"},"document_id":"B24F0586","chunk_id":"ckuv46xmdtwoq","chunk_label":"Selección1"},{"row":77,"row_count":1,"visible":true,"expansion_state":0,"options":{"engine":"r","label":"unnamed-chunk-11","dev":"png"},"document_id":"B24F0586","chunk_id":"ct4mb09dyrti0","chunk_label":"unnamed-chunk-1"},{"row":95,"row_count":1,"visible":true,"expansion_state":0,"options":{"engine":"r","label":"unnamed-chunk-18","fig.cap":null,"fig.align":"center","fig.width":5,"fig.height":5.5,"dev":"png"},"document_id":"B24F0586","chunk_id":"cx5h36q1ny8nf","chunk_label":"unnamed-chunk-3"},{"row":106,"row_count":1,"visible":true,"expansion_state":0,"options":{"engine":"r","label":"unnamed-chunk-19","dev":"png"},"document_id":"B24F0586","chunk_id":"cmdwmnxsojwae","chunk_label":"unnamed-chunk-5"},{"row":116,"row_count":1,"visible":true,"expansion_state":0,"options":{"engine":"r","label":"unnamed-chunk-21","dev":"png"},"document_id":"B24F0586","chunk_id":"c37gbj6tkhixa","chunk_label":"unnamed-chunk-6"}],"doc_write_time":1726501888,"chunk_rendered_width":449}