[{"name":"jquery","version":"3.6.0","src":{"file":"C:\/Users\/Juan Pablo\/AppData\/Local\/R\/win-library\/4.3\/jquerylib\/lib\/3.6.0"},"meta":null,"script":"jquery-3.6.0.min.js","stylesheet":null,"head":null,"attachment":null,"all_files":true},{"name":"bootstrap","version":"3.3.5","src":{"file":"C:\/Users\/Juan Pablo\/AppData\/Local\/R\/win-library\/4.3\/rmarkdown\/rmd\/h\/bootstrap"},"meta":{"viewport":"width=device-width, initial-scale=1"},"script":["js\/bootstrap.min.js","shim\/html5shiv.min.js","shim\/respond.min.js"],"stylesheet":"css\/cosmo.min.css","head":"<style>h1 {font-size: 34px;}\u000A       h1.title {font-size: 38px;}\u000A       h2 {font-size: 30px;}\u000A       h3 {font-size: 24px;}\u000A       h4 {font-size: 18px;}\u000A       h5 {font-size: 16px;}\u000A       h6 {font-size: 12px;}\u000A       code {color: inherit; background-color: rgba(0, 0, 0, 0.04);}\u000A       pre:not([class]) { background-color: white }<\/style>","attachment":null,"package":null,"all_files":true},{"name":"kePrint","version":"0.0.1","src":{"file":"C:\/Users\/Juan Pablo\/AppData\/Local\/R\/win-library\/4.3\/kableExtra\/kePrint-0.0.1"},"meta":null,"script":"kePrint.js","stylesheet":null,"head":null,"attachment":null,"package":null,"all_files":true},{"name":"lightable","version":"0.0.1","src":{"file":"C:\/Users\/Juan Pablo\/AppData\/Local\/R\/win-library\/4.3\/kableExtra\/lightable-0.0.1"},"meta":null,"script":null,"stylesheet":"lightable.css","head":null,"attachment":null,"package":null,"all_files":true}]
