{"chunk_definitions":[{"row":122,"row_count":1,"visible":true,"expansion_state":0,"options":{"engine":"r","label":"unnamed-chunk-54","code-fold":"show","dev":"png"},"document_id":"2D61489A","chunk_id":"c5wo4t5qsvuu3","chunk_label":"unnamed-chunk-3"},{"row":501,"row_count":1,"visible":true,"expansion_state":0,"options":{"engine":"r","label":"unnamed-chunk-53","code-fold":"show","dev":"png"},"document_id":"2D61489A","chunk_id":"c493v4i3byxz3","chunk_label":"unnamed-chunk-23"}],"doc_write_time":1725287089}