{
  "hash": "477fae3ec6c89bbc2ae5f9f1651ddd08",
  "result": {
    "engine": "knitr",
    "markdown": "---\ntitle: \"Análisis Descriptivo de la Población Privada de la Libertad 2021\"\n---\n\n\nThis is a Quarto website.\n\nTo learn more about Quarto websites visit <https://quarto.org/docs/websites>.\n## Introducción.\n\nQuarto enables you to weave together content and executable code into a finished document. To learn more about Quarto see <https://quarto.org>.\n\n## Objetivos.\n\nWhen you click the **Render** button a document will be generated that includes both content and the output of embedded code. You can embed code like this:\n\n## Descripción de los datos.\n\n\n::: {.cell}\n\n```{.r .cell-code}\nlibrary(readr)\nTabla6<- read_csv(\"Encuesta Carceles INEGI 2021/bd_enpol_2021_csv/ENPOL2021_6.csv\")\n```\n\n::: {.cell-output .cell-output-stderr}\n\n```\nNew names:\n• `` -> `...1`\n```\n\n\n:::\n\n::: {.cell-output .cell-output-stderr}\n\n```\nWarning: One or more parsing issues, call `problems()` on your data frame for details,\ne.g.:\n  dat <- vroom(...)\n  problems(dat)\n```\n\n\n:::\n\n::: {.cell-output .cell-output-stderr}\n\n```\nRows: 61449 Columns: 128\n── Column specification ────────────────────────────────────────────────────────\nDelimiter: \",\"\nchr  (10): ID_PER, CVE_ENT, NOM_ENT, CEN_INT, NOM_INT, COD_RES, P6_1, P6_16,...\ndbl (105): ...1, SEXO, FUERO, P6_2, P6_3, P6_4_1, P6_4_2, P6_4_2A, P6_4_3, P...\nlgl  (13): P6_17_2, P6_18_2, P6_17_3, P6_18_3, P6_17_4, P6_18_4, P6_17_5, P6...\n\nℹ Use `spec()` to retrieve the full column specification for this data.\nℹ Specify the column types or set `show_col_types = FALSE` to quiet this message.\n```\n\n\n:::\n:::\n\n\nYou can add options to executable code like this\n\n\n::: {.cell}\n::: {.cell-output .cell-output-stdout}\n\n```\n[1] 4\n```\n\n\n:::\n:::\n\n\nThe `echo: false` option disables the printing of code (only output is displayed).\n\n## Referencias.\n\n## Recodificación de variables.\n\n## Análisis univariado de las variables.\n",
    "supporting": [],
    "filters": [
      "rmarkdown/pagebreak.lua"
    ],
    "includes": {},
    "engineDependencies": {},
    "preserve": {},
    "postProcess": true
  }
}