{"chunk_definitions":[{"row":36,"row_count":1,"visible":true,"expansion_state":0,"options":{"engine":"r","label":"carga-librerias","message":false,"echo":true,"output":false,"dev":"png"},"document_id":"B24F0586","chunk_id":"cofwuahcer59p","chunk_label":"carga-librerias"},{"row":70,"row_count":1,"visible":true,"expansion_state":0,"options":{"engine":"r","code-fold":"show","label":"Selección1","dev":"png"},"document_id":"B24F0586","chunk_id":"ckuv46xmdtwoq","chunk_label":"Selección1"},{"row":97,"row_count":1,"visible":true,"expansion_state":0,"options":{"engine":"r","label":"unnamed-chunk-5","eval":false,"code-fold":"show","dev":"png"},"document_id":"B24F0586","chunk_id":"ckz5cyl1qrvg5","chunk_label":"unnamed-chunk-1"},{"row":110,"row_count":1,"visible":true,"expansion_state":0,"options":{"engine":"r","label":"unnamed-chunk-20","fig.cap":null,"fig.align":"center","fig.width":5,"fig.height":5.5,"dev":"png"},"document_id":"B24F0586","chunk_id":"ckyue1qca1ncb","chunk_label":"unnamed-chunk-2"}],"doc_write_time":1726458075}