"0","#| label: ACM Delictivas"
"0","#| message: false"
"0","#| echo: false"
"0","#| output: false"
"0",""
"0",""
"0","Var_cuali_deli<-c("
"0","  ""SENTENCIADO_ANTES"","
"0","  ""MOTIVO_DETENCION"" ,"
"0","  ""TIEMPO_DEL_DET"","
"0"," ""INTENTO_SOBORNO"","
"0"," ""DECLARACION_CULPABLE"","
"0"," ""INTENTO_SOBORNO_JUICIO"","
"0"," ""CATEGORIAS_TIEMPO_RECLUIDO"","
"0"," ""CATEGORIAS_TIEMPO_PROCESO"","
"0"," ""DELITOS_ABIERTOS"""
"0",")"
"0",""
"0","DatosCualiDeli<-Tabla1[,Var_cuali_deli]"
"0","acmDeli <- MCA(DatosCualiDeli, graph=FALSE,level.ventil = 0.01,quanti.sup = 9)"
