[{"name":"htmlwidgets","version":"1.6.4","src":{"file":"www"},"meta":null,"script":"htmlwidgets.js","stylesheet":null,"head":null,"attachment":null,"package":"htmlwidgets","all_files":true},{"name":"datatables-css","version":"0.0.0","src":{"file":"htmlwidgets\/css"},"meta":null,"script":null,"stylesheet":"datatables-crosstalk.css","head":null,"attachment":null,"package":"DT","all_files":true},{"name":"datatables-binding","version":"0.33","src":{"file":"htmlwidgets"},"meta":null,"script":"datatables.js","stylesheet":null,"head":null,"attachment":null,"package":"DT","all_files":false},{"name":"jquery","version":"3.6.0","src":{"file":"lib\/3.6.0"},"meta":null,"script":"jquery-3.6.0.min.js","stylesheet":null,"head":null,"attachment":null,"package":"jquerylib","all_files":true},{"name":"dt-core","version":"1.13.6","src":{"file":"C:\/Users\/Juan Pablo\/AppData\/Local\/R\/win-library\/4.3\/DT\/htmlwidgets\/lib\/datatables"},"meta":null,"script":"js\/jquery.dataTables.min.js","stylesheet":["css\/jquery.dataTables.min.css","css\/jquery.dataTables.extra.css"],"head":null,"attachment":null,"package":null,"all_files":false},{"name":"jquery","version":"3.5.1","src":{"file":"lib\/jquery"},"meta":null,"script":"jquery.min.js","stylesheet":null,"head":null,"attachment":null,"package":"crosstalk","all_files":true},{"name":"crosstalk","version":"1.2.1","src":{"file":"www"},"meta":null,"script":"js\/crosstalk.min.js","stylesheet":"css\/crosstalk.min.css","head":null,"attachment":null,"package":"crosstalk","all_files":true}]
