{"chunk_definitions":[{"row":36,"row_count":1,"visible":true,"expansion_state":0,"options":{"engine":"r","label":"carga-librerias","message":false,"echo":true,"output":false,"dev":"png"},"document_id":"B24F0586","chunk_id":"cofwuahcer59p","chunk_label":"carga-librerias"},{"row":70,"row_count":1,"visible":true,"expansion_state":0,"options":{"engine":"r","code-fold":"show","label":"Selección1","dev":"png"},"document_id":"B24F0586","chunk_id":"ckuv46xmdtwoq","chunk_label":"Selección1"},{"row":77,"row_count":1,"visible":true,"expansion_state":0,"options":{"engine":"r","label":"unnamed-chunk-3","dev":"png"},"document_id":"B24F0586","chunk_id":"ct4mb09dyrti0","chunk_label":"unnamed-chunk-1"},{"row":82,"row_count":1,"visible":true,"expansion_state":0,"options":{"engine":"r","label":"unnamed-chunk-4","dev":"png"},"document_id":"B24F0586","chunk_id":"c6lsqln49js9x","chunk_label":"unnamed-chunk-2"},{"row":95,"row_count":1,"visible":true,"expansion_state":0,"options":{"engine":"r","label":"unnamed-chunk-5","fig.cap":null,"fig.align":"center","fig.width":5,"fig.height":5.5,"dev":"png"},"document_id":"B24F0586","chunk_id":"cx5h36q1ny8nf","chunk_label":"unnamed-chunk-3"},{"row":101,"row_count":1,"visible":true,"expansion_state":0,"options":{"engine":"r","label":"unnamed-chunk-6","dev":"png"},"document_id":"B24F0586","chunk_id":"cjpk4u5u7te9w","chunk_label":"unnamed-chunk-4"},{"row":106,"row_count":1,"visible":true,"expansion_state":0,"options":{"engine":"r","label":"unnamed-chunk-7","dev":"png"},"document_id":"B24F0586","chunk_id":"cmdwmnxsojwae","chunk_label":"unnamed-chunk-5"},{"row":114,"row_count":1,"visible":true,"expansion_state":0,"options":{"engine":"r","label":"unnamed-chunk-8","dev":"png"},"document_id":"B24F0586","chunk_id":"c37gbj6tkhixa","chunk_label":"unnamed-chunk-6"},{"row":119,"row_count":1,"visible":true,"expansion_state":0,"options":{"engine":"r","label":"unnamed-chunk-9","dev":"png"},"document_id":"B24F0586","chunk_id":"cjfv1mq0btmsm","chunk_label":"unnamed-chunk-7"},{"row":127,"row_count":1,"visible":true,"expansion_state":0,"options":{"engine":"r","label":"unnamed-chunk-11","dev":"png"},"document_id":"B24F0586","chunk_id":"cyd3xz55r6htg","chunk_label":"unnamed-chunk-8"},{"row":155,"row_count":1,"visible":true,"expansion_state":0,"options":{"engine":"r","label":"unnamed-chunk-10","eval":false,"code-fold":"show","dev":"png"},"document_id":"B24F0586","chunk_id":"csotfldtfowk7","chunk_label":"unnamed-chunk-9"}],"doc_write_time":1726505505}