{"chunk_definitions":[{"row":42,"row_count":1,"visible":true,"expansion_state":0,"options":{"engine":"r","label":"carga-librerias","message":false,"echo":true,"output":false,"dev":"png"},"document_id":"ECD70C74","chunk_id":"cfthxxan8dkpa","chunk_label":"carga-librerias"},{"row":63,"row_count":1,"visible":true,"expansion_state":0,"options":{"engine":"r","label":"Seleccion-variables","echo":false,"warning":false,"output":false,"dev":"png"},"document_id":"ECD70C74","chunk_id":"cxeryhkyvu6c8","chunk_label":"Seleccion-variables"},{"row":129,"row_count":1,"visible":true,"expansion_state":0,"options":{"engine":"r","label":"Tabla-disyuntiva-completa1","echo":false,"warning":false,"output":false,"dev":"png"},"document_id":"ECD70C74","chunk_id":"cedy90l17g04d","chunk_label":"Tabla-disyuntiva-completa1"},{"row":141,"row_count":1,"visible":true,"expansion_state":0,"options":{"engine":"r","label":"Tabla-disyuntiva-completa-visualizacion","echo":false,"warning":false,"output":true,"dev":"png"},"document_id":"ECD70C74","chunk_id":"cr86mhmcjgc4h","chunk_label":"Tabla-disyuntiva-completa-visualizacion"},{"row":205,"row_count":1,"visible":true,"expansion_state":0,"options":{"engine":"r","label":"funcion-interactive","echo":false,"warning":false,"output":false,"dev":"png"},"document_id":"ECD70C74","chunk_id":"cjb38cb89rp7n","chunk_label":"funcion-interactive"},{"row":218,"row_count":1,"visible":true,"expansion_state":0,"options":{"engine":"r","label":"MCA1","echo":true,"output":false,"dev":"png"},"document_id":"ECD70C74","chunk_id":"comtnb5io2kd4","chunk_label":"MCA1"},{"row":256,"row_count":1,"visible":true,"expansion_state":0,"options":{"engine":"r","label":"screeplot1","echo":false,"output":true,"dev":"png"},"document_id":"ECD70C74","chunk_id":"c7cyd8zm9hb33","chunk_label":"screeplot1"},{"row":273,"row_count":1,"visible":true,"expansion_state":0,"options":{"engine":"r","label":"contribacm1","echo":false,"output":true,"dev":"png"},"document_id":"ECD70C74","chunk_id":"cdh17y60c4e1z","chunk_label":"contribacm1"},{"row":289,"row_count":1,"visible":true,"expansion_state":0,"options":{"engine":"r","label":"contribacm2","echo":false,"output":true,"dev":"png"},"document_id":"ECD70C74","chunk_id":"cp60e65twr7ol","chunk_label":"contribacm2"},{"row":306,"row_count":1,"visible":true,"expansion_state":0,"options":{"engine":"r","label":"contribacm3","echo":false,"output":true,"dev":"png"},"document_id":"ECD70C74","chunk_id":"c3nahfqtnfykb","chunk_label":"contribacm3"},{"row":323,"row_count":1,"visible":true,"expansion_state":0,"options":{"engine":"r","label":"contribacm4","echo":false,"output":true,"dev":"png"},"document_id":"ECD70C74","chunk_id":"cqjgvwjoc9ybg","chunk_label":"contribacm4"},{"row":351,"row_count":1,"visible":true,"expansion_state":0,"options":{"engine":"r","label":"unnamed-chunk-92","echo":false,"fig.cap":null,"fig.align":"center","fig.width":5.5,"fig.height":5,"dev":"png"},"document_id":"ECD70C74","chunk_id":"cypag43g23o3s","chunk_label":"unnamed-chunk-1"},{"row":366,"row_count":1,"visible":true,"expansion_state":0,"options":{"engine":"r","label":"unnamed-chunk-93","echo":false,"fig.cap":null,"fig.align":"center","fig.width":5.5,"fig.height":5,"dev":"png"},"document_id":"ECD70C74","chunk_id":"cykpby5z7auf2","chunk_label":"unnamed-chunk-2"},{"row":380,"row_count":1,"visible":true,"expansion_state":0,"options":{"engine":"r","label":"unnamed-chunk-94","echo":false,"fig.cap":null,"fig.align":"center","fig.width":5.5,"fig.height":5,"dev":"png"},"document_id":"ECD70C74","chunk_id":"cuc3aig1ylkqj","chunk_label":"unnamed-chunk-3"},{"row":395,"row_count":1,"visible":true,"expansion_state":0,"options":{"engine":"r","label":"unnamed-chunk-95","echo":false,"fig.cap":null,"fig.align":"center","fig.width":5.5,"fig.height":5,"dev":"png"},"document_id":"ECD70C74","chunk_id":"c5apxsqdrkh71","chunk_label":"unnamed-chunk-4"},{"row":410,"row_count":1,"visible":true,"expansion_state":0,"options":{"engine":"r","label":"unnamed-chunk-96","echo":false,"fig.cap":null,"fig.align":"center","fig.width":5.5,"fig.height":5,"dev":"png"},"document_id":"ECD70C74","chunk_id":"ckegs7t9labpu","chunk_label":"unnamed-chunk-5"},{"row":425,"row_count":1,"visible":true,"expansion_state":0,"options":{"engine":"r","label":"unnamed-chunk-97","echo":false,"fig.cap":null,"fig.align":"center","fig.width":5.5,"fig.height":5,"dev":"png"},"document_id":"ECD70C74","chunk_id":"cfmv9y2v664hm","chunk_label":"unnamed-chunk-6"},{"row":450,"row_count":1,"visible":true,"expansion_state":0,"options":{"engine":"r","label":"unnamed-chunk-98","echo":false,"fig.cap":null,"fig.align":"center","fig.width":5.5,"fig.height":5,"dev":"png"},"document_id":"ECD70C74","chunk_id":"cf837slgtw09n","chunk_label":"unnamed-chunk-7"},{"row":464,"row_count":1,"visible":true,"expansion_state":0,"options":{"engine":"r","label":"unnamed-chunk-30","echo":false,"fig.cap":null,"fig.align":"center","fig.width":5.5,"fig.height":5,"dev":"png"},"document_id":"ECD70C74","chunk_id":"ctbhehgtyxozz","chunk_label":"unnamed-chunk-8"},{"row":478,"row_count":1,"visible":true,"expansion_state":0,"options":{"engine":"r","label":"unnamed-chunk-51","echo":false,"fig.cap":null,"fig.align":"center","fig.width":5.5,"fig.height":5,"dev":"png"},"document_id":"ECD70C74","chunk_id":"c9a73x5fi8szn","chunk_label":"unnamed-chunk-9"},{"row":520,"row_count":1,"visible":true,"expansion_state":0,"options":{"engine":"r","label":"contribucion-correlacion","echo":false,"warning":false,"output":true,"dev":"png"},"document_id":"ECD70C74","chunk_id":"cm5ltrt4byfc7","chunk_label":"contribucion-correlacion"},{"row":547,"row_count":1,"visible":true,"expansion_state":0,"options":{"engine":"r","label":"contribucion-correlacion2","echo":false,"warning":false,"output":true,"dev":"png"},"document_id":"ECD70C74","chunk_id":"czw7514ya2x17","chunk_label":"contribucion-correlacion2"},{"row":571,"row_count":1,"visible":true,"expansion_state":0,"options":{"engine":"r","label":"contribucion-correlacion3","echo":false,"warning":false,"output":true,"dev":"png"},"document_id":"ECD70C74","chunk_id":"cfp8379cgie7n","chunk_label":"contribucion-correlacion3"},{"row":612,"row_count":1,"visible":true,"expansion_state":0,"options":{"engine":"r","label":"screeplot1_ventil","echo":false,"output":true,"dev":"png"},"document_id":"ECD70C74","chunk_id":"ckiem01pgiqug","chunk_label":"screeplot1_ventil"},{"row":627,"row_count":1,"visible":true,"expansion_state":0,"options":{"engine":"r","label":"contribacm1_ventil","echo":false,"output":true,"dev":"png"},"document_id":"ECD70C74","chunk_id":"cqrec2r80ym3k","chunk_label":"contribacm1_ventil"},{"row":642,"row_count":1,"visible":true,"expansion_state":0,"options":{"engine":"r","label":"contribacm2_ventil","echo":false,"output":true,"dev":"png"},"document_id":"ECD70C74","chunk_id":"ckfvuyiznwmzg","chunk_label":"contribacm2_ventil"},{"row":660,"row_count":1,"visible":true,"expansion_state":0,"options":{"engine":"r","label":"contribacm3-ventil","echo":false,"output":true,"dev":"png"},"document_id":"ECD70C74","chunk_id":"cvgvmv9y6sjgv","chunk_label":"contribacm3-ventil"},{"row":677,"row_count":1,"visible":true,"expansion_state":0,"options":{"engine":"r","label":"contribacm4","echo":false,"output":true,"dev":"png"},"document_id":"ECD70C74","chunk_id":"chlxwa8nja6j3","chunk_label":"contribacm4_ventil"},{"row":700,"row_count":1,"visible":true,"expansion_state":0,"options":{"engine":"r","label":"unnamed-chunk-123","echo":false,"fig.cap":null,"fig.align":"center","fig.width":5.5,"fig.height":5,"dev":"png"},"document_id":"ECD70C74","chunk_id":"cpn63458thoo1","chunk_label":"unnamed-chunk-10"},{"row":713,"row_count":1,"visible":true,"expansion_state":0,"options":{"engine":"r","label":"unnamed-chunk-111","echo":false,"fig.cap":null,"fig.align":"center","fig.width":5.5,"fig.height":5,"dev":"png"},"document_id":"ECD70C74","chunk_id":"c7fb18u3tmbl2","chunk_label":"unnamed-chunk-11"},{"row":724,"row_count":1,"visible":true,"expansion_state":0,"options":{"engine":"r","label":"unnamed-chunk-124","echo":false,"fig.cap":null,"fig.align":"center","fig.width":5.5,"fig.height":5,"dev":"png"},"document_id":"ECD70C74","chunk_id":"c5pg64tgny4og","chunk_label":"unnamed-chunk-12"},{"row":743,"row_count":1,"visible":true,"expansion_state":0,"options":{"engine":"r","label":"unnamed-chunk-125","echo":false,"fig.cap":null,"fig.align":"center","fig.width":5.5,"fig.height":5,"dev":"png"},"document_id":"ECD70C74","chunk_id":"cc6lkz2fjv2hb","chunk_label":"unnamed-chunk-13"},{"row":762,"row_count":1,"visible":true,"expansion_state":0,"options":{"engine":"r","label":"unnamed-chunk-136","echo":false,"fig.cap":null,"fig.align":"center","fig.width":5.5,"fig.height":5,"dev":"png"},"document_id":"ECD70C74","chunk_id":"ce8az38fjoxw3","chunk_label":"unnamed-chunk-14"},{"row":774,"row_count":1,"visible":true,"expansion_state":0,"options":{"engine":"r","label":"unnamed-chunk-128","echo":false,"fig.cap":null,"fig.align":"center","fig.width":5.5,"fig.height":5,"dev":"png"},"document_id":"ECD70C74","chunk_id":"c9hts9rcfb7es","chunk_label":"unnamed-chunk-15"},{"row":786,"row_count":1,"visible":true,"expansion_state":0,"options":{"engine":"r","label":"unnamed-chunk-146","echo":false,"fig.cap":null,"fig.align":"center","fig.width":5.5,"fig.height":5,"dev":"png"},"document_id":"ECD70C74","chunk_id":"c5u0g2h1wim6m","chunk_label":"unnamed-chunk-16"},{"row":819,"row_count":1,"visible":true,"expansion_state":0,"options":{"engine":"r","label":"contribucion-correlacion-ventil","echo":false,"warning":false,"output":true,"dev":"png"},"document_id":"ECD70C74","chunk_id":"cce1rp0apboq7","chunk_label":"contribucion-correlacion-ventil"},{"row":845,"row_count":1,"visible":true,"expansion_state":0,"options":{"engine":"r","label":"contribucion-correlacion2-ventil","echo":false,"warning":false,"output":true,"dev":"png"},"document_id":"ECD70C74","chunk_id":"cysgqzqx4abn0","chunk_label":"contribucion-correlacion2-ventil"},{"row":869,"row_count":1,"visible":true,"expansion_state":0,"options":{"engine":"r","label":"contribucion-correlacion3_ventil","echo":false,"warning":false,"output":true,"dev":"png"},"document_id":"ECD70C74","chunk_id":"cian8wopc209t","chunk_label":"contribucion-correlacion3_ventil"},{"row":924,"row_count":1,"visible":true,"expansion_state":0,"options":{"engine":"r","label":"ACM Sociodemográficas","message":false,"echo":false,"output":false,"dev":"png"},"document_id":"ECD70C74","chunk_id":"cmes9sx7oz4us","chunk_label":"ACM Sociodemográficas"},{"row":1015,"row_count":1,"visible":true,"expansion_state":0,"options":{"engine":"r","label":"ACM Economicas","message":false,"echo":false,"output":false,"dev":"png"},"document_id":"ECD70C74","chunk_id":"cqwn11r7a9e2e","chunk_label":"ACM Economicas"},{"row":1055,"row_count":1,"visible":true,"expansion_state":0,"options":{"engine":"r","label":"unnamed-chunk-92","echo":false,"dev":"png"},"document_id":"ECD70C74","chunk_id":"c6r8sldwhaexn","chunk_label":"unnamed-chunk-20"},{"row":1069,"row_count":1,"visible":true,"expansion_state":0,"options":{"engine":"r","label":"contribacm1Eco","echo":false,"output":true,"dev":"png"},"document_id":"ECD70C74","chunk_id":"cpmoz1hazvvys","chunk_label":"contribacm1Eco"},{"row":1083,"row_count":1,"visible":true,"expansion_state":0,"options":{"engine":"r","label":"contribacm2 Eco","echo":false,"output":true,"dev":"png"},"document_id":"ECD70C74","chunk_id":"c6lv1nixcbi2z","chunk_label":"contribacm2 Eco"},{"row":1106,"row_count":1,"visible":true,"expansion_state":0,"options":{"engine":"r","label":"ACM Delictivas","message":false,"echo":false,"output":false,"dev":"png"},"document_id":"ECD70C74","chunk_id":"c3tqll1qjebmr","chunk_label":"ACM Delictivas"},{"row":1116,"row_count":1,"visible":true,"expansion_state":0,"options":{"engine":"r","label":"unnamed-chunk-88","echo":false,"fig.cap":null,"fig.align":"center","fig.width":5.5,"fig.height":5,"dev":"png"},"document_id":"ECD70C74","chunk_id":"c4v6350kc2suw","chunk_label":"unnamed-chunk-21"},{"row":1144,"row_count":1,"visible":true,"expansion_state":0,"options":{"engine":"r","label":"unnamed-chunk-85","echo":false,"dev":"png"},"document_id":"ECD70C74","chunk_id":"cxvokh9kg0w9p","chunk_label":"unnamed-chunk-22"},{"row":1158,"row_count":1,"visible":true,"expansion_state":0,"options":{"engine":"r","label":"contribacm1SDeli","echo":false,"output":true,"dev":"png"},"document_id":"ECD70C74","chunk_id":"ccczsvpfljcfh","chunk_label":"contribacm1SDeli"},{"row":1172,"row_count":1,"visible":true,"expansion_state":0,"options":{"engine":"r","label":"contribacm2 deli","echo":false,"output":true,"dev":"png"},"document_id":"ECD70C74","chunk_id":"coa5tp0ebvvpm","chunk_label":"contribacm2 deli"},{"row":1210,"row_count":1,"visible":true,"expansion_state":0,"options":{"engine":"r","label":"ACM Intra carcelaria","message":false,"echo":false,"output":false,"dev":"png"},"document_id":"ECD70C74","chunk_id":"ce7ytgboglokn","chunk_label":"ACM Intra carcelaria"},{"row":1220,"row_count":1,"visible":true,"expansion_state":0,"options":{"engine":"r","label":"unnamed-chunk-135","echo":false,"fig.cap":null,"fig.align":"center","fig.width":5.5,"fig.height":5,"dev":"png"},"document_id":"ECD70C74","chunk_id":"chokcjyqwjqyd","chunk_label":"unnamed-chunk-23"},{"row":1248,"row_count":1,"visible":true,"expansion_state":0,"options":{"engine":"r","label":"unnamed-chunk-81","echo":false,"dev":"png"},"document_id":"ECD70C74","chunk_id":"cy5z1ft0wccri","chunk_label":"unnamed-chunk-24"},{"row":1261,"row_count":1,"visible":true,"expansion_state":0,"options":{"engine":"r","label":"contribacm1 Intra","echo":false,"output":true,"dev":"png"},"document_id":"ECD70C74","chunk_id":"cdxiao3xr9a6s","chunk_label":"contribacm1 Intra"},{"row":1275,"row_count":1,"visible":true,"expansion_state":0,"options":{"engine":"r","label":"contribacm2 Intra","echo":false,"output":true,"dev":"png"},"document_id":"ECD70C74","chunk_id":"c436rb611eayt","chunk_label":"contribacm2 Intra"},{"row":1299,"row_count":1,"visible":true,"expansion_state":0,"options":{"engine":"r","label":"ACM Expectativas","message":false,"echo":false,"output":false,"dev":"png"},"document_id":"ECD70C74","chunk_id":"c04cauwztgp1e","chunk_label":"ACM Expectativas"},{"row":1314,"row_count":1,"visible":true,"expansion_state":0,"options":{"engine":"r","label":"unnamed-chunk-76","echo":false,"fig.cap":null,"fig.align":"center","fig.width":5.5,"fig.height":5,"dev":"png"},"document_id":"ECD70C74","chunk_id":"cxpa0hxlxfb36","chunk_label":"unnamed-chunk-25"},{"row":1374,"row_count":1,"visible":true,"expansion_state":0,"options":{"engine":"r","label":"contribacm2 Sali","echo":false,"output":true,"dev":"png"},"document_id":"ECD70C74","chunk_id":"c2sqlw3tzzbiw","chunk_label":"contribacm2 Sali"}],"doc_write_time":1725852060,"chunk_rendered_width":445}