{"chunk_definitions":[{"row":459,"row_count":1,"visible":true,"expansion_state":0,"options":{"engine":"r","label":"unnamed-chunk-31","fig.cap":null,"fig.align":"center","fig.width":5.5,"fig.height":3.5,"dev":"png"},"document_id":"2D61489A","chunk_id":"cx1uc0qiqvqku","chunk_label":"unnamed-chunk-21"},{"row":484,"row_count":1,"visible":true,"expansion_state":0,"options":{"engine":"r","label":"unnamed-chunk-32","fig.cap":null,"fig.align":"center","fig.width":5.5,"fig.height":3.5,"dev":"png"},"document_id":"2D61489A","chunk_id":"cpwhjn0a9nqvx","chunk_label":"unnamed-chunk-22"}],"doc_write_time":1725287089,"chunk_rendered_width":564}