{"chunk_definitions":[{"row":43,"row_count":1,"visible":true,"expansion_state":0,"options":{"engine":"r","label":"carga-librerias","message":false,"code-fold":"show","output":false,"dev":"png"},"document_id":"B24F0586","chunk_id":"cofwuahcer59p","chunk_label":"carga-librerias"},{"row":84,"row_count":1,"visible":true,"expansion_state":0,"options":{"engine":"r","label":"Selección1","echo":false,"message":false,"warning":false,"output":true,"dev":"png"},"document_id":"B24F0586","chunk_id":"ckuv46xmdtwoq","chunk_label":"Selección1"},{"row":117,"row_count":1,"visible":true,"expansion_state":0,"options":{"engine":"r","code-fold":"show","label":"acmIntracarcelario","dev":"png"},"document_id":"B24F0586","chunk_id":"ct4mb09dyrti0","chunk_label":"acmIntracarcelario"},{"row":151,"row_count":1,"visible":true,"expansion_state":0,"options":{"engine":"r","label":"screeplotIntra","echo":false,"dev":"png"},"document_id":"B24F0586","chunk_id":"crhreadb1vq2t","chunk_label":"screeplotIntra"},{"row":162,"row_count":1,"visible":true,"expansion_state":0,"options":{"engine":"r","label":"Tabla-benzecriintra","echo":false,"warning":false,"output":true,"dev":"png"},"document_id":"B24F0586","chunk_id":"cn6gw0ohlan0l","chunk_label":"Tabla-benzecriintra"}],"doc_write_time":1726708785,"chunk_rendered_width":466}