{"chunk_definitions":[{"row":43,"row_count":1,"visible":true,"expansion_state":0,"options":{"engine":"r","label":"carga-librerias","message":false,"echo":true,"output":false,"dev":"png"},"document_id":"B24F0586","chunk_id":"cofwuahcer59p","chunk_label":"carga-librerias"},{"row":85,"row_count":1,"visible":true,"expansion_state":0,"options":{"engine":"r","label":"Selección1","echo":false,"message":false,"warning":false,"output":true,"dev":"png"},"document_id":"B24F0586","chunk_id":"ckuv46xmdtwoq","chunk_label":"Selección1"},{"row":119,"row_count":1,"visible":true,"expansion_state":0,"options":{"engine":"r","code-fold":"show","label":"acmIntracarcelario","dev":"png"},"document_id":"B24F0586","chunk_id":"ct4mb09dyrti0","chunk_label":"acmIntracarcelario"},{"row":154,"row_count":1,"visible":true,"expansion_state":0,"options":{"engine":"r","label":"screeplotIntra","echo":false,"dev":"png"},"document_id":"B24F0586","chunk_id":"crhreadb1vq2t","chunk_label":"screeplotIntra"},{"row":165,"row_count":1,"visible":true,"expansion_state":0,"options":{"engine":"r","label":"Tabla-benzecriintra","echo":false,"warning":false,"output":true,"dev":"png"},"document_id":"B24F0586","chunk_id":"cn6gw0ohlan0l","chunk_label":"Tabla-benzecriintra"},{"row":174,"row_count":1,"visible":true,"expansion_state":0,"options":{"engine":"r","label":"seleccionejes","code-fold":true,"dev":"png"},"document_id":"B24F0586","chunk_id":"cbsrgoxp846hw","chunk_label":"seleccionejes"},{"row":192,"row_count":1,"visible":true,"expansion_state":0,"options":{"engine":"r","label":"Preagrupamieto","code-fold":"show","fig.cap":null,"fig.align":"center","fig.width":5,"fig.height":5.5,"dev":"png"},"document_id":"B24F0586","chunk_id":"cx5h36q1ny8nf","chunk_label":"Preagrupamieto"},{"row":214,"row_count":1,"visible":true,"expansion_state":0,"options":{"engine":"r","label":"jerarquico","echo":false,"fig.cap":null,"fig.align":"center","fig.width":5,"fig.height":5.5,"dev":"png"},"document_id":"B24F0586","chunk_id":"c0wq3ik3lyzr3","chunk_label":"jerarquico"},{"row":231,"row_count":1,"visible":true,"expansion_state":0,"options":{"engine":"r","label":"numero-grupos","code-fold":"show","dev":"png"},"document_id":"B24F0586","chunk_id":"cjrsycjx2ekpv","chunk_label":"numero-grupos"},{"row":255,"row_count":1,"visible":true,"expansion_state":0,"options":{"engine":"r","label":"consolidacion","code-fold":true,"dev":"png"},"document_id":"B24F0586","chunk_id":"cc23o1n4fg4w8","chunk_label":"consolidacion"},{"row":271,"row_count":1,"visible":true,"expansion_state":0,"options":{"engine":"r","label":"AsignacionGrupos","echo":false,"dev":"png"},"document_id":"B24F0586","chunk_id":"c18bj0zwq8tk0","chunk_label":"AsignacionGrupos"},{"row":288,"row_count":1,"visible":true,"expansion_state":0,"options":{"engine":"r","label":"valuest grupo1","message":false,"echo":false,"warning":false,"output":true,"dev":"png"},"document_id":"B24F0586","chunk_id":"c87xioumafftn","chunk_label":"valuest grupo1"},{"row":306,"row_count":1,"visible":true,"expansion_state":0,"options":{"engine":"r","label":"valuest grupo2","message":false,"echo":false,"warning":false,"output":true,"dev":"png"},"document_id":"B24F0586","chunk_id":"c1zwtbah3h87r","chunk_label":"valuest grupo2"},{"row":327,"row_count":1,"visible":true,"expansion_state":0,"options":{"engine":"r","label":"valuest grupo3","message":false,"echo":false,"warning":false,"output":true,"dev":"png"},"document_id":"B24F0586","chunk_id":"cqmsf2c3anaac","chunk_label":"valuest grupo3"},{"row":357,"row_count":1,"visible":true,"expansion_state":0,"options":{"engine":"r","label":"graficoperfilessexo","echo":false,"dev":"png"},"document_id":"B24F0586","chunk_id":"c89hazzbvfo31","chunk_label":"graficoperfilessexo"},{"row":368,"row_count":1,"visible":true,"expansion_state":0,"options":{"engine":"r","label":"graficoperfilesagua","echo":false,"dev":"png"},"document_id":"B24F0586","chunk_id":"ciuih6bsydg29","chunk_label":"graficoperfilesagua"},{"row":380,"row_count":1,"visible":true,"expansion_state":0,"options":{"engine":"r","label":"graficoperfilescelda","echo":false,"dev":"png"},"document_id":"B24F0586","chunk_id":"crb0ccn5v2sfk","chunk_label":"graficoperfilescelda"},{"row":391,"row_count":1,"visible":true,"expansion_state":0,"options":{"engine":"r","label":"graficoperfilesEjercicio","echo":false,"dev":"png"},"document_id":"B24F0586","chunk_id":"ce8aguvclx3j1","chunk_label":"graficoperfilesEjercicio"},{"row":402,"row_count":1,"visible":true,"expansion_state":0,"options":{"engine":"r","label":"graficoperfilesVentanas","echo":false,"dev":"png"},"document_id":"B24F0586","chunk_id":"cl0opaelybk41","chunk_label":"graficoperfilesVentanas"},{"row":413,"row_count":1,"visible":true,"expansion_state":0,"options":{"engine":"r","label":"graficoperfilesTipoCarcel","echo":false,"dev":"png"},"document_id":"B24F0586","chunk_id":"cakpkder7r1lz","chunk_label":"graficoperfilesTipoCarcel"},{"row":424,"row_count":1,"visible":true,"expansion_state":0,"options":{"engine":"r","label":"graficoperfilesTiempoCarcel","echo":false,"dev":"png"},"document_id":"B24F0586","chunk_id":"cnyovrj6vruxd","chunk_label":"graficoperfilesTiempoCarcel"},{"row":449,"row_count":1,"visible":true,"expansion_state":0,"options":{"engine":"r","label":"plano1-2","echo":false,"output":true,"dev":"png"},"document_id":"B24F0586","chunk_id":"c24cnwmp2tsso","chunk_label":"plano1-2"},{"row":465,"row_count":1,"visible":true,"expansion_state":0,"options":{"engine":"r","label":"plano1-3","echo":false,"output":true,"dev":"png"},"document_id":"B24F0586","chunk_id":"ctsq6kveg1kfv","chunk_label":"plano1-3"},{"row":481,"row_count":1,"visible":true,"expansion_state":0,"options":{"engine":"r","label":"plano2-3","echo":false,"output":true,"dev":"png"},"document_id":"B24F0586","chunk_id":"c21rl82jowjfd","chunk_label":"plano2-3"}],"doc_write_time":1726608524,"chunk_rendered_width":449}