{"title":"Acerca de","markdown":{"yaml":{"title":"Acerca de"},"containsRefs":false,"markdown":"\n\n::: {.column width=\"100%\"}\nEste sitio consiste en el Trabajo final de la asignatura Estadística Descriptiva Multivariada de la Universidad Nacional de Colombia durante el primer semestre del año 2024. Los alumnos responsables de este trabajo son Juan Pablo Montaño y Laura.\n\n::: column-margin\nJuan Pablo ![Juan Pablo](images/FotoJP.jpg){width=\"45%\" fig-align=\"right\"}\n\nLaura ![Laura](images/Laura.jpg){width=\"45%\" fig-align=\"right\"}\n:::\n\nEs importante aclarar y recordar que toda la información y análisis presentado en este proyecto tienen únicamente un propósito académico y no deben ser interpretradas como recomendaciones o sugerencias de decisiones en políticas públicas o similares. También, los códigos y gráficos mostrados no tienen como objetivo perjudicar al Instituto Nacional de Estadística y Geografía (INEGI).\n\nFinalmente, recordamos que este estudio ha sido elaborado en base a los datos que están disponibles de forma pública en sitio web [inegi.org.mx](https://www.inegi.org.mx/programas/enpol/2021/#datos_abiertos). La información completa sobre el procesamiento de datos hecho por la entidad se encuentra disponible en el marco conceptual y diseño muestral de la encuesta, también disponibles para el público.\n:::\n\n::: {fig}\n![](images/LogoInegi.png){width=\"20%\" fig-align=\"left\"} \\_\\_\\_\\_\\_\\_\\_\\_\\_\\_\\_\\_\\_\\_\\_\\_\\_\\_\\_\\_\\_\\_\\_\\_\\_\\_\\_\\_\\_\\_\\_\\_\\_\\_\\_\\_\\_\\_\\_\\_\\_\\_\\_\\_\\_\\_\\_\\_\\_\\_\\_\\_\\_ ![](images/LogoUnal.png){width=\"20%\" fig-align=\"right\"}\n:::\n","srcMarkdownNoYaml":"\n\n::: {.column width=\"100%\"}\nEste sitio consiste en el Trabajo final de la asignatura Estadística Descriptiva Multivariada de la Universidad Nacional de Colombia durante el primer semestre del año 2024. Los alumnos responsables de este trabajo son Juan Pablo Montaño y Laura.\n\n::: column-margin\nJuan Pablo ![Juan Pablo](images/FotoJP.jpg){width=\"45%\" fig-align=\"right\"}\n\nLaura ![Laura](images/Laura.jpg){width=\"45%\" fig-align=\"right\"}\n:::\n\nEs importante aclarar y recordar que toda la información y análisis presentado en este proyecto tienen únicamente un propósito académico y no deben ser interpretradas como recomendaciones o sugerencias de decisiones en políticas públicas o similares. También, los códigos y gráficos mostrados no tienen como objetivo perjudicar al Instituto Nacional de Estadística y Geografía (INEGI).\n\nFinalmente, recordamos que este estudio ha sido elaborado en base a los datos que están disponibles de forma pública en sitio web [inegi.org.mx](https://www.inegi.org.mx/programas/enpol/2021/#datos_abiertos). La información completa sobre el procesamiento de datos hecho por la entidad se encuentra disponible en el marco conceptual y diseño muestral de la encuesta, también disponibles para el público.\n:::\n\n::: {fig}\n![](images/LogoInegi.png){width=\"20%\" fig-align=\"left\"} \\_\\_\\_\\_\\_\\_\\_\\_\\_\\_\\_\\_\\_\\_\\_\\_\\_\\_\\_\\_\\_\\_\\_\\_\\_\\_\\_\\_\\_\\_\\_\\_\\_\\_\\_\\_\\_\\_\\_\\_\\_\\_\\_\\_\\_\\_\\_\\_\\_\\_\\_\\_\\_ ![](images/LogoUnal.png){width=\"20%\" fig-align=\"right\"}\n:::\n"},"formats":{"html":{"identifier":{"display-name":"HTML","target-format":"html","base-format":"html"},"execute":{"fig-width":7,"fig-height":5,"fig-format":"retina","fig-dpi":96,"df-print":"default","error":false,"eval":true,"cache":null,"freeze":false,"echo":true,"output":true,"warning":true,"include":true,"keep-md":false,"keep-ipynb":false,"ipynb":null,"enabled":null,"daemon":null,"daemon-restart":false,"debug":false,"ipynb-filters":[],"ipynb-shell-interactivity":null,"plotly-connected":true,"engine":"markdown"},"render":{"keep-tex":false,"keep-typ":false,"keep-source":false,"keep-hidden":false,"prefer-html":false,"output-divs":true,"output-ext":"html","fig-align":"default","fig-pos":null,"fig-env":null,"code-fold":"none","code-overflow":"scroll","code-link":false,"code-line-numbers":false,"code-tools":false,"tbl-colwidths":"auto","merge-includes":true,"inline-includes":false,"preserve-yaml":false,"latex-auto-mk":true,"latex-auto-install":true,"latex-clean":true,"latex-min-runs":1,"latex-max-runs":10,"latex-makeindex":"makeindex","latex-makeindex-opts":[],"latex-tlmgr-opts":[],"latex-input-paths":[],"latex-output-dir":null,"link-external-icon":false,"link-external-newwindow":false,"self-contained-math":false,"format-resources":[],"notebook-links":true},"pandoc":{"standalone":true,"wrap":"none","default-image-extension":"png","to":"html","css":["styles.css"],"toc":true,"output-file":"about.html"},"language":{"toc-title-document":"Tabla de contenidos","toc-title-website":"En esta página","related-formats-title":"Otros formatos","related-notebooks-title":"Notebooks","source-notebooks-prefix":"Fuente","other-links-title":"Otros Enlaces","code-links-title":"Enlaces de código","launch-dev-container-title":"Iniciar Dev Container","launch-binder-title":"Iniciar Binder","article-notebook-label":"Cuaderno de Artículo","notebook-preview-download":"Descargar Cuaderno","notebook-preview-download-src":"Descargar código fuente","notebook-preview-back":"Volver al Artículo","manuscript-meca-bundle":"Archivo MECA","section-title-abstract":"Resumen","section-title-appendices":"Apéndices","section-title-footnotes":"Notas","section-title-references":"Referencias","section-title-reuse":"Reutilización","section-title-copyright":"Derechos de autor","section-title-citation":"Cómo citar","appendix-attribution-cite-as":"Por favor, cita este trabajo como:","appendix-attribution-bibtex":"BibTeX","title-block-author-single":"Autor/a","title-block-author-plural":"Autores/as","title-block-affiliation-single":"Afiliación","title-block-affiliation-plural":"Afiliaciones","title-block-published":"Fecha de publicación","title-block-modified":"Fecha de modificación","title-block-keywords":"Palabras clave","callout-tip-title":"Tip","callout-note-title":"Nota","callout-warning-title":"Advertencia","callout-important-title":"Importante","callout-caution-title":"Precaución","code-summary":"Código","code-tools-menu-caption":"Código","code-tools-show-all-code":"Mostrar todo el código","code-tools-hide-all-code":"Ocultar todo el código","code-tools-view-source":"Ver el código fuente","code-tools-source-code":"Ejecutar el código","tools-share":"Compartir","tools-download":"Descargar","code-line":"Línea","code-lines":"Líneas","copy-button-tooltip":"Copiar al portapapeles","copy-button-tooltip-success":"Copiado","repo-action-links-edit":"Editar esta página","repo-action-links-source":"Ver el código","repo-action-links-issue":"Informar de un problema","back-to-top":"Volver arriba","search-no-results-text":"Sin resultados","search-matching-documents-text":"documentos encontrados","search-copy-link-title":"Copiar el enlace en la búsqueda","search-hide-matches-text":"Ocultar resultados adicionales","search-more-match-text":"resultado adicional en este documento","search-more-matches-text":"resultados adicionales en este documento","search-clear-button-title":"Borrar","search-text-placeholder":"","search-detached-cancel-button-title":"Cancelar","search-submit-button-title":"Enviar","search-label":"Buscar","toggle-section":"Alternar sección","toggle-sidebar":"Alternar barra lateral","toggle-dark-mode":"Alternar modo oscuro","toggle-reader-mode":"Alternar modo lector","toggle-navigation":"Navegación de palanca","crossref-fig-title":"Figura","crossref-tbl-title":"Tabla","crossref-lst-title":"Listado","crossref-thm-title":"Teorema","crossref-lem-title":"Lema","crossref-cor-title":"Corolario","crossref-prp-title":"Proposición","crossref-cnj-title":"Conjetura","crossref-def-title":"Definición","crossref-exm-title":"Ejemplo","crossref-exr-title":"Ejercicio","crossref-ch-prefix":"Capítulo","crossref-apx-prefix":"Apéndice","crossref-sec-prefix":"Sección","crossref-eq-prefix":"Ecuación","crossref-lof-title":"Listado de Figuras","crossref-lot-title":"Listado de Tablas","crossref-lol-title":"Listado de Listados","environment-proof-title":"Prueba","environment-remark-title":"Observación","environment-solution-title":"Solución","listing-page-order-by":"Ordenar por","listing-page-order-by-default":"Por defecto","listing-page-order-by-date-asc":"Menos reciente","listing-page-order-by-date-desc":"Más reciente","listing-page-order-by-number-desc":"De mayor a menor","listing-page-order-by-number-asc":"De menor a mayor","listing-page-field-date":"Fecha","listing-page-field-title":"Título","listing-page-field-description":"Descripción","listing-page-field-author":"Autor/a","listing-page-field-filename":"Nombre de archivo","listing-page-field-filemodified":"Fecha de modificación","listing-page-field-subtitle":"Subtítulo","listing-page-field-readingtime":"Tiempo de lectura","listing-page-field-wordcount":"Conteo de Palabras","listing-page-field-categories":"Categorías","listing-page-minutes-compact":"{0} minutos","listing-page-category-all":"Todas","listing-page-no-matches":"No hay resultados","listing-page-words":"{0} palabras"},"metadata":{"lang":"es","fig-responsive":true,"quarto-version":"1.4.549","editor":"visual","theme":{"light":"simplex","dark":"slate"},"toc-expand":2,"toc-title":"Tabla de contenidos","toc-location":"right","title":"Acerca de"},"extensions":{"book":{"multiFile":true}}}},"projectFormats":["html"]}