{"title":"Una descripción de la situación de hacinamiento en los Centros Penitenciarios en México por medio de la estadística descriptiva multivariada","markdown":{"yaml":{"title":"Una descripción de la situación de hacinamiento en los Centros Penitenciarios en México por medio de la estadística descriptiva multivariada","author":"Juan Pablo Montaño Díaz & Laura Katherine Martinez Castiblanco","year":2024,"month":"Marzo","day":10},"headingText":"Resumen","containsRefs":false,"markdown":"\n\n::: {fig}\n![](images/Hacinamiento.jpeg){width=\"95%\"}\n:::\n\n\nEn este proyecto se realizó un análisis descriptivo de la población privada de la libertad en México en el año 2021, para dicho análisis fueron usados los datos asociados a la Encuesta de la Población Privada de la Libertad (ENPOL), realizada por el Instituto Nacional de Estadística y Geografía (INEGI). Por el momento, se ha hecho una reclasificación de las variables, clasificándolas como sociodemográficas, económicas, delictivas y de la vida intracarcelaria. Posteriormente, se hizo un análisis descriptivo univariado de las variables estudiadas. Si bien aún está en desarrollo, este estudio busca encontrar posibles relaciones entre las variables de la vida intracarcelaria con los demás grupos, teniendo como principal motivación, obtener una mejor comprensión de la crisis carcelaria que está sucediendo en México y distintos países de América Latina.\n\n## Introducción\n\nDurante los últimos años se ha presentado un aumento de la población privada de la libertad en varios países de América Latina, tales como Brasil, Colombia, Chile y México. Estos aumentos, sumados a una falta de presupuesto en los centros carcelarios han ocasionado problemas de acceso a recursos básicos y un incremento en el porcentaje de hacinamiento dentro de estos lugares. Por este motivo, varios analistas conjeturan sobre una crisis carcelaria que puede ocurrir en Latinoamérica en los próximos años.\n\nSegun La Lista[^1], la tasa de ocupación promedio dentro de los 314 centros penitenciarios del territorio mexicano es del 107%, con al menos 15 estados presentando sobrecupo en sus centros penitenciarios, afectando a más de 220 mil personas. Esta situación también representa una disminución en la seguridad dentro de las instalaciones, según el periódico La Nación[^2],en 2022, la cantidad de hechos violentos dentro de las carceles ocurridas en México fueron 2499, un incremento aterrador al compararlo con la cifra del año 2019, la cual fue de 677.\n\n[^1]: [Hacinamiento y violencia: la crisis del sistema penitenciario](https://la-lista.com/mexico/2023/07/28/hacinamiento-y-violencia-la-crisis-del-sistema-penitenciario). La Lista. México. 28 de Julio de 2023.\n\n[^2]: [Cárceles en América latina. Sobrepoblación, motines y pocas respuestas de los gobiernos para afrontar la crisis penitenciaria](https://www.lanacion.com.ar/seguridad/prisiones-sobrepoblacion-motines-y-pocas-propuestas-para-superar-el-problema-carcelario-que-se-nid30072023/). La Nación. Argentina. 30 de Julio de 2023.\n\nAnte estos y otros actos que debilitan el sistema carcelario, tales como los actos de corrupción, es necesario tener un sistema de datos apropiado para estudiar estos fenómenos y llegar a soluciones más apropiadas que ampliar el tamaño de las carceles. Siendo así, las principales fuentes de datos sobre los centros penitenciarios son el Censo Nacional del Sistema Penitenciario Federal y Estatales (CNSPFE) y la Encuesta Nacional de la Población Privada de la Libertad (ENPOL).\n\nLa Encuesta Nacional de la Población Privada de la Libertad (ENPOL) se trata de una operación estadística dirigida por el Instituto Nacional de Estadística y Geografía de los Estados Unidos Méxicanos (INEGI). Esta encuesta tiene el propósito de ayudar a generar información estadística relevante sobre las condiciones de procesamiento e internamiento de la población privada de su libertad en Centros Penitenciaros por la supuesta comisión de un delito, su perfil demográfico y socioeconómico, los delitos por los cuales fueron procesados y sentenciados, entre otras características relacionadas. Esta encuesta se ha realizado en 2 ocasiones en los años 2016 y 2021; Por lo tanto, los datos utilizados durante el proyecto corresponden al año 2021, los cuales son los datos más recientes de esta encuesta hasta la fecha de este proyecto.\n\nAsumiendo que la encuesta siguió los lineamientos establecidos en el artículo 29 de la Ley Nacional de Ejecución Penal del país[^3], la metodología para la recolección de datos de esta encuesta fue de forma probabilística y los centros penitenciarios encuestados no obstaculizaron ni tergiversaron la información obtenida:\n\n[^3]: [Ley Nacional de Ejecución Penal](https://www.diputados.gob.mx/LeyesBiblio/pdf/LNEP.pdf) (pp. 3–29). (2016). Ciudad de México: Congreso de la Unión Cámara de Diputados.\n\n> *\"La encuesta se levantará de manera periódica y conforme a criterios estadísticos y técnicos, será de tipo probabilística, incluirá a población privada de la libertad tanto del fuero común como federal y será representativa a nivel nacional y estatal. El Instituto Nacional de Estadística y Geografía realizará dicha Encuesta conforme a su presupuesto. Asimismo, los Centros Penitenciarios seleccionados en la muestra determinada para la Encuesta deberán brindar todas las facilidades al Instituto para realizar entrevistas directas a la población privada de la libertad\"*\n\nLa metodología estadística utilizada para la recolección de los datos será abordada más a detalle en la descripción de los datos. Si el lector tiene interés, en las referencias puede hallar el documento del diseño muestral para esta operación estadística publicado por el INEGI.[^4]\n\n[^4]: [Encuesta Nacional de la Población Privada de la Libertad (ENPOL) 2021. Diseño Muestral](https://www.inegi.org.mx/app/biblioteca/ficha.html?upc=889463903673). Instituto Nacional de Estadística y Geografía.\n\n## Referencias\n\n-   Pardo, C. (2020). [Estadística descriptiva multivariada](https://repositorio.unal.edu.co/handle/unal/79914). Universidad Nacional de Colombia.\n\n-   Torres, C. (2024).[Material de acompañamiento, Estadística descriptiva multivariada](https://cjtorresj.quarto.pub/edm/00-1-prereq-intro.html). Quarto Web Site\n\n-   [Encuesta Nacional de la Población Privada de la Libertad (ENPOL) 2021](https://www.inegi.org.mx/programas/enpol/2021/#documentacion). Instituto Nacional de Estadística y Geografía. <https://www.inegi.org.mx/>. Datos accesidos el día 20 de Febrero de 2024.\n\n-   [Encuesta Nacional de la Población Privada de la Libertad (ENPOL) 2016](https://www.inegi.org.mx/programas/enpol/2016/). Instituto Nacional de Estadística y Geografía. <https://www.inegi.org.mx/>. Datos accesidos el día 3 de Marzo de 2024.\n\n::: {fig}\n![](images/Mexico.png){width=\"40%\" fig-align=\"center\"}\n:::\n","srcMarkdownNoYaml":"\n\n::: {fig}\n![](images/Hacinamiento.jpeg){width=\"95%\"}\n:::\n\n## Resumen\n\nEn este proyecto se realizó un análisis descriptivo de la población privada de la libertad en México en el año 2021, para dicho análisis fueron usados los datos asociados a la Encuesta de la Población Privada de la Libertad (ENPOL), realizada por el Instituto Nacional de Estadística y Geografía (INEGI). Por el momento, se ha hecho una reclasificación de las variables, clasificándolas como sociodemográficas, económicas, delictivas y de la vida intracarcelaria. Posteriormente, se hizo un análisis descriptivo univariado de las variables estudiadas. Si bien aún está en desarrollo, este estudio busca encontrar posibles relaciones entre las variables de la vida intracarcelaria con los demás grupos, teniendo como principal motivación, obtener una mejor comprensión de la crisis carcelaria que está sucediendo en México y distintos países de América Latina.\n\n## Introducción\n\nDurante los últimos años se ha presentado un aumento de la población privada de la libertad en varios países de América Latina, tales como Brasil, Colombia, Chile y México. Estos aumentos, sumados a una falta de presupuesto en los centros carcelarios han ocasionado problemas de acceso a recursos básicos y un incremento en el porcentaje de hacinamiento dentro de estos lugares. Por este motivo, varios analistas conjeturan sobre una crisis carcelaria que puede ocurrir en Latinoamérica en los próximos años.\n\nSegun La Lista[^1], la tasa de ocupación promedio dentro de los 314 centros penitenciarios del territorio mexicano es del 107%, con al menos 15 estados presentando sobrecupo en sus centros penitenciarios, afectando a más de 220 mil personas. Esta situación también representa una disminución en la seguridad dentro de las instalaciones, según el periódico La Nación[^2],en 2022, la cantidad de hechos violentos dentro de las carceles ocurridas en México fueron 2499, un incremento aterrador al compararlo con la cifra del año 2019, la cual fue de 677.\n\n[^1]: [Hacinamiento y violencia: la crisis del sistema penitenciario](https://la-lista.com/mexico/2023/07/28/hacinamiento-y-violencia-la-crisis-del-sistema-penitenciario). La Lista. México. 28 de Julio de 2023.\n\n[^2]: [Cárceles en América latina. Sobrepoblación, motines y pocas respuestas de los gobiernos para afrontar la crisis penitenciaria](https://www.lanacion.com.ar/seguridad/prisiones-sobrepoblacion-motines-y-pocas-propuestas-para-superar-el-problema-carcelario-que-se-nid30072023/). La Nación. Argentina. 30 de Julio de 2023.\n\nAnte estos y otros actos que debilitan el sistema carcelario, tales como los actos de corrupción, es necesario tener un sistema de datos apropiado para estudiar estos fenómenos y llegar a soluciones más apropiadas que ampliar el tamaño de las carceles. Siendo así, las principales fuentes de datos sobre los centros penitenciarios son el Censo Nacional del Sistema Penitenciario Federal y Estatales (CNSPFE) y la Encuesta Nacional de la Población Privada de la Libertad (ENPOL).\n\nLa Encuesta Nacional de la Población Privada de la Libertad (ENPOL) se trata de una operación estadística dirigida por el Instituto Nacional de Estadística y Geografía de los Estados Unidos Méxicanos (INEGI). Esta encuesta tiene el propósito de ayudar a generar información estadística relevante sobre las condiciones de procesamiento e internamiento de la población privada de su libertad en Centros Penitenciaros por la supuesta comisión de un delito, su perfil demográfico y socioeconómico, los delitos por los cuales fueron procesados y sentenciados, entre otras características relacionadas. Esta encuesta se ha realizado en 2 ocasiones en los años 2016 y 2021; Por lo tanto, los datos utilizados durante el proyecto corresponden al año 2021, los cuales son los datos más recientes de esta encuesta hasta la fecha de este proyecto.\n\nAsumiendo que la encuesta siguió los lineamientos establecidos en el artículo 29 de la Ley Nacional de Ejecución Penal del país[^3], la metodología para la recolección de datos de esta encuesta fue de forma probabilística y los centros penitenciarios encuestados no obstaculizaron ni tergiversaron la información obtenida:\n\n[^3]: [Ley Nacional de Ejecución Penal](https://www.diputados.gob.mx/LeyesBiblio/pdf/LNEP.pdf) (pp. 3–29). (2016). Ciudad de México: Congreso de la Unión Cámara de Diputados.\n\n> *\"La encuesta se levantará de manera periódica y conforme a criterios estadísticos y técnicos, será de tipo probabilística, incluirá a población privada de la libertad tanto del fuero común como federal y será representativa a nivel nacional y estatal. El Instituto Nacional de Estadística y Geografía realizará dicha Encuesta conforme a su presupuesto. Asimismo, los Centros Penitenciarios seleccionados en la muestra determinada para la Encuesta deberán brindar todas las facilidades al Instituto para realizar entrevistas directas a la población privada de la libertad\"*\n\nLa metodología estadística utilizada para la recolección de los datos será abordada más a detalle en la descripción de los datos. Si el lector tiene interés, en las referencias puede hallar el documento del diseño muestral para esta operación estadística publicado por el INEGI.[^4]\n\n[^4]: [Encuesta Nacional de la Población Privada de la Libertad (ENPOL) 2021. Diseño Muestral](https://www.inegi.org.mx/app/biblioteca/ficha.html?upc=889463903673). Instituto Nacional de Estadística y Geografía.\n\n## Referencias\n\n-   Pardo, C. (2020). [Estadística descriptiva multivariada](https://repositorio.unal.edu.co/handle/unal/79914). Universidad Nacional de Colombia.\n\n-   Torres, C. (2024).[Material de acompañamiento, Estadística descriptiva multivariada](https://cjtorresj.quarto.pub/edm/00-1-prereq-intro.html). Quarto Web Site\n\n-   [Encuesta Nacional de la Población Privada de la Libertad (ENPOL) 2021](https://www.inegi.org.mx/programas/enpol/2021/#documentacion). Instituto Nacional de Estadística y Geografía. <https://www.inegi.org.mx/>. Datos accesidos el día 20 de Febrero de 2024.\n\n-   [Encuesta Nacional de la Población Privada de la Libertad (ENPOL) 2016](https://www.inegi.org.mx/programas/enpol/2016/). Instituto Nacional de Estadística y Geografía. <https://www.inegi.org.mx/>. Datos accesidos el día 3 de Marzo de 2024.\n\n::: {fig}\n![](images/Mexico.png){width=\"40%\" fig-align=\"center\"}\n:::\n"},"formats":{"html":{"identifier":{"display-name":"HTML","target-format":"html","base-format":"html"},"execute":{"fig-width":7,"fig-height":5,"fig-format":"retina","fig-dpi":96,"df-print":"default","error":false,"eval":true,"cache":null,"freeze":false,"echo":true,"output":true,"warning":true,"include":true,"keep-md":false,"keep-ipynb":false,"ipynb":null,"enabled":null,"daemon":null,"daemon-restart":false,"debug":false,"ipynb-filters":[],"ipynb-shell-interactivity":null,"plotly-connected":true,"engine":"markdown"},"render":{"keep-tex":false,"keep-typ":false,"keep-source":false,"keep-hidden":false,"prefer-html":false,"output-divs":true,"output-ext":"html","fig-align":"default","fig-pos":null,"fig-env":null,"code-fold":"none","code-overflow":"scroll","code-link":false,"code-line-numbers":false,"code-tools":false,"tbl-colwidths":"auto","merge-includes":true,"inline-includes":false,"preserve-yaml":false,"latex-auto-mk":true,"latex-auto-install":true,"latex-clean":true,"latex-min-runs":1,"latex-max-runs":10,"latex-makeindex":"makeindex","latex-makeindex-opts":[],"latex-tlmgr-opts":[],"latex-input-paths":[],"latex-output-dir":null,"link-external-icon":false,"link-external-newwindow":false,"self-contained-math":false,"format-resources":[],"notebook-links":true},"pandoc":{"standalone":true,"wrap":"none","default-image-extension":"png","to":"html","css":["styles.css"],"toc":true,"output-file":"ResumenIntro.html"},"language":{"toc-title-document":"Tabla de contenidos","toc-title-website":"En esta página","related-formats-title":"Otros formatos","related-notebooks-title":"Notebooks","source-notebooks-prefix":"Fuente","other-links-title":"Otros Enlaces","code-links-title":"Enlaces de código","launch-dev-container-title":"Iniciar Dev Container","launch-binder-title":"Iniciar Binder","article-notebook-label":"Cuaderno de Artículo","notebook-preview-download":"Descargar Cuaderno","notebook-preview-download-src":"Descargar código fuente","notebook-preview-back":"Volver al Artículo","manuscript-meca-bundle":"Archivo MECA","section-title-abstract":"Resumen","section-title-appendices":"Apéndices","section-title-footnotes":"Notas","section-title-references":"Referencias","section-title-reuse":"Reutilización","section-title-copyright":"Derechos de autor","section-title-citation":"Cómo citar","appendix-attribution-cite-as":"Por favor, cita este trabajo como:","appendix-attribution-bibtex":"BibTeX","title-block-author-single":"Autor/a","title-block-author-plural":"Autores/as","title-block-affiliation-single":"Afiliación","title-block-affiliation-plural":"Afiliaciones","title-block-published":"Fecha de publicación","title-block-modified":"Fecha de modificación","title-block-keywords":"Palabras clave","callout-tip-title":"Tip","callout-note-title":"Nota","callout-warning-title":"Advertencia","callout-important-title":"Importante","callout-caution-title":"Precaución","code-summary":"Código","code-tools-menu-caption":"Código","code-tools-show-all-code":"Mostrar todo el código","code-tools-hide-all-code":"Ocultar todo el código","code-tools-view-source":"Ver el código fuente","code-tools-source-code":"Ejecutar el código","tools-share":"Compartir","tools-download":"Descargar","code-line":"Línea","code-lines":"Líneas","copy-button-tooltip":"Copiar al portapapeles","copy-button-tooltip-success":"Copiado","repo-action-links-edit":"Editar esta página","repo-action-links-source":"Ver el código","repo-action-links-issue":"Informar de un problema","back-to-top":"Volver arriba","search-no-results-text":"Sin resultados","search-matching-documents-text":"documentos encontrados","search-copy-link-title":"Copiar el enlace en la búsqueda","search-hide-matches-text":"Ocultar resultados adicionales","search-more-match-text":"resultado adicional en este documento","search-more-matches-text":"resultados adicionales en este documento","search-clear-button-title":"Borrar","search-text-placeholder":"","search-detached-cancel-button-title":"Cancelar","search-submit-button-title":"Enviar","search-label":"Buscar","toggle-section":"Alternar sección","toggle-sidebar":"Alternar barra lateral","toggle-dark-mode":"Alternar modo oscuro","toggle-reader-mode":"Alternar modo lector","toggle-navigation":"Navegación de palanca","crossref-fig-title":"Figura","crossref-tbl-title":"Tabla","crossref-lst-title":"Listado","crossref-thm-title":"Teorema","crossref-lem-title":"Lema","crossref-cor-title":"Corolario","crossref-prp-title":"Proposición","crossref-cnj-title":"Conjetura","crossref-def-title":"Definición","crossref-exm-title":"Ejemplo","crossref-exr-title":"Ejercicio","crossref-ch-prefix":"Capítulo","crossref-apx-prefix":"Apéndice","crossref-sec-prefix":"Sección","crossref-eq-prefix":"Ecuación","crossref-lof-title":"Listado de Figuras","crossref-lot-title":"Listado de Tablas","crossref-lol-title":"Listado de Listados","environment-proof-title":"Prueba","environment-remark-title":"Observación","environment-solution-title":"Solución","listing-page-order-by":"Ordenar por","listing-page-order-by-default":"Por defecto","listing-page-order-by-date-asc":"Menos reciente","listing-page-order-by-date-desc":"Más reciente","listing-page-order-by-number-desc":"De mayor a menor","listing-page-order-by-number-asc":"De menor a mayor","listing-page-field-date":"Fecha","listing-page-field-title":"Título","listing-page-field-description":"Descripción","listing-page-field-author":"Autor/a","listing-page-field-filename":"Nombre de archivo","listing-page-field-filemodified":"Fecha de modificación","listing-page-field-subtitle":"Subtítulo","listing-page-field-readingtime":"Tiempo de lectura","listing-page-field-wordcount":"Conteo de Palabras","listing-page-field-categories":"Categorías","listing-page-minutes-compact":"{0} minutos","listing-page-category-all":"Todas","listing-page-no-matches":"No hay resultados","listing-page-words":"{0} palabras"},"metadata":{"lang":"es","fig-responsive":true,"quarto-version":"1.4.549","editor":"visual","theme":{"light":"simplex","dark":"slate"},"toc-expand":2,"toc-title":"Tabla de contenidos","toc-location":"right","title":"Una descripción de la situación de hacinamiento en los Centros Penitenciarios en México por medio de la estadística descriptiva multivariada","author":"Juan Pablo Montaño Díaz & Laura Katherine Martinez Castiblanco","year":2024,"month":"Marzo","day":10},"extensions":{"book":{"multiFile":true}}}},"projectFormats":["html"]}