{"chunk_definitions":[{"row":44,"row_count":1,"visible":true,"expansion_state":0,"options":{"engine":"r","label":"carga-librerias","message":false,"echo":true,"output":false,"dev":"png"},"document_id":"ECD70C74","chunk_id":"cfthxxan8dkpa","chunk_label":"carga-librerias"},{"row":70,"row_count":1,"visible":true,"expansion_state":0,"options":{"engine":"r","label":"Seleccion-variables","echo":false,"warning":false,"output":false,"dev":"png"},"document_id":"ECD70C74","chunk_id":"cxeryhkyvu6c8","chunk_label":"Seleccion-variables"},{"row":136,"row_count":1,"visible":true,"expansion_state":0,"options":{"engine":"r","label":"Tabla-disyuntiva-completa1","echo":false,"warning":false,"output":false,"dev":"png"},"document_id":"ECD70C74","chunk_id":"cedy90l17g04d","chunk_label":"Tabla-disyuntiva-completa1"},{"row":148,"row_count":1,"visible":true,"expansion_state":0,"options":{"engine":"r","label":"Tabla-disyuntiva-completa-visualizacion","echo":false,"warning":false,"output":true,"dev":"png"},"document_id":"ECD70C74","chunk_id":"cr86mhmcjgc4h","chunk_label":"Tabla-disyuntiva-completa-visualizacion"},{"row":230,"row_count":1,"visible":true,"expansion_state":0,"options":{"engine":"r","label":"funcion-interactive","echo":false,"warning":false,"output":false,"dev":"png"},"document_id":"ECD70C74","chunk_id":"cz34alfaut7el","chunk_label":"funcion-interactive"},{"row":243,"row_count":1,"visible":true,"expansion_state":0,"options":{"engine":"r","label":"MCA1","echo":true,"output":false,"dev":"png"},"document_id":"ECD70C74","chunk_id":"csiezokicexl8","chunk_label":"MCA1"},{"row":281,"row_count":1,"visible":true,"expansion_state":0,"options":{"engine":"r","label":"screeplot1","echo":false,"output":true,"dev":"png"},"document_id":"ECD70C74","chunk_id":"clfre7hh06qq1","chunk_label":"screeplot1"},{"row":298,"row_count":1,"visible":true,"expansion_state":0,"options":{"engine":"r","label":"contribacm1","echo":false,"output":true,"dev":"png"},"document_id":"ECD70C74","chunk_id":"ck4lxmml2nkvd","chunk_label":"contribacm1"},{"row":314,"row_count":1,"visible":true,"expansion_state":0,"options":{"engine":"r","label":"contribacm2","echo":false,"output":true,"dev":"png"},"document_id":"ECD70C74","chunk_id":"cuq1mmzoiykpu","chunk_label":"contribacm2"},{"row":331,"row_count":1,"visible":true,"expansion_state":0,"options":{"engine":"r","label":"contribacm3","echo":false,"output":true,"dev":"png"},"document_id":"ECD70C74","chunk_id":"c27xak9jp73a6","chunk_label":"contribacm3"},{"row":348,"row_count":1,"visible":true,"expansion_state":0,"options":{"engine":"r","label":"contribacm4","echo":false,"output":true,"dev":"png"},"document_id":"ECD70C74","chunk_id":"cugyyxbsiydt3","chunk_label":"contribacm4"},{"row":376,"row_count":1,"visible":true,"expansion_state":0,"options":{"engine":"r","label":"unnamed-chunk-13","echo":false,"fig.cap":null,"fig.align":"center","fig.width":5.5,"fig.height":5,"dev":"png"},"document_id":"ECD70C74","chunk_id":"cu9eulribfkx0","chunk_label":"unnamed-chunk-1"},{"row":391,"row_count":1,"visible":true,"expansion_state":0,"options":{"engine":"r","label":"unnamed-chunk-14","echo":false,"fig.cap":null,"fig.align":"center","fig.width":5.5,"fig.height":5,"dev":"png"},"document_id":"ECD70C74","chunk_id":"cfl40fb5bdzj8","chunk_label":"unnamed-chunk-2"},{"row":404,"row_count":1,"visible":true,"expansion_state":0,"options":{"engine":"r","label":"unnamed-chunk-15","echo":false,"fig.cap":null,"fig.align":"center","fig.width":5.5,"fig.height":5,"dev":"png"},"document_id":"ECD70C74","chunk_id":"ce3iit1gqe34y","chunk_label":"unnamed-chunk-3"},{"row":419,"row_count":1,"visible":true,"expansion_state":0,"options":{"engine":"r","label":"unnamed-chunk-16","echo":false,"fig.cap":null,"fig.align":"center","fig.width":5.5,"fig.height":5,"dev":"png"},"document_id":"ECD70C74","chunk_id":"cvly8v5krm70t","chunk_label":"unnamed-chunk-4"},{"row":434,"row_count":1,"visible":true,"expansion_state":0,"options":{"engine":"r","label":"unnamed-chunk-17","echo":false,"fig.cap":null,"fig.align":"center","fig.width":5.5,"fig.height":5,"dev":"png"},"document_id":"ECD70C74","chunk_id":"cs52fo31b81ub","chunk_label":"unnamed-chunk-5"},{"row":449,"row_count":1,"visible":true,"expansion_state":0,"options":{"engine":"r","label":"unnamed-chunk-18","echo":false,"fig.cap":null,"fig.align":"center","fig.width":5.5,"fig.height":5,"dev":"png"},"document_id":"ECD70C74","chunk_id":"cyyhrz7olfpct","chunk_label":"unnamed-chunk-6"},{"row":474,"row_count":1,"visible":true,"expansion_state":0,"options":{"engine":"r","label":"unnamed-chunk-19","echo":false,"fig.cap":null,"fig.align":"center","fig.width":5.5,"fig.height":5,"dev":"png"},"document_id":"ECD70C74","chunk_id":"chb9s4a3170gc","chunk_label":"unnamed-chunk-7"},{"row":487,"row_count":1,"visible":true,"expansion_state":0,"options":{"engine":"r","label":"unnamed-chunk-20","echo":false,"fig.cap":null,"fig.align":"center","fig.width":5.5,"fig.height":5,"dev":"png"},"document_id":"ECD70C74","chunk_id":"cplx1rtl2xehj","chunk_label":"unnamed-chunk-8"},{"row":500,"row_count":1,"visible":true,"expansion_state":0,"options":{"engine":"r","label":"unnamed-chunk-21","echo":false,"fig.cap":null,"fig.align":"center","fig.width":5.5,"fig.height":5,"dev":"png"},"document_id":"ECD70C74","chunk_id":"cg1kenattt4p8","chunk_label":"unnamed-chunk-9"},{"row":541,"row_count":1,"visible":true,"expansion_state":0,"options":{"engine":"r","label":"contribucion-correlacion","echo":false,"warning":false,"output":true,"dev":"png"},"document_id":"ECD70C74","chunk_id":"cd2ruohp7ial9","chunk_label":"contribucion-correlacion"},{"row":569,"row_count":1,"visible":true,"expansion_state":0,"options":{"engine":"r","label":"contribucion-correlacion2","echo":false,"warning":false,"output":true,"dev":"png"},"document_id":"ECD70C74","chunk_id":"c5nq4hba7wm9x","chunk_label":"contribucion-correlacion2"},{"row":594,"row_count":1,"visible":true,"expansion_state":0,"options":{"engine":"r","label":"contribucion-correlacion3","echo":false,"warning":false,"output":true,"dev":"png"},"document_id":"ECD70C74","chunk_id":"c6z64uc84b3cz","chunk_label":"contribucion-correlacion3"},{"row":633,"row_count":1,"visible":true,"expansion_state":0,"options":{"engine":"r","label":"screeplot1_ventil","echo":false,"output":true,"dev":"png"},"document_id":"ECD70C74","chunk_id":"cdf9r51hk9hry","chunk_label":"screeplot1_ventil"},{"row":648,"row_count":1,"visible":true,"expansion_state":0,"options":{"engine":"r","label":"contribacm1_ventil","echo":false,"output":true,"dev":"png"},"document_id":"ECD70C74","chunk_id":"cew5aycge15zn","chunk_label":"contribacm1_ventil"},{"row":664,"row_count":1,"visible":true,"expansion_state":0,"options":{"engine":"r","label":"contribacm2_ventil","echo":false,"output":true,"dev":"png"},"document_id":"ECD70C74","chunk_id":"c7d1u7vzx8gj9","chunk_label":"contribacm2_ventil"},{"row":681,"row_count":1,"visible":true,"expansion_state":0,"options":{"engine":"r","label":"contribacm3-ventil","echo":false,"output":true,"dev":"png"},"document_id":"ECD70C74","chunk_id":"ct4r7x82d303f","chunk_label":"contribacm3-ventil"},{"row":698,"row_count":1,"visible":true,"expansion_state":0,"options":{"engine":"r","label":"contribacm4_ventil","echo":false,"output":true,"dev":"png"},"document_id":"ECD70C74","chunk_id":"cg1ap1kxihqf1","chunk_label":"contribacm4_ventil"},{"row":721,"row_count":1,"visible":true,"expansion_state":0,"options":{"engine":"r","label":"unnamed-chunk-30","echo":false,"fig.cap":null,"fig.align":"center","fig.width":5.5,"fig.height":5,"dev":"png"},"document_id":"ECD70C74","chunk_id":"c7gb36mgjs264","chunk_label":"unnamed-chunk-10"},{"row":732,"row_count":1,"visible":true,"expansion_state":0,"options":{"engine":"r","label":"unnamed-chunk-31","echo":false,"fig.cap":null,"fig.align":"center","fig.width":5.5,"fig.height":5,"dev":"png"},"document_id":"ECD70C74","chunk_id":"clrsb9mgzqjuf","chunk_label":"unnamed-chunk-11"},{"row":743,"row_count":1,"visible":true,"expansion_state":0,"options":{"engine":"r","label":"unnamed-chunk-32","echo":false,"fig.cap":null,"fig.align":"center","fig.width":5.5,"fig.height":5,"dev":"png"},"document_id":"ECD70C74","chunk_id":"ciygw6mrzy60o","chunk_label":"unnamed-chunk-12"},{"row":762,"row_count":1,"visible":true,"expansion_state":0,"options":{"engine":"r","label":"unnamed-chunk-33","echo":false,"fig.cap":null,"fig.align":"center","fig.width":5.5,"fig.height":5,"dev":"png"},"document_id":"ECD70C74","chunk_id":"c2wcd5abcbhpc","chunk_label":"unnamed-chunk-13"},{"row":781,"row_count":1,"visible":true,"expansion_state":0,"options":{"engine":"r","label":"unnamed-chunk-34","echo":false,"fig.cap":null,"fig.align":"center","fig.width":5.5,"fig.height":5,"dev":"png"},"document_id":"ECD70C74","chunk_id":"c82p8keqyyexs","chunk_label":"unnamed-chunk-14"},{"row":794,"row_count":1,"visible":true,"expansion_state":0,"options":{"engine":"r","label":"unnamed-chunk-35","echo":false,"fig.cap":null,"fig.align":"center","fig.width":5.5,"fig.height":5,"dev":"png"},"document_id":"ECD70C74","chunk_id":"c2g70gxoz81p0","chunk_label":"unnamed-chunk-15"},{"row":807,"row_count":1,"visible":true,"expansion_state":0,"options":{"engine":"r","label":"unnamed-chunk-36","echo":false,"fig.cap":null,"fig.align":"center","fig.width":5.5,"fig.height":5,"dev":"png"},"document_id":"ECD70C74","chunk_id":"ch203cvdxkrgy","chunk_label":"unnamed-chunk-16"},{"row":840,"row_count":1,"visible":true,"expansion_state":0,"options":{"engine":"r","label":"contribucion-correlacion-ventil","echo":false,"warning":false,"output":true,"dev":"png"},"document_id":"ECD70C74","chunk_id":"ctiqno70x2b4d","chunk_label":"contribucion-correlacion-ventil"},{"row":867,"row_count":1,"visible":true,"expansion_state":0,"options":{"engine":"r","label":"contribucion-correlacion2-ventil","echo":false,"warning":false,"output":true,"dev":"png"},"document_id":"ECD70C74","chunk_id":"clk1qgfymmj0o","chunk_label":"contribucion-correlacion2-ventil"},{"row":892,"row_count":1,"visible":true,"expansion_state":0,"options":{"engine":"r","label":"contribucion-correlacion3_ventil","echo":false,"warning":false,"output":true,"dev":"png"},"document_id":"ECD70C74","chunk_id":"c45216yut0ify","chunk_label":"contribucion-correlacion3_ventil"},{"row":964,"row_count":1,"visible":true,"expansion_state":0,"options":{"engine":"r","label":"ACM Sociodemográficas","message":false,"echo":false,"output":false,"dev":"png"},"document_id":"ECD70C74","chunk_id":"ces9t43yno7za","chunk_label":"ACM Sociodemográficas"},{"row":983,"row_count":1,"visible":true,"expansion_state":0,"options":{"engine":"r","label":"unnamed-chunk-41","echo":false,"fig.cap":null,"fig.align":"center","fig.width":5.5,"fig.height":5,"dev":"png"},"document_id":"ECD70C74","chunk_id":"c09tsh4so0ewg","chunk_label":"unnamed-chunk-17"},{"row":1007,"row_count":1,"visible":true,"expansion_state":0,"options":{"engine":"r","label":"unnamed-chunk-42","echo":false,"fig.cap":null,"fig.align":"center","fig.width":5.5,"fig.height":5,"dev":"png"},"document_id":"ECD70C74","chunk_id":"cvliq5x36urcz","chunk_label":"unnamed-chunk-18"},{"row":1029,"row_count":1,"visible":true,"expansion_state":0,"options":{"engine":"r","label":"unnamed-chunk-43","echo":false,"fig.cap":null,"fig.align":"center","fig.width":5.5,"fig.height":5,"dev":"png"},"document_id":"ECD70C74","chunk_id":"cago7ohg5k2qc","chunk_label":"unnamed-chunk-19"},{"row":1064,"row_count":1,"visible":true,"expansion_state":0,"options":{"engine":"r","label":"unnamed-chunk-44","echo":false,"dev":"png"},"document_id":"ECD70C74","chunk_id":"c510bbhndg77z","chunk_label":"unnamed-chunk-20"},{"row":1075,"row_count":1,"visible":true,"expansion_state":0,"options":{"engine":"r","label":"Tabla-benzecrisoc","echo":false,"warning":false,"output":true,"dev":"png"},"document_id":"ECD70C74","chunk_id":"cqvx2cvv3fcd7","chunk_label":"Tabla-benzecrisoc"},{"row":1090,"row_count":1,"visible":true,"expansion_state":0,"options":{"engine":"r","label":"contribacm1Socio","echo":false,"output":true,"dev":"png"},"document_id":"ECD70C74","chunk_id":"cc0552a33du3x","chunk_label":"contribacm1Socio"},{"row":1107,"row_count":1,"visible":true,"expansion_state":0,"options":{"engine":"r","label":"contribacm2 Socio","echo":false,"output":true,"dev":"png"},"document_id":"ECD70C74","chunk_id":"c1fsh8up5u3rw","chunk_label":"contribacm2 Socio"},{"row":1124,"row_count":1,"visible":true,"expansion_state":0,"options":{"engine":"r","label":"contribacm3 Socio","echo":false,"output":true,"dev":"png"},"document_id":"ECD70C74","chunk_id":"cxqs4k908mwr5","chunk_label":"contribacm3 Socio"},{"row":1141,"row_count":1,"visible":true,"expansion_state":0,"options":{"engine":"r","label":"contribacm4 Socio","echo":false,"output":true,"dev":"png"},"document_id":"ECD70C74","chunk_id":"ct5ca0mct3nsg","chunk_label":"contribacm4 Socio"},{"row":1174,"row_count":1,"visible":true,"expansion_state":0,"options":{"engine":"r","label":"ACM Economicas","message":false,"echo":false,"output":false,"dev":"png"},"document_id":"ECD70C74","chunk_id":"cf0ax78eb2jqn","chunk_label":"ACM Economicas"},{"row":1186,"row_count":1,"visible":true,"expansion_state":0,"options":{"engine":"r","label":"unnamed-chunk-51","echo":false,"fig.cap":null,"fig.align":"center","fig.width":5.5,"fig.height":5,"dev":"png"},"document_id":"ECD70C74","chunk_id":"cf2gedmxsg8c7","chunk_label":"unnamed-chunk-21"},{"row":1226,"row_count":1,"visible":true,"expansion_state":0,"options":{"engine":"r","label":"unnamed-chunk-52","echo":false,"dev":"png"},"document_id":"ECD70C74","chunk_id":"c4rx4sys14r80","chunk_label":"unnamed-chunk-22"},{"row":1241,"row_count":1,"visible":true,"expansion_state":0,"options":{"engine":"r","label":"contribacm1Eco","echo":false,"output":true,"dev":"png"},"document_id":"ECD70C74","chunk_id":"c6lxxw36lqes2","chunk_label":"contribacm1Eco"},{"row":1257,"row_count":1,"visible":true,"expansion_state":0,"options":{"engine":"r","label":"contribacm2 Eco","echo":false,"output":true,"dev":"png"},"document_id":"ECD70C74","chunk_id":"c3pgjsnqfjef0","chunk_label":"contribacm2 Eco"},{"row":1300,"row_count":1,"visible":true,"expansion_state":0,"options":{"engine":"r","label":"ACM Delictivas","message":false,"echo":false,"output":false,"dev":"png"},"document_id":"ECD70C74","chunk_id":"cg6kx9begs07l","chunk_label":"ACM Delictivas"},{"row":1311,"row_count":1,"visible":true,"expansion_state":0,"options":{"engine":"r","label":"unnamed-chunk-56","echo":false,"fig.cap":null,"fig.align":"center","fig.width":5.5,"fig.height":5,"dev":"png"},"document_id":"ECD70C74","chunk_id":"cfi567srynkiu","chunk_label":"unnamed-chunk-23"},{"row":1345,"row_count":1,"visible":true,"expansion_state":0,"options":{"engine":"r","label":"unnamed-chunk-57","echo":false,"dev":"png"},"document_id":"ECD70C74","chunk_id":"c2hngojryg5wq","chunk_label":"unnamed-chunk-24"},{"row":1356,"row_count":1,"visible":true,"expansion_state":0,"options":{"engine":"r","label":"Tabla-benzecrideli","echo":false,"warning":false,"output":true,"dev":"png"},"document_id":"ECD70C74","chunk_id":"ca7j91p78xaob","chunk_label":"Tabla-benzecrideli"},{"row":1371,"row_count":1,"visible":true,"expansion_state":0,"options":{"engine":"r","label":"contribacm1SDeli","echo":false,"output":true,"dev":"png"},"document_id":"ECD70C74","chunk_id":"cqtrhb6pl9sbl","chunk_label":"contribacm1SDeli"},{"row":1388,"row_count":1,"visible":true,"expansion_state":0,"options":{"engine":"r","label":"contribacm2 deli","echo":false,"output":true,"dev":"png"},"document_id":"ECD70C74","chunk_id":"cb3cv9aief2sh","chunk_label":"contribacm2 deli"},{"row":1453,"row_count":1,"visible":true,"expansion_state":0,"options":{"engine":"r","label":"ACM Intra carcelaria","message":false,"echo":false,"output":false,"dev":"png"},"document_id":"ECD70C74","chunk_id":"ce9jvogkoo9gv","chunk_label":"ACM Intra carcelaria"},{"row":1469,"row_count":1,"visible":true,"expansion_state":0,"options":{"engine":"r","label":"unnamed-chunk-62","echo":false,"fig.cap":null,"fig.align":"center","fig.width":5.5,"fig.height":5,"dev":"png"},"document_id":"ECD70C74","chunk_id":"chq67njxjlwq1","chunk_label":"unnamed-chunk-25"},{"row":1486,"row_count":1,"visible":true,"expansion_state":0,"options":{"engine":"r","label":"unnamed-chunk-63","echo":false,"fig.cap":null,"fig.align":"center","fig.width":5.5,"fig.height":5,"dev":"png"},"document_id":"ECD70C74","chunk_id":"clcg4n8lg9j8l","chunk_label":"unnamed-chunk-26"},{"row":1522,"row_count":1,"visible":true,"expansion_state":0,"options":{"engine":"r","label":"unnamed-chunk-64","echo":false,"dev":"png"},"document_id":"ECD70C74","chunk_id":"cp0c9b6au5nv7","chunk_label":"unnamed-chunk-27"},{"row":1532,"row_count":1,"visible":true,"expansion_state":0,"options":{"engine":"r","label":"Tabla-benzecriintra","echo":false,"warning":false,"output":true,"dev":"png"},"document_id":"ECD70C74","chunk_id":"cbrlnw8p7z0h9","chunk_label":"Tabla-benzecriintra"},{"row":1546,"row_count":1,"visible":true,"expansion_state":0,"options":{"engine":"r","label":"contribacm1 Intra","echo":false,"output":true,"dev":"png"},"document_id":"ECD70C74","chunk_id":"c5pumupz70dap","chunk_label":"contribacm1 Intra"},{"row":1564,"row_count":1,"visible":true,"expansion_state":0,"options":{"engine":"r","label":"contribacm2 Intra","echo":false,"output":true,"dev":"png"},"document_id":"ECD70C74","chunk_id":"cwr9favv6p8pk","chunk_label":"contribacm2 Intra"},{"row":1581,"row_count":1,"visible":true,"expansion_state":0,"options":{"engine":"r","label":"contribacm3 Intra","echo":false,"output":true,"dev":"png"},"document_id":"ECD70C74","chunk_id":"cylyoof82movp","chunk_label":"contribacm3 Intra"},{"row":1622,"row_count":1,"visible":true,"expansion_state":0,"options":{"engine":"r","label":"ACM Expectativas","message":false,"echo":false,"output":false,"dev":"png"},"document_id":"ECD70C74","chunk_id":"ciwmrh8mhh2m2","chunk_label":"ACM Expectativas"},{"row":1637,"row_count":1,"visible":true,"expansion_state":0,"options":{"engine":"r","label":"unnamed-chunk-69","echo":false,"fig.cap":null,"fig.align":"center","fig.width":5.5,"fig.height":5,"dev":"png"},"document_id":"ECD70C74","chunk_id":"c3lgpvj7zw805","chunk_label":"unnamed-chunk-28"},{"row":1674,"row_count":1,"visible":true,"expansion_state":0,"options":{"engine":"r","label":"unnamed-chunk-71","echo":false,"dev":"png"},"document_id":"ECD70C74","chunk_id":"cw55ms4ntsxgc","chunk_label":"unnamed-chunk-29"},{"row":1685,"row_count":1,"visible":true,"expansion_state":0,"options":{"engine":"r","label":"Tabla-benzecriSali","echo":false,"warning":false,"output":true,"dev":"png"},"document_id":"ECD70C74","chunk_id":"c6fqk6pkawy6j","chunk_label":"Tabla-benzecriSali"},{"row":1701,"row_count":1,"visible":true,"expansion_state":0,"options":{"engine":"r","label":"contribacm1Sali","echo":false,"output":true,"dev":"png"},"document_id":"ECD70C74","chunk_id":"c54n7hdwtp91x","chunk_label":"contribacm1Sali"},{"row":1717,"row_count":1,"visible":true,"expansion_state":0,"options":{"engine":"r","label":"contribacm2 Sali","echo":false,"output":true,"dev":"png"},"document_id":"ECD70C74","chunk_id":"c05tvv316vksh","chunk_label":"contribacm2 Sali"}],"doc_write_time":1725974062,"chunk_rendered_width":445}