{"chunk_definitions":[{"row":44,"row_count":1,"visible":true,"expansion_state":0,"options":{"engine":"r","label":"carga-librerias","message":false,"echo":true,"output":false,"dev":"png"},"document_id":"ECD70C74","chunk_id":"cfthxxan8dkpa","chunk_label":"carga-librerias"},{"row":70,"row_count":1,"visible":true,"expansion_state":0,"options":{"engine":"r","label":"Seleccion-variables","echo":false,"warning":false,"output":false,"dev":"png"},"document_id":"ECD70C74","chunk_id":"cxeryhkyvu6c8","chunk_label":"Seleccion-variables"},{"row":136,"row_count":1,"visible":true,"expansion_state":0,"options":{"engine":"r","label":"Tabla-disyuntiva-completa1","echo":false,"warning":false,"output":false,"dev":"png"},"document_id":"ECD70C74","chunk_id":"cedy90l17g04d","chunk_label":"Tabla-disyuntiva-completa1"},{"row":148,"row_count":1,"visible":true,"expansion_state":0,"options":{"engine":"r","label":"Tabla-disyuntiva-completa-visualizacion","echo":false,"warning":false,"output":true,"dev":"png"},"document_id":"ECD70C74","chunk_id":"cr86mhmcjgc4h","chunk_label":"Tabla-disyuntiva-completa-visualizacion"},{"row":983,"row_count":1,"visible":true,"expansion_state":0,"options":{"engine":"r","label":"unnamed-chunk-118","echo":false,"fig.cap":null,"fig.align":"center","fig.width":5.5,"fig.height":5,"dev":"png"},"document_id":"ECD70C74","chunk_id":"c09tsh4so0ewg","chunk_label":"unnamed-chunk-17"},{"row":1007,"row_count":1,"visible":true,"expansion_state":0,"options":{"engine":"r","label":"unnamed-chunk-121","echo":false,"fig.cap":null,"fig.align":"center","fig.width":5.5,"fig.height":5,"dev":"png"},"document_id":"ECD70C74","chunk_id":"cvliq5x36urcz","chunk_label":"unnamed-chunk-18"},{"row":1029,"row_count":1,"visible":true,"expansion_state":0,"options":{"engine":"r","label":"unnamed-chunk-123","echo":false,"fig.cap":null,"fig.align":"center","fig.width":5.5,"fig.height":5,"dev":"png"},"document_id":"ECD70C74","chunk_id":"cago7ohg5k2qc","chunk_label":"unnamed-chunk-19"},{"row":1064,"row_count":1,"visible":true,"expansion_state":0,"options":{"engine":"r","label":"unnamed-chunk-107","echo":false,"dev":"png"},"document_id":"ECD70C74","chunk_id":"c510bbhndg77z","chunk_label":"unnamed-chunk-20"},{"row":1075,"row_count":1,"visible":true,"expansion_state":0,"options":{"engine":"r","label":"Tabla-benzecrisoc","echo":false,"warning":false,"output":true,"dev":"png"},"document_id":"ECD70C74","chunk_id":"cqvx2cvv3fcd7","chunk_label":"Tabla-benzecrisoc"},{"row":1090,"row_count":1,"visible":true,"expansion_state":0,"options":{"engine":"r","label":"contribacm1Socio","echo":false,"output":true,"dev":"png"},"document_id":"ECD70C74","chunk_id":"cc0552a33du3x","chunk_label":"contribacm1Socio"},{"row":1107,"row_count":1,"visible":true,"expansion_state":0,"options":{"engine":"r","label":"contribacm2 Socio","echo":false,"output":true,"dev":"png"},"document_id":"ECD70C74","chunk_id":"c1fsh8up5u3rw","chunk_label":"contribacm2 Socio"},{"row":1124,"row_count":1,"visible":true,"expansion_state":0,"options":{"engine":"r","label":"contribacm3 Socio","echo":false,"output":true,"dev":"png"},"document_id":"ECD70C74","chunk_id":"cxqs4k908mwr5","chunk_label":"contribacm3 Socio"},{"row":1141,"row_count":1,"visible":true,"expansion_state":0,"options":{"engine":"r","label":"contribacm2 Socio","echo":false,"output":true,"dev":"png"},"document_id":"ECD70C74","chunk_id":"ct5ca0mct3nsg","chunk_label":"contribacm4 Socio"},{"row":1175,"row_count":1,"visible":true,"expansion_state":0,"options":{"engine":"r","label":"ACM Economicas","message":false,"echo":false,"output":false,"dev":"png"},"document_id":"ECD70C74","chunk_id":"cf0ax78eb2jqn","chunk_label":"ACM Economicas"},{"row":1187,"row_count":1,"visible":true,"expansion_state":0,"options":{"engine":"r","label":"unnamed-chunk-132","echo":false,"fig.cap":null,"fig.align":"center","fig.width":5.5,"fig.height":5,"dev":"png"},"document_id":"ECD70C74","chunk_id":"cf2gedmxsg8c7","chunk_label":"unnamed-chunk-21"},{"row":1227,"row_count":1,"visible":true,"expansion_state":0,"options":{"engine":"r","label":"unnamed-chunk-134","echo":false,"dev":"png"},"document_id":"ECD70C74","chunk_id":"c4rx4sys14r80","chunk_label":"unnamed-chunk-22"},{"row":1242,"row_count":1,"visible":true,"expansion_state":0,"options":{"engine":"r","label":"contribacm1Eco","echo":false,"output":true,"dev":"png"},"document_id":"ECD70C74","chunk_id":"c6lxxw36lqes2","chunk_label":"contribacm1Eco"},{"row":1258,"row_count":1,"visible":true,"expansion_state":0,"options":{"engine":"r","label":"contribacm2 Eco","echo":false,"output":true,"dev":"png"},"document_id":"ECD70C74","chunk_id":"c3pgjsnqfjef0","chunk_label":"contribacm2 Eco"},{"row":1301,"row_count":1,"visible":true,"expansion_state":0,"options":{"engine":"r","label":"ACM Delictivas","message":false,"echo":false,"output":false,"dev":"png"},"document_id":"ECD70C74","chunk_id":"cg6kx9begs07l","chunk_label":"ACM Delictivas"},{"row":1312,"row_count":1,"visible":true,"expansion_state":0,"options":{"engine":"r","label":"unnamed-chunk-142","echo":false,"fig.cap":null,"fig.align":"center","fig.width":5.5,"fig.height":5,"dev":"png"},"document_id":"ECD70C74","chunk_id":"cfi567srynkiu","chunk_label":"unnamed-chunk-23"},{"row":1346,"row_count":1,"visible":true,"expansion_state":0,"options":{"engine":"r","label":"unnamed-chunk-147","echo":false,"dev":"png"},"document_id":"ECD70C74","chunk_id":"c2hngojryg5wq","chunk_label":"unnamed-chunk-24"},{"row":1357,"row_count":1,"visible":true,"expansion_state":0,"options":{"engine":"r","label":"Tabla-benzecrisoc","echo":false,"warning":false,"output":true,"dev":"png"},"document_id":"ECD70C74","chunk_id":"ca7j91p78xaob","chunk_label":"Tabla-benzecrideli"},{"row":1372,"row_count":1,"visible":true,"expansion_state":0,"options":{"engine":"r","label":"contribacm1SDeli","echo":false,"output":true,"dev":"png"},"document_id":"ECD70C74","chunk_id":"cqtrhb6pl9sbl","chunk_label":"contribacm1SDeli"},{"row":1389,"row_count":1,"visible":true,"expansion_state":0,"options":{"engine":"r","label":"contribacm2 deli","echo":false,"output":true,"dev":"png"},"document_id":"ECD70C74","chunk_id":"cb3cv9aief2sh","chunk_label":"contribacm2 deli"},{"row":1454,"row_count":1,"visible":true,"expansion_state":0,"options":{"engine":"r","label":"ACM Intra carcelaria","message":false,"echo":false,"output":false,"dev":"png"},"document_id":"ECD70C74","chunk_id":"ce9jvogkoo9gv","chunk_label":"ACM Intra carcelaria"},{"row":1470,"row_count":1,"visible":true,"expansion_state":0,"options":{"engine":"r","label":"unnamed-chunk-150","echo":false,"fig.cap":null,"fig.align":"center","fig.width":5.5,"fig.height":5,"dev":"png"},"document_id":"ECD70C74","chunk_id":"chq67njxjlwq1","chunk_label":"unnamed-chunk-25"},{"row":1487,"row_count":1,"visible":true,"expansion_state":0,"options":{"engine":"r","label":"unnamed-chunk-152","echo":false,"fig.cap":null,"fig.align":"center","fig.width":5.5,"fig.height":5,"dev":"png"},"document_id":"ECD70C74","chunk_id":"clcg4n8lg9j8l","chunk_label":"unnamed-chunk-26"},{"row":1523,"row_count":1,"visible":true,"expansion_state":0,"options":{"engine":"r","label":"unnamed-chunk-154","echo":false,"dev":"png"},"document_id":"ECD70C74","chunk_id":"cp0c9b6au5nv7","chunk_label":"unnamed-chunk-27"},{"row":1533,"row_count":1,"visible":true,"expansion_state":0,"options":{"engine":"r","label":"Tabla-benzecrisoc","echo":false,"warning":false,"output":true,"dev":"png"},"document_id":"ECD70C74","chunk_id":"cbrlnw8p7z0h9","chunk_label":"Tabla-benzecriintra"},{"row":1547,"row_count":1,"visible":true,"expansion_state":0,"options":{"engine":"r","label":"contribacm1 Intra","echo":false,"output":true,"dev":"png"},"document_id":"ECD70C74","chunk_id":"c5pumupz70dap","chunk_label":"contribacm1 Intra"},{"row":1565,"row_count":1,"visible":true,"expansion_state":0,"options":{"engine":"r","label":"contribacm2 Intra","echo":false,"output":true,"dev":"png"},"document_id":"ECD70C74","chunk_id":"cwr9favv6p8pk","chunk_label":"contribacm2 Intra"},{"row":1582,"row_count":1,"visible":true,"expansion_state":0,"options":{"engine":"r","label":"contribacm3 Intra","echo":false,"output":true,"dev":"png"},"document_id":"ECD70C74","chunk_id":"cylyoof82movp","chunk_label":"contribacm3 Intra"}],"doc_write_time":1725946679,"chunk_rendered_width":445}