{"chunk_definitions":[{"row":42,"row_count":1,"visible":true,"expansion_state":0,"options":{"engine":"r","label":"carga-librerias","message":false,"echo":false,"output":false,"dev":"png"},"document_id":"ECD70C74","chunk_id":"cfthxxan8dkpa","chunk_label":"carga-librerias"},{"row":63,"row_count":1,"visible":true,"expansion_state":0,"options":{"engine":"r","label":"Seleccion-variables","echo":false,"warning":false,"output":false,"dev":"png"},"document_id":"ECD70C74","chunk_id":"cxeryhkyvu6c8","chunk_label":"Seleccion-variables"},{"row":129,"row_count":1,"visible":true,"expansion_state":0,"options":{"engine":"r","label":"Tabla-disyuntiva-completa1","echo":false,"warning":false,"output":false,"dev":"png"},"document_id":"ECD70C74","chunk_id":"cedy90l17g04d","chunk_label":"Tabla-disyuntiva-completa1"},{"row":141,"row_count":1,"visible":true,"expansion_state":0,"options":{"engine":"r","label":"Tabla-disyuntiva-completa-visualizacion","echo":false,"warning":false,"output":true,"dev":"png"},"document_id":"ECD70C74","chunk_id":"cr86mhmcjgc4h","chunk_label":"Tabla-disyuntiva-completa-visualizacion"},{"row":205,"row_count":1,"visible":true,"expansion_state":0,"options":{"engine":"r","label":"funcion-interactive","echo":false,"warning":false,"output":false,"dev":"png"},"document_id":"ECD70C74","chunk_id":"cjb38cb89rp7n","chunk_label":"funcion-interactive"},{"row":218,"row_count":1,"visible":true,"expansion_state":0,"options":{"engine":"r","label":"MCA1","echo":true,"output":false,"dev":"png"},"document_id":"ECD70C74","chunk_id":"comtnb5io2kd4","chunk_label":"MCA1"},{"row":256,"row_count":1,"visible":true,"expansion_state":0,"options":{"engine":"r","label":"screeplot1","echo":false,"output":true,"dev":"png"},"document_id":"ECD70C74","chunk_id":"c7cyd8zm9hb33","chunk_label":"screeplot1"},{"row":273,"row_count":1,"visible":true,"expansion_state":0,"options":{"engine":"r","label":"contribacm1","echo":false,"output":true,"dev":"png"},"document_id":"ECD70C74","chunk_id":"cdh17y60c4e1z","chunk_label":"contribacm1"},{"row":289,"row_count":1,"visible":true,"expansion_state":0,"options":{"engine":"r","label":"contribacm2","echo":false,"output":true,"dev":"png"},"document_id":"ECD70C74","chunk_id":"cp60e65twr7ol","chunk_label":"contribacm2"},{"row":306,"row_count":1,"visible":true,"expansion_state":0,"options":{"engine":"r","label":"contribacm3","echo":false,"output":true,"dev":"png"},"document_id":"ECD70C74","chunk_id":"c3nahfqtnfykb","chunk_label":"contribacm3"},{"row":323,"row_count":1,"visible":true,"expansion_state":0,"options":{"engine":"r","label":"contribacm4","echo":false,"output":true,"dev":"png"},"document_id":"ECD70C74","chunk_id":"cqjgvwjoc9ybg","chunk_label":"contribacm4"},{"row":351,"row_count":1,"visible":true,"expansion_state":0,"options":{"engine":"r","label":"unnamed-chunk-73","echo":false,"fig.cap":null,"fig.align":"center","fig.width":5.5,"fig.height":5,"dev":"png"},"document_id":"ECD70C74","chunk_id":"cypag43g23o3s","chunk_label":"unnamed-chunk-1"},{"row":440,"row_count":1,"visible":true,"expansion_state":0,"options":{},"document_id":"ECD70C74","chunk_id":"cdwfuq7yyl81x","chunk_label":"unnamed-chunk-8"},{"row":782,"row_count":1,"visible":true,"expansion_state":0,"options":{"engine":"r","label":"ACM Sociodemográficas","message":false,"echo":false,"output":false,"dev":"png"},"document_id":"ECD70C74","chunk_id":"cmes9sx7oz4us","chunk_label":"ACM Sociodemográficas"},{"row":825,"row_count":1,"visible":true,"expansion_state":0,"options":{"engine":"r","label":"unnamed-chunk-94","echo":false,"dev":"png"},"document_id":"ECD70C74","chunk_id":"ciyshn7w6svx1","chunk_label":"unnamed-chunk-17"},{"row":873,"row_count":1,"visible":true,"expansion_state":0,"options":{"engine":"r","label":"ACM Economicas","message":false,"echo":false,"output":false,"dev":"png"},"document_id":"ECD70C74","chunk_id":"cqwn11r7a9e2e","chunk_label":"ACM Economicas"},{"row":913,"row_count":1,"visible":true,"expansion_state":0,"options":{"engine":"r","label":"unnamed-chunk-92","echo":false,"dev":"png"},"document_id":"ECD70C74","chunk_id":"c6r8sldwhaexn","chunk_label":"unnamed-chunk-19"},{"row":927,"row_count":1,"visible":true,"expansion_state":0,"options":{"engine":"r","label":"contribacm1Eco","echo":false,"output":true,"dev":"png"},"document_id":"ECD70C74","chunk_id":"cpmoz1hazvvys","chunk_label":"contribacm1Eco"},{"row":941,"row_count":1,"visible":true,"expansion_state":0,"options":{"engine":"r","label":"contribacm2 Eco","echo":false,"output":true,"dev":"png"},"document_id":"ECD70C74","chunk_id":"c6lv1nixcbi2z","chunk_label":"contribacm2 Eco"},{"row":964,"row_count":1,"visible":true,"expansion_state":0,"options":{"engine":"r","label":"ACM Delictivas","message":false,"echo":false,"output":false,"dev":"png"},"document_id":"ECD70C74","chunk_id":"c3tqll1qjebmr","chunk_label":"ACM Delictivas"},{"row":974,"row_count":1,"visible":true,"expansion_state":0,"options":{"engine":"r","label":"unnamed-chunk-88","echo":false,"fig.cap":null,"fig.align":"center","fig.width":5.5,"fig.height":5,"dev":"png"},"document_id":"ECD70C74","chunk_id":"c4v6350kc2suw","chunk_label":"unnamed-chunk-20"},{"row":1002,"row_count":1,"visible":true,"expansion_state":0,"options":{"engine":"r","label":"unnamed-chunk-85","echo":false,"dev":"png"},"document_id":"ECD70C74","chunk_id":"cxvokh9kg0w9p","chunk_label":"unnamed-chunk-21"},{"row":1016,"row_count":1,"visible":true,"expansion_state":0,"options":{"engine":"r","label":"contribacm1SDeli","echo":false,"output":true,"dev":"png"},"document_id":"ECD70C74","chunk_id":"ccczsvpfljcfh","chunk_label":"contribacm1SDeli"},{"row":1030,"row_count":1,"visible":true,"expansion_state":0,"options":{"engine":"r","label":"contribacm2 deli","echo":false,"output":true,"dev":"png"},"document_id":"ECD70C74","chunk_id":"coa5tp0ebvvpm","chunk_label":"contribacm2 deli"},{"row":1066,"row_count":1,"visible":true,"expansion_state":0,"options":{"engine":"r","label":"ACM Intra carcelaria","message":false,"echo":false,"output":false,"dev":"png"},"document_id":"ECD70C74","chunk_id":"ce7ytgboglokn","chunk_label":"ACM Intra carcelaria"},{"row":1104,"row_count":1,"visible":true,"expansion_state":0,"options":{"engine":"r","label":"unnamed-chunk-81","echo":false,"dev":"png"},"document_id":"ECD70C74","chunk_id":"cy5z1ft0wccri","chunk_label":"unnamed-chunk-23"},{"row":1117,"row_count":1,"visible":true,"expansion_state":0,"options":{"engine":"r","label":"contribacm1 Intra","echo":false,"output":true,"dev":"png"},"document_id":"ECD70C74","chunk_id":"cdxiao3xr9a6s","chunk_label":"contribacm1 Intra"},{"row":1131,"row_count":1,"visible":true,"expansion_state":0,"options":{"engine":"r","label":"contribacm2 Intra","echo":false,"output":true,"dev":"png"},"document_id":"ECD70C74","chunk_id":"c436rb611eayt","chunk_label":"contribacm2 Intra"},{"row":1155,"row_count":1,"visible":true,"expansion_state":0,"options":{"engine":"r","label":"ACM Expectativas","message":false,"echo":false,"output":false,"dev":"png"},"document_id":"ECD70C74","chunk_id":"c04cauwztgp1e","chunk_label":"ACM Expectativas"},{"row":1170,"row_count":1,"visible":true,"expansion_state":0,"options":{"engine":"r","label":"unnamed-chunk-76","echo":false,"fig.cap":null,"fig.align":"center","fig.width":5.5,"fig.height":5,"dev":"png"},"document_id":"ECD70C74","chunk_id":"cxpa0hxlxfb36","chunk_label":"unnamed-chunk-24"},{"row":1230,"row_count":1,"visible":true,"expansion_state":0,"options":{"engine":"r","label":"contribacm2 Sali","echo":false,"output":true,"dev":"png"},"document_id":"ECD70C74","chunk_id":"c2sqlw3tzzbiw","chunk_label":"contribacm2 Sali"}],"doc_write_time":1725760897,"chunk_rendered_width":446}