{"chunk_definitions":[{"row":40,"row_count":1,"visible":true,"expansion_state":0,"options":{"engine":"r","label":"carga-librerias","message":false,"echo":true,"output":false,"dev":"png"},"document_id":"AC3EADBB","chunk_id":"cqnav4zd60juq","chunk_label":"carga-librerias"},{"row":62,"row_count":1,"visible":true,"expansion_state":0,"options":{"engine":"r","label":"Seleccion-variables","echo":false,"warning":false,"output":false,"dev":"png"},"document_id":"AC3EADBB","chunk_id":"ck2rj51aq9cm0","chunk_label":"Seleccion-variables"},{"row":106,"row_count":1,"visible":true,"expansion_state":0,"options":{"engine":"r","label":"Correlaciones","title":"Correlaciones","echo":false,"warning":false,"dev":"png"},"document_id":"AC3EADBB","chunk_id":"cq52a68hybx5q","chunk_label":"Correlaciones"},{"row":145,"row_count":1,"visible":true,"expansion_state":0,"options":{"engine":"r","label":"unnamed-chunk-58","title":"ACP de las variables cuantitativas","echo":true,"output":true,"dev":"png"},"document_id":"AC3EADBB","chunk_id":"cd4ru2w58pou5","chunk_label":"unnamed-chunk-1"},{"row":197,"row_count":1,"visible":true,"expansion_state":0,"options":{"engine":"r","label":"Valores propios","echo":false,"dev":"png"},"document_id":"43F3CBC2","chunk_id":"cyjmjyblnf7gy","chunk_label":"Valores propios"},{"row":754,"row_count":1,"visible":true,"expansion_state":0,"options":{"engine":"r","label":"unnamed-chunk-25","echo":false,"dev":"png"},"document_id":"AC3EADBB","chunk_id":"ck6n0y4cm7i7l","chunk_label":"unnamed-chunk-24"},{"row":684,"row_count":1,"visible":true,"expansion_state":0,"options":{"engine":"r","label":"unnamed-chunk-59","echo":false,"dev":"png"},"document_id":"5207B184","chunk_id":"cdlgq8qu8bju7","chunk_label":"unnamed-chunk-23"},{"row":1468,"row_count":1,"visible":true,"expansion_state":0,"options":{"engine":"r","label":"Seleccion-variables3","echo":false,"warning":false,"output":false,"dev":"png"},"document_id":"43F3CBC2","chunk_id":"csjqdajofweuz","chunk_label":"unnamed-chunk-69"},{"row":912,"row_count":1,"visible":true,"expansion_state":0,"options":{"engine":"r","label":"unnamed-chunk-64","echo":false,"dev":"png"},"document_id":"5207B184","chunk_id":"csiab2aaqb9ks","chunk_label":"unnamed-chunk-37"},{"row":894,"row_count":1,"visible":true,"expansion_state":0,"options":{"engine":"r","label":"unnamed-chunk-63","echo":false,"dev":"png"},"document_id":"5207B184","chunk_id":"clbp1t07wj7w6","chunk_label":"unnamed-chunk-35"},{"row":1221,"row_count":1,"visible":true,"expansion_state":0,"options":{"engine":"r","label":"unnamed-chunk-79","echo":false,"dev":"png"},"document_id":"43F3CBC2","chunk_id":"ca6gb0wv4vira","chunk_label":"unnamed-chunk-64"},{"row":1211,"row_count":1,"visible":true,"expansion_state":0,"options":{"engine":"r","label":"unnamed-chunk-78","echo":false,"dev":"png"},"document_id":"5207B184","chunk_id":"cp6e136ugjdjz","chunk_label":"unnamed-chunk-63"},{"row":860,"row_count":1,"visible":true,"expansion_state":0,"options":{"engine":"r","label":"unnamed-chunk-62","echo":false,"dev":"png"},"document_id":"5207B184","chunk_id":"c6efe35b98l8s","chunk_label":"unnamed-chunk-34"},{"row":1203,"row_count":1,"visible":true,"expansion_state":0,"options":{"engine":"r","label":"unnamed-chunk-77","echo":false,"dev":"png"},"document_id":"5207B184","chunk_id":"c2uoxol89lpv1","chunk_label":"unnamed-chunk-62"},{"row":1110,"row_count":1,"visible":true,"expansion_state":0,"options":{"engine":"r","label":"unnamed-chunk-70","echo":false,"dev":"png"},"document_id":"5207B184","chunk_id":"cbzkbb5wvomby","chunk_label":"unnamed-chunk-55"},{"row":1694,"row_count":1,"visible":true,"expansion_state":0,"options":{"engine":"r","label":"individuos62 ACP4","echo":false,"dev":"png"},"document_id":"43F3CBC2","chunk_id":"c1tx7gbilyw4l","chunk_label":"individuos63 ACP4"},{"row":829,"row_count":1,"visible":true,"expansion_state":0,"options":{"engine":"r","label":"unnamed-chunk-31","echo":false,"dev":"png"},"document_id":"43F3CBC2","chunk_id":"c4kjo4defa4u2","chunk_label":"unnamed-chunk-31"},{"row":995,"row_count":1,"visible":true,"expansion_state":0,"options":{"engine":"r","label":"unnamed-chunk-66","echo":false,"dev":"png"},"document_id":"5207B184","chunk_id":"cbh83tffvgdi9","chunk_label":"unnamed-chunk-44"},{"row":1092,"row_count":1,"visible":true,"expansion_state":0,"options":{"engine":"r","label":"unnamed-chunk-69","echo":false,"dev":"png"},"document_id":"5207B184","chunk_id":"cxv7eyzad4z76","chunk_label":"unnamed-chunk-53"},{"row":1674,"row_count":1,"visible":true,"expansion_state":0,"options":{"engine":"r","label":"individuos61 ACP4","echo":false,"dev":"png"},"document_id":"43F3CBC2","chunk_id":"csg94u073ysx0","chunk_label":"individuos62 ACP4"},{"row":1627,"row_count":1,"visible":true,"expansion_state":0,"options":{"engine":"r","label":"unnamed-chunk-20","title":"AC 4 Ejes 6-2","echo":false,"dev":"png"},"document_id":"43F3CBC2","chunk_id":"cytg410bghmyv","chunk_label":"unnamed-chunk-75"},{"row":798,"row_count":1,"visible":true,"expansion_state":0,"options":{"engine":"r","label":"unnamed-chunk-61","echo":false,"dev":"png"},"document_id":"43F3CBC2","chunk_id":"c77cgfctlkmrw","chunk_label":"unnamed-chunk-28"},{"row":1079,"row_count":1,"visible":true,"expansion_state":0,"options":{"engine":"r","label":"unnamed-chunk-75","echo":false,"dev":"png"},"document_id":"5207B184","chunk_id":"cp8u5q6rn7nmw","chunk_label":"unnamed-chunk-52"},{"row":1157,"row_count":1,"visible":true,"expansion_state":0,"options":{"engine":"r","label":"unnamed-chunk-76","echo":false,"dev":"png"},"document_id":"5207B184","chunk_id":"c85n26jk35o6a","chunk_label":"unnamed-chunk-58"},{"row":1373,"row_count":1,"visible":true,"expansion_state":0,"options":{"engine":"r","label":"unnamed-chunk-11","title":"ACP2 Ejes 1-2","echo":false,"dev":"png"},"document_id":"43F3CBC2","chunk_id":"cllsf775ch3co","chunk_label":"unnamed-chunk-67"},{"row":1532,"row_count":1,"visible":true,"expansion_state":0,"options":{"engine":"r","label":"unnamed-chunk-18","title":"ACP3 Ejes 1-2","echo":false,"dev":"png"},"document_id":"43F3CBC2","chunk_id":"cvwgwgjvd97q1","chunk_label":"unnamed-chunk-71"},{"row":1617,"row_count":1,"visible":true,"expansion_state":0,"options":{"engine":"r","label":"unnamed-chunk-19","title":"ACP4 Ejes 6-1","echo":false,"dev":"png"},"document_id":"43F3CBC2","chunk_id":"cgnf7f64gf3k8","chunk_label":"unnamed-chunk-74"},{"row":1505,"row_count":1,"visible":true,"expansion_state":0,"options":{"engine":"r","label":"varianza ACP3","echo":false,"dev":"png"},"document_id":"43F3CBC2","chunk_id":"czzdzpg52vq4s","chunk_label":"Valores propios3"},{"row":780,"row_count":1,"visible":true,"expansion_state":0,"options":{"engine":"r","label":"unnamed-chunk-60","echo":false,"dev":"png"},"document_id":"5207B184","chunk_id":"cpl0a45bbna5a","chunk_label":"unnamed-chunk-26"},{"row":962,"row_count":1,"visible":true,"expansion_state":0,"options":{"engine":"r","label":"unnamed-chunk-65","echo":false,"dev":"png"},"document_id":"5207B184","chunk_id":"cg4y23upmxsjx","chunk_label":"unnamed-chunk-41"},{"row":1061,"row_count":1,"visible":true,"expansion_state":0,"options":{"engine":"r","label":"unnamed-chunk-74","echo":false,"dev":"png"},"document_id":"5207B184","chunk_id":"ca4eyc878clwf","chunk_label":"unnamed-chunk-50"},{"row":1139,"row_count":1,"visible":true,"expansion_state":0,"options":{"engine":"r","label":"unnamed-chunk-73","echo":false,"dev":"png"},"document_id":"5207B184","chunk_id":"cq7unf9cdi7yu","chunk_label":"unnamed-chunk-56"},{"row":1652,"row_count":1,"visible":true,"expansion_state":0,"options":{"engine":"r","label":"unnamed-chunk-19","title":"ACP 4 Ejes 6-3","echo":false,"dev":"png"},"document_id":"43F3CBC2","chunk_id":"ccobbzt44pjrz","chunk_label":"individuos61 ACP4"}],"doc_write_time":1725845097,"chunk_rendered_width":470}