{"chunk_definitions":[{"row":37,"row_count":1,"visible":true,"expansion_state":0,"options":{"engine":"r","label":"carga-librerias","message":false,"echo":false,"output":false,"dev":"png"},"document_id":"ECD70C74","chunk_id":"cfthxxan8dkpa","chunk_label":"carga-librerias"},{"row":137,"row_count":1,"visible":true,"expansion_state":0,"options":{"engine":"r","label":"Tabla-Burt","echo":false,"warning":false,"output":false,"dev":"png"},"document_id":"ECD70C74","chunk_id":"c3b4rpql0da6a","chunk_label":"Tabla-Burt"},{"row":218,"row_count":1,"visible":true,"expansion_state":0,"options":{"engine":"r","label":"unnamed-chunk-159","dev":"png"},"document_id":"ECD70C74","chunk_id":"c01sl8aut8555","chunk_label":"unnamed-chunk-6"},{"row":277,"row_count":1,"visible":true,"expansion_state":0,"options":{"engine":"r","label":"unnamed-chunk-191","echo":false,"fig.cap":null,"fig.align":"center","fig.width":5.5,"fig.height":5,"dev":"png"},"document_id":"ECD70C74","chunk_id":"c16eoz0oe70uo","chunk_label":"unnamed-chunk-7"},{"row":304,"row_count":1,"visible":true,"expansion_state":0,"options":{"engine":"r","label":"unnamed-chunk-158","dev":"png"},"document_id":"ECD70C74","chunk_id":"cdoh8modxkd3l","chunk_label":"unnamed-chunk-8"},{"row":363,"row_count":1,"visible":true,"expansion_state":0,"options":{"engine":"r","label":"unnamed-chunk-157","dev":"png"},"document_id":"ECD70C74","chunk_id":"cljiiq40zqy9c","chunk_label":"unnamed-chunk-10"},{"row":421,"row_count":1,"visible":true,"expansion_state":0,"options":{"engine":"r","label":"unnamed-chunk-156","dev":"png"},"document_id":"ECD70C74","chunk_id":"ch8u2l4u6vp07","chunk_label":"unnamed-chunk-12"},{"row":492,"row_count":1,"visible":true,"expansion_state":0,"options":{"engine":"r","label":"unnamed-chunk-155","dev":"png"},"document_id":"ECD70C74","chunk_id":"cvj2cfeqbdhmj","chunk_label":"unnamed-chunk-14"},{"row":559,"row_count":1,"visible":true,"expansion_state":0,"options":{"engine":"r","label":"unnamed-chunk-152","dev":"png"},"document_id":"ECD70C74","chunk_id":"c91tghv49g1m2","chunk_label":"unnamed-chunk-16"}],"doc_write_time":1725511696,"chunk_rendered_width":454}